ISO-10303-21;
HEADER;
FILE_DESCRIPTION (( 'STEP AP214' ),
    '1' );
FILE_NAME ('Ö§¼Üµ××ù.STEP',
    '2024-11-02T07:34:01',
    ( '' ),
    ( '' ),
    'SwSTEP 2.0',
    'SolidWorks 2024',
    '' );
FILE_SCHEMA (( 'AUTOMOTIVE_DESIGN' ));
ENDSEC;

DATA;
#1 = CARTESIAN_POINT ( 'NONE',  ( 22.20000000000000284, 9.999999990654039550, 14.99999999999999645 ) ) ;
#2 = CARTESIAN_POINT ( 'NONE',  ( 0.002242488275681775965, 2.500000000000000000, 22.50000001869192090 ) ) ;
#3 = CARTESIAN_POINT ( 'NONE',  ( -31.74799147387506792, 10.00000000000000000, -31.74802153426628593 ) ) ;
#4 = B_SPLINE_CURVE_WITH_KNOTS ( 'NONE', 3,
 ( #524, #504, #130, #1342, #1327, #677, #1834, #1027, #1529, #844, #2172, #2020, #1167, #2000, #165, #854, #478, #1865, #2010, #152, #1156, #1874, #2040, #1496, #993, #319, #1519, #1672, #823, #2196, #1843, #658, #1855, #492 ),
 .UNSPECIFIED., .F., .F.,
 ( 4, 2, 2, 2, 2, 2, 2, 2, 2, 2, 2, 2, 2, 2, 2, 2, 4 ),
 ( 0.000000000000000000, 0.009994167504540471883, 0.01249270938067559289, 0.01499125125681071737, 0.01624052219487827353, 0.01748979313294583490, 0.01873906407101339280, 0.01936369954004716828, 0.01998833500908094377, 0.02061297047811471578, 0.02123760594714849473, 0.02248687688521604569, 0.02373614782328358971, 0.02498541876135114068, 0.02998250251362134799, 0.03497958626589155878, 0.03997667001816176957 ),
 .UNSPECIFIED. ) ;
#5 = DIRECTION ( 'NONE',  ( 1.000000000000000000, 0.000000000000000000, 0.000000000000000000 ) ) ;
#6 = LINE ( 'NONE', #682, #2147 ) ;
#7 = AXIS2_PLACEMENT_3D ( 'NONE', #221, #2049, #1061 ) ;
#8 = ORIENTED_EDGE ( 'NONE', *, *, #2087, .F. ) ;
#9 = VECTOR ( 'NONE', #1387, 1000.000000000000000 ) ;
#10 = CARTESIAN_POINT ( 'NONE',  ( -0.6672989526654888870, 7.500000000000001776, 37.50000000000000000 ) ) ;
#11 = SURFACE_STYLE_FILL_AREA ( #1576 ) ;
#12 =( GEOMETRIC_REPRESENTATION_CONTEXT ( 3 ) GLOBAL_UNCERTAINTY_ASSIGNED_CONTEXT ( ( #1058 ) ) GLOBAL_UNIT_ASSIGNED_CONTEXT ( ( #547, #1379, #559 ) ) REPRESENTATION_CONTEXT ( 'NONE', 'WORKASPACE' ) );
#13 = LINE ( 'NONE', #1539, #689 ) ;
#14 = CARTESIAN_POINT ( 'NONE',  ( -34.94121619992973393, 2.499999999999998224, 22.22536321769329959 ) ) ;
#15 = CARTESIAN_POINT ( 'NONE',  ( 20.00000000000000000, 15.00000000000000000, 18.50103769719801505 ) ) ;
#16 = CARTESIAN_POINT ( 'NONE',  ( -19.81316792633997537, -0.000000000000000000, 9.003275976509643286 ) ) ;
#17 = EDGE_CURVE ( 'NONE', #1871, #1964, #25, .T. ) ;
#18 = EDGE_LOOP ( 'NONE', ( #395, #757, #2086, #1046 ) ) ;
#19 = CARTESIAN_POINT ( 'NONE',  ( -17.09293504970708000, 2.500000000000002220, 36.38695379274622610 ) ) ;
#20 = CARTESIAN_POINT ( 'NONE',  ( -19.81415041753540862, -0.000000000000000000, -8.975854175617152819 ) ) ;
#21 = PLANE ( 'NONE',  #806 ) ;
#22 = CARTESIAN_POINT ( 'NONE',  ( -18.54047131188483277, 0.000000000000000000, 16.03999868457928457 ) ) ;
#23 = FACE_OUTER_BOUND ( 'NONE', #569, .T. ) ;
#24 = CARTESIAN_POINT ( 'NONE',  ( -22.50000000058769700, 7.500000000000000000, 0.006664490825390041381 ) ) ;
#25 = LINE ( 'NONE', #1243, #405 ) ;
#26 = CARTESIAN_POINT ( 'NONE',  ( -15.78861499370206722, 2.499999999999996003, 36.63383901908698448 ) ) ;
#27 = CARTESIAN_POINT ( 'NONE',  ( -3.914179053409542863, 2.499999999999999556, -22.49570054840648226 ) ) ;
#28 = CARTESIAN_POINT ( 'NONE',  ( -31.74799147387506792, 2.500000000000000000, 37.50000000000000711 ) ) ;
#29 = B_SPLINE_CURVE_WITH_KNOTS ( 'NONE', 3,
 ( #1312, #1996, #1150, #1829, #135, #1322, #486, #1196, #519, #1870, #2203, #170, #1022, #1684, #683, #1356, #858, #1525, #2033, #1284, #1454, #2128, #1614, #1769, #420, #407, #934, #1804, #1578, #745, #1442, #795, #1259, #94, #601, #1952 ),
 .UNSPECIFIED., .F., .F.,
 ( 4, 2, 2, 2, 2, 2, 2, 2, 2, 2, 2, 2, 2, 2, 2, 2, 2, 4 ),
 ( 0.000000000000000000, 0.007612207717987143005, 0.01141831157698071364, 0.01332136350647749982, 0.01522441543597428254, 0.01903051929496784103, 0.02283662315396139952, 0.02664272701295495802, 0.02854577894245174594, 0.03044883087194853039, 0.03425493473094211316, 0.03615798666043890802, 0.03806103858993570288, 0.04186714244892928566, 0.04567324630792286844, 0.04947935016691645815, 0.05328545402591004093, 0.06089766174389721343 ),
 .UNSPECIFIED. ) ;
#30 = FACE_OUTER_BOUND ( 'NONE', #1070, .T. ) ;
#31 = CARTESIAN_POINT ( 'NONE',  ( -37.50184509443722902, 7.500000000000004441, 2.423518659434562572 ) ) ;
#32 = EDGE_LOOP ( 'NONE', ( #1283, #859, #1553, #238 ) ) ;
#33 = CARTESIAN_POINT ( 'NONE',  ( -19.10552904807416752, 10.00000000000000000, 14.23943524353550494 ) ) ;
#34 = CYLINDRICAL_SURFACE ( 'NONE', #176, 5.000000000000000888 ) ;
#35 = CARTESIAN_POINT ( 'NONE',  ( -19.12706608728598212, 10.00000000000000000, -14.14068299506060455 ) ) ;
#36 = CARTESIAN_POINT ( 'NONE',  ( 40.00000000000000000, 15.00000000000000000, 18.50103769719801505 ) ) ;
#37 = ORIENTED_EDGE ( 'NONE', *, *, #1721, .T. ) ;
#38 = CARTESIAN_POINT ( 'NONE',  ( -5.619104071191546090, 7.500000000000000888, 37.46463877810526810 ) ) ;
#39 = FILL_AREA_STYLE_COLOUR ( '', #1510 ) ;
#40 = ORIENTED_EDGE ( 'NONE', *, *, #201, .F. ) ;
#41 = CARTESIAN_POINT ( 'NONE',  ( 22.50000000000000355, 9.999999990654039550, 14.99999999999999645 ) ) ;
#42 = FACE_OUTER_BOUND ( 'NONE', #771, .T. ) ;
#43 = EDGE_LOOP ( 'NONE', ( #1588, #247, #2025, #1453 ) ) ;
#44 = CARTESIAN_POINT ( 'NONE',  ( -2.990420862116506928, 10.00000000000000000, 20.00002933701003371 ) ) ;
#45 = CARTESIAN_POINT ( 'NONE',  ( 0.000000000000000000, 0.000000000000000000, -39.99999999999989342 ) ) ;
#46 = VECTOR ( 'NONE', #649, 1000.000000000000000 ) ;
#47 = EDGE_CURVE ( 'NONE', #1348, #2131, #1232, .T. ) ;
#48 = CARTESIAN_POINT ( 'NONE',  ( -10.86072500535612129, -0.000000000000000000, 19.65709708503978348 ) ) ;
#49 = CARTESIAN_POINT ( 'NONE',  ( -19.68832846410170490, 10.00000000000000000, 38.37022890233612316 ) ) ;
#50 = EDGE_LOOP ( 'NONE', ( #1012, #1187, #550, #576 ) ) ;
#51 = CARTESIAN_POINT ( 'NONE',  ( -19.20492905540502804, 7.500000000000000000, 19.54065047050044157 ) ) ;
#52 = CARTESIAN_POINT ( 'NONE',  ( -11.90031293589497352, 2.499999999999999556, -22.05496041517136874 ) ) ;
#53 = ORIENTED_EDGE ( 'NONE', *, *, #390, .T. ) ;
#54 = CARTESIAN_POINT ( 'NONE',  ( -39.99885185340385618, 10.00000000000000178, 4.670184259109666058 ) ) ;
#55 = DIRECTION ( 'NONE',  ( -1.000000000000000000, 0.000000000000000000, -0.000000000000000000 ) ) ;
#56 = CARTESIAN_POINT ( 'NONE',  ( -37.50184509443722902, 2.500000000000004885, 2.423518659434562572 ) ) ;
#57 = ORIENTED_EDGE ( 'NONE', *, *, #201, .T. ) ;
#58 = CARTESIAN_POINT ( 'NONE',  ( 35.70000000000000284, -9.193499201483760430, 17.54467126683525535 ) ) ;
#59 = CARTESIAN_POINT ( 'NONE',  ( -15.94170275016808525, 10.00000000000000000, 18.57830146202416444 ) ) ;
#60 = CARTESIAN_POINT ( 'NONE',  ( -20.86803224268036061, 2.499999999999999556, 16.95589931590691890 ) ) ;
#61 = CARTESIAN_POINT ( 'NONE',  ( -22.50454509606538878, 2.499999999999999556, -3.108412136214153687 ) ) ;
#62 = VECTOR ( 'NONE', #899, 1000.000000000000114 ) ;
#63 = FACE_OUTER_BOUND ( 'NONE', #1493, .T. ) ;
#64 = DIRECTION ( 'NONE',  ( -1.000000000000000000, 0.000000000000000000, 0.000000000000000000 ) ) ;
#65 = CARTESIAN_POINT ( 'NONE',  ( -18.70911095811979408, 2.500000000000000444, -19.94541270304319625 ) ) ;
#66 = ORIENTED_EDGE ( 'NONE', *, *, #47, .T. ) ;
#67 = CARTESIAN_POINT ( 'NONE',  ( -29.37594347743084455, 8.673617379884035472E-15, 33.87604132617425989 ) ) ;
#68 = CARTESIAN_POINT ( 'NONE',  ( -27.28047769447308113, 2.499999999999995115, -32.28736632685069452 ) ) ;
#69 = ORIENTED_EDGE ( 'NONE', *, *, #947, .T. ) ;
#70 = CARTESIAN_POINT ( 'NONE',  ( 0.000000000000000000, 7.500000000000000000, 37.50000000000000711 ) ) ;
#71 = CARTESIAN_POINT ( 'NONE',  ( -22.50000000058769700, 7.500000000000000000, 0.006664490825390041381 ) ) ;
#72 = CARTESIAN_POINT ( 'NONE',  ( 20.00000000000000355, 0.000000000000000000, 20.00000001869192090 ) ) ;
#73 = CARTESIAN_POINT ( 'NONE',  ( -5.629341285877812240, 2.500000000000000000, -22.47673189163808516 ) ) ;
#74 = EDGE_CURVE ( 'NONE', #1323, #1981, #1032, .T. ) ;
#75 = CARTESIAN_POINT ( 'NONE',  ( -31.74799147387506792, 0.000000000000000000, -31.74802153426628593 ) ) ;
#76 = CARTESIAN_POINT ( 'NONE',  ( -15.66275514564815730, 7.500000000000003553, 21.30576688969258115 ) ) ;
#77 = CARTESIAN_POINT ( 'NONE',  ( -19.41062223786348540, 2.500000000000001332, -19.33741523170680310 ) ) ;
#78 = ORIENTED_EDGE ( 'NONE', *, *, #1714, .F. ) ;
#79 = CARTESIAN_POINT ( 'NONE',  ( -40.00119527118425111, 10.00000000000000000, 1.569363616401953321 ) ) ;
#80 = LINE ( 'NONE', #1627, #1745 ) ;
#81 = ORIENTED_EDGE ( 'NONE', *, *, #1411, .F. ) ;
#82 = CARTESIAN_POINT ( 'NONE',  ( -33.19795484357741344, 2.499999999999994671, 25.81192336326323300 ) ) ;
#83 = CARTESIAN_POINT ( 'NONE',  ( 40.00000000000000000, 10.00000000000000000, 37.50000000000000711 ) ) ;
#84 = AXIS2_PLACEMENT_3D ( 'NONE', #666, #502, #1175 ) ;
#85 = CARTESIAN_POINT ( 'NONE',  ( -19.43331697480071796, 2.500000000000000000, 19.31313411585828987 ) ) ;
#86 = CARTESIAN_POINT ( 'NONE',  ( -20.86822401552405637, 2.499999999999998668, -16.95299758411239921 ) ) ;
#87 = EDGE_CURVE ( 'NONE', #1313, #487, #2062, .T. ) ;
#88 = CARTESIAN_POINT ( 'NONE',  ( -31.68826503990994325, 7.500000000000000000, -28.10217693525832416 ) ) ;
#89 = EDGE_CURVE ( 'NONE', #1981, #1427, #1881, .T. ) ;
#90 = CARTESIAN_POINT ( 'NONE',  ( -8.293720225936532131, 7.500000000000001776, 22.38287490471413932 ) ) ;
#91 = CARTESIAN_POINT ( 'NONE',  ( -19.09100827703211678, 2.500000000000000000, -19.63818438104709685 ) ) ;
#92 = ORIENTED_EDGE ( 'NONE', *, *, #1314, .F. ) ;
#93 = ADVANCED_FACE ( 'NONE', ( #180 ), #1534, .F. ) ;
#94 = CARTESIAN_POINT ( 'NONE',  ( -37.50178071538152125, 2.500000000000000000, -5.088321440598262413 ) ) ;
#95 = CARTESIAN_POINT ( 'NONE',  ( -29.18283781338080729, 7.500000000000005329, -30.78353189692466430 ) ) ;
#96 = ORIENTED_EDGE ( 'NONE', *, *, #1960, .F. ) ;
#97 = CARTESIAN_POINT ( 'NONE',  ( -15.18552355544585630, 7.499999999999998224, 36.73369523599327380 ) ) ;
#98 = CARTESIAN_POINT ( 'NONE',  ( -17.90373848881060326, 10.00000000000000000, -17.29552694798186607 ) ) ;
#99 = CARTESIAN_POINT ( 'NONE',  ( -22.18385991490838549, 7.500000000000000000, 10.77357026171944021 ) ) ;
#100 = CARTESIAN_POINT ( 'NONE',  ( -29.63858856292124244, 10.00000000000000000, -33.77154584013355532 ) ) ;
#101 = LINE ( 'NONE', #754, #1361 ) ;
#102 = CARTESIAN_POINT ( 'NONE',  ( -17.05361165404561063, 10.00000000000000000, -38.97762941599560094 ) ) ;
#103 = CARTESIAN_POINT ( 'NONE',  ( -16.72179814426856836, 7.500000000000000000, -20.95208801502655405 ) ) ;
#104 = VERTEX_POINT ( 'NONE', #427 ) ;
#105 = CARTESIAN_POINT ( 'NONE',  ( -39.55357087834293850, 8.673617379884035472E-15, 13.47334188120067644 ) ) ;
#106 = CARTESIAN_POINT ( 'NONE',  ( -39.55357087834293850, 0.000000000000000000, 13.47334188120067644 ) ) ;
#107 = ORIENTED_EDGE ( 'NONE', *, *, #390, .F. ) ;
#108 = CARTESIAN_POINT ( 'NONE',  ( -13.21238455416307644, 2.500000000000001776, 37.00201860353429595 ) ) ;
#109 = LINE ( 'NONE', #801, #46 ) ;
#110 = CARTESIAN_POINT ( 'NONE',  ( -36.26997358569592933, 7.499999999999996447, -17.72373804318123902 ) ) ;
#111 = DIRECTION ( 'NONE',  ( 1.000000000000000000, 0.000000000000000000, 0.000000000000000000 ) ) ;
#112 = ORIENTED_EDGE ( 'NONE', *, *, #1015, .T. ) ;
#113 = CARTESIAN_POINT ( 'NONE',  ( -5.629341285877824674, 7.500000000000000000, -22.47673189163808516 ) ) ;
#114 = CARTESIAN_POINT ( 'NONE',  ( -0.9898152369532600137, 0.000000000000000000, 39.99999999999999289 ) ) ;
#115 = B_SPLINE_CURVE_WITH_KNOTS ( 'NONE', 3,
 ( #1956, #1306, #1772, #435, #1786, #1478, #639, #966, #626, #1991, #1629, #469, #1820, #1113, #617, #296, #1296, #1982, #1639, #263, #955, #1618, #1592, #97, #459, #785, #2132, #761, #1287, #1135, #1809, #286, #975, #70 ),
 .UNSPECIFIED., .F., .F.,
 ( 4, 2, 2, 2, 2, 2, 2, 2, 2, 2, 2, 2, 2, 2, 2, 2, 4 ),
 ( 0.000000000000000000, 0.007927956655620876925, 0.01585591331124175385, 0.01981989163905219231, 0.02378386996686263424, 0.02576585913076785000, 0.02774784829467306924, 0.03171182662248349382, 0.03567580495029392534, 0.03765779411419913764, 0.03963978327810434993, 0.04756773993372524073, 0.04954972909763046690, 0.05153171826153568613, 0.05549569658934612459, 0.05945967491715656306, 0.06342365324496700152 ),
 .UNSPECIFIED. ) ;
#116 = ORIENTED_EDGE ( 'NONE', *, *, #1345, .F. ) ;
#117 = CARTESIAN_POINT ( 'NONE',  ( -26.35660098502849280, 2.500000000000003109, 32.86839681584877582 ) ) ;
#118 = CARTESIAN_POINT ( 'NONE',  ( -23.12197959208561215, 0.000000000000000000, -37.33390167528362014 ) ) ;
#119 = VECTOR ( 'NONE', #2028, 1000.000000000000000 ) ;
#120 = VECTOR ( 'NONE', #1068, 1000.000000000000000 ) ;
#121 = CARTESIAN_POINT ( 'NONE',  ( -2.070226205649405848, 0.000000000000000000, -20.00157094135792235 ) ) ;
#122 = EDGE_CURVE ( 'NONE', #1377, #391, #930, .T. ) ;
#123 = VECTOR ( 'NONE', #1852, 1000.000000000000114 ) ;
#124 = DIRECTION ( 'NONE',  ( 0.000000000000000000, 0.000000000000000000, -1.000000000000000000 ) ) ;
#125 = CARTESIAN_POINT ( 'NONE',  ( 20.00000000000000355, 10.00000000000000000, 19.99999999999999645 ) ) ;
#126 = VECTOR ( 'NONE', #889, 1000.000000000000000 ) ;
#127 = VERTEX_POINT ( 'NONE', #1622 ) ;
#128 = CARTESIAN_POINT ( 'NONE',  ( -22.01951534221681328, 7.500000000000001776, -12.42768262471544460 ) ) ;
#129 = CARTESIAN_POINT ( 'NONE',  ( -32.37871801523812110, 7.500000000000008882, -27.14673175737991073 ) ) ;
#130 = CARTESIAN_POINT ( 'NONE',  ( -22.51954581395138177, 2.499999999999999556, 6.673822612151161238 ) ) ;
#131 = CARTESIAN_POINT ( 'NONE',  ( -2.576382429930502926, 20.00000000000000000, -7.582066662661627099 ) ) ;
#132 = CARTESIAN_POINT ( 'NONE',  ( -14.91894608521397636, 2.500000000000000000, 21.50002266400637652 ) ) ;
#133 = APPLICATION_PROTOCOL_DEFINITION ( 'draft international standard', 'automotive_design', 1998, #313 ) ;
#134 = CARTESIAN_POINT ( 'NONE',  ( -12.03232920489914015, 10.00000000000000000, -19.55123601076941853 ) ) ;
#135 = CARTESIAN_POINT ( 'NONE',  ( -12.64677330085405416, 2.500000000000001776, -37.07581127422486844 ) ) ;
#136 = EDGE_LOOP ( 'NONE', ( #1929, #1202, #1759, #234 ) ) ;
#137 = CARTESIAN_POINT ( 'NONE',  ( -16.81117408587637740, 7.500000000000000000, -20.92198597501880641 ) ) ;
#138 = CARTESIAN_POINT ( 'NONE',  ( -37.42882605325686285, 7.499999999999999112, -7.043136033376484306 ) ) ;
#139 = CARTESIAN_POINT ( 'NONE',  ( 22.20000000000000284, 20.00000000000000000, 9.019106577989395745 ) ) ;
#140 = DIRECTION ( 'NONE',  ( 0.000000000000000000, 0.000000000000000000, 1.000000000000000000 ) ) ;
#141 = CARTESIAN_POINT ( 'NONE',  ( -9.016234837049141859, -0.000000000000000000, -19.81228963085208505 ) ) ;
#142 = CARTESIAN_POINT ( 'NONE',  ( 37.50000000000000000, 15.00000000000000000, 18.50103769719801505 ) ) ;
#143 = CARTESIAN_POINT ( 'NONE',  ( -29.63858856292124244, 10.00000000000000000, -33.77154584013355532 ) ) ;
#144 = ADVANCED_BREP_SHAPE_REPRESENTATION ( '\X2\652f67b65e955ea7\X0\', ( #1850, #1824, #265 ), #627 ) ;
#145 = CARTESIAN_POINT ( 'NONE',  ( -17.38337988001658729, 10.00000000000000000, -17.83917598770275958 ) ) ;
#146 = CARTESIAN_POINT ( 'NONE',  ( -21.04313018062242691, 2.500000000000000444, -16.46543763072245170 ) ) ;
#147 = EDGE_LOOP ( 'NONE', ( #112, #2138, #948, #347 ) ) ;
#148 = CARTESIAN_POINT ( 'NONE',  ( -0.9898152369532600137, 8.673617379884035472E-15, 39.99999999999999289 ) ) ;
#149 = CARTESIAN_POINT ( 'NONE',  ( -37.10179028532427736, 2.499999999999999556, -12.27405081849796709 ) ) ;
#150 = CARTESIAN_POINT ( 'NONE',  ( -17.07448449635929677, 0.000000000000000000, -18.15910358209337616 ) ) ;
#151 = EDGE_CURVE ( 'NONE', #104, #356, #101, .T. ) ;
#152 = CARTESIAN_POINT ( 'NONE',  ( -18.71493124510294237, 2.500000000000000444, 19.93496587435425482 ) ) ;
#153 = CARTESIAN_POINT ( 'NONE',  ( -4.670184259068210331, 0.000000000000000000, -39.99885185340452409 ) ) ;
#154 = CARTESIAN_POINT ( 'NONE',  ( -17.28561488631602572, 7.500000000000000000, 20.72485602657282300 ) ) ;
#155 = PLANE ( 'NONE',  #1703 ) ;
#156 = CARTESIAN_POINT ( 'NONE',  ( -2.499999999999998668, 2.500000000000000000, -31.74802153426628593 ) ) ;
#157 = DIRECTION ( 'NONE',  ( -0.000000000000000000, 0.000000000000000000, 1.000000000000000000 ) ) ;
#158 = CARTESIAN_POINT ( 'NONE',  ( -21.62283632437764425, 7.500000000000000000, -14.39716627792232551 ) ) ;
#159 = EDGE_CURVE ( 'NONE', #2102, #556, #439, .T. ) ;
#160 = EDGE_CURVE ( 'NONE', #1923, #741, #255, .T. ) ;
#161 = ORIENTED_EDGE ( 'NONE', *, *, #1803, .T. ) ;
#162 = CARTESIAN_POINT ( 'NONE',  ( -6.412221231902804242, 8.673617379884035472E-15, 39.97690603274462973 ) ) ;
#163 = CARTESIAN_POINT ( 'NONE',  ( -36.78276829353095678, 7.500000000000002665, -14.86551996288956090 ) ) ;
#164 = EDGE_CURVE ( 'NONE', #1889, #1802, #916, .T. ) ;
#165 = CARTESIAN_POINT ( 'NONE',  ( -19.90298406880715021, 2.500000000000000444, 18.75834968710062611 ) ) ;
#166 = VECTOR ( 'NONE', #812, 1000.000000000000000 ) ;
#167 = EDGE_CURVE ( 'NONE', #1405, #1088, #1255, .T. ) ;
#168 = CARTESIAN_POINT ( 'NONE',  ( -0.003808139096322789470, 0.000000000000000000, -20.00000001869181787 ) ) ;
#169 = CARTESIAN_POINT ( 'NONE',  ( -12.03232920489914015, 0.000000000000000000, -19.55123601076941853 ) ) ;
#170 = CARTESIAN_POINT ( 'NONE',  ( -22.53812044234618028, 2.500000000000000000, -34.81260707504603857 ) ) ;
#171 = ORIENTED_EDGE ( 'NONE', *, *, #87, .F. ) ;
#172 = CARTESIAN_POINT ( 'NONE',  ( -4.903393508025782666, 2.500000000000000444, 37.47640687977175844 ) ) ;
#173 = CARTESIAN_POINT ( 'NONE',  ( -37.26682111763571470, 7.499999999999998224, -10.30454996281376445 ) ) ;
#174 = CARTESIAN_POINT ( 'NONE',  ( -19.81095488343146727, -0.000000000000000000, -9.022471560859804285 ) ) ;
#175 = DIRECTION ( 'NONE',  ( 0.000000000000000000, -0.9396926213504269709, 0.3420201417746666639 ) ) ;
#176 = AXIS2_PLACEMENT_3D ( 'NONE', #15, #1713, #726 ) ;
#177 = CARTESIAN_POINT ( 'NONE',  ( 0.003808139159926527198, 10.00000000000000000, 20.00000000000000000 ) ) ;
#178 = CARTESIAN_POINT ( 'NONE',  ( -19.99999999999998934, 10.00000000000000000, 0.007616278319824883354 ) ) ;
#179 = CARTESIAN_POINT ( 'NONE',  ( -8.975854175628430909, -0.000000000000000000, 19.81415041753466610 ) ) ;
#180 = FACE_OUTER_BOUND ( 'NONE', #1473, .T. ) ;
#181 = CARTESIAN_POINT ( 'NONE',  ( -2.749666145115815308, 2.500000000000002220, 37.49607640961056632 ) ) ;
#182 = FILL_AREA_STYLE_COLOUR ( '', #1329 ) ;
#183 = CARTESIAN_POINT ( 'NONE',  ( -18.21263387246789023, -0.000000000000000000, -16.97559935359125305 ) ) ;
#184 = CARTESIAN_POINT ( 'NONE',  ( 40.00000000000000000, 10.00000000000000000, 22.50000001869192090 ) ) ;
#185 = CARTESIAN_POINT ( 'NONE',  ( -39.97690603274460130, 0.000000000000000000, -6.412221231902943686 ) ) ;
#186 = CARTESIAN_POINT ( 'NONE',  ( -29.63858856292124244, 8.673617379884035472E-15, -33.77154584013355532 ) ) ;
#187 = PLANE ( 'NONE',  #1694 ) ;
#188 = CARTESIAN_POINT ( 'NONE',  ( 20.00000000000000000, 20.00000000000000000, 0.000000000000000000 ) ) ;
#189 = EDGE_CURVE ( 'NONE', #622, #1348, #517, .T. ) ;
#190 = AXIS2_PLACEMENT_3D ( 'NONE', #721, #2078, #1579 ) ;
#191 = VERTEX_POINT ( 'NONE', #2124 ) ;
#192 = VECTOR ( 'NONE', #1346, 1000.000000000000000 ) ;
#193 = CARTESIAN_POINT ( 'NONE',  ( -22.50000000058769700, 7.500000000000000000, 0.006664490825390041381 ) ) ;
#194 = PLANE ( 'NONE',  #369 ) ;
#195 = LINE ( 'NONE', #531, #1825 ) ;
#196 = CARTESIAN_POINT ( 'NONE',  ( -14.87808875290169297, 0.000000000000000000, 18.94757358393081148 ) ) ;
#197 = CARTESIAN_POINT ( 'NONE',  ( -19.81840068611993999, -0.000000000000000000, 8.924895861366762162 ) ) ;
#198 = ORIENTED_EDGE ( 'NONE', *, *, #1115, .F. ) ;
#199 = CARTESIAN_POINT ( 'NONE',  ( -20.91494831848694957, 7.500000000000003553, 35.38032205333628610 ) ) ;
#200 = CARTESIAN_POINT ( 'NONE',  ( -9.679614546547107068, 7.499999999999999112, -22.27509586384636364 ) ) ;
#201 = EDGE_CURVE ( 'NONE', #104, #1062, #1177, .T. ) ;
#202 = FACE_OUTER_BOUND ( 'NONE', #616, .T. ) ;
#203 = ADVANCED_FACE ( 'NONE', ( #63 ), #662, .F. ) ;
#204 = CARTESIAN_POINT ( 'NONE',  ( 20.00000000000000000, -0.8497180080144584036, -2.334581051913100502 ) ) ;
#205 = CARTESIAN_POINT ( 'NONE',  ( -18.57830146199239252, 10.00000000000000000, -15.94170275025091499 ) ) ;
#206 = CARTESIAN_POINT ( 'NONE',  ( -3.033215477524606296, 10.00000000000000000, 40.00006406537752213 ) ) ;
#207 = PLANE ( 'NONE',  #2042 ) ;
#208 = ORIENTED_EDGE ( 'NONE', *, *, #1566, .F. ) ;
#209 = CARTESIAN_POINT ( 'NONE',  ( -20.91494831848694957, 2.500000000000003997, 35.38032205333628610 ) ) ;
#210 = ORIENTED_EDGE ( 'NONE', *, *, #1186, .T. ) ;
#211 = CARTESIAN_POINT ( 'NONE',  ( 40.00000000000000000, 7.500000000000000000, 22.50000001869192090 ) ) ;
#212 = ORIENTED_EDGE ( 'NONE', *, *, #385, .F. ) ;
#213 = CARTESIAN_POINT ( 'NONE',  ( -14.14068299497033010, 10.00000000000000000, 19.12706608730605495 ) ) ;
#214 = CARTESIAN_POINT ( 'NONE',  ( 0.003808139159926527198, 10.00000000000000000, 20.00000000000000000 ) ) ;
#215 = CARTESIAN_POINT ( 'NONE',  ( -19.56566178467636163, 10.00000000000000000, -11.93344384000105052 ) ) ;
#216 = CARTESIAN_POINT ( 'NONE',  ( -21.00583010314402799, 2.499999999999999556, -16.58465996878840087 ) ) ;
#217 = ORIENTED_EDGE ( 'NONE', *, *, #468, .F. ) ;
#218 = CARTESIAN_POINT ( 'NONE',  ( -31.74799147387506792, 7.500000000000000000, 37.50000000000000711 ) ) ;
#219 = CARTESIAN_POINT ( 'NONE',  ( -2.499999999999993339, 2.500000000000000000, -22.49977204780521944 ) ) ;
#220 = ORIENTED_EDGE ( 'NONE', *, *, #684, .T. ) ;
#221 = CARTESIAN_POINT ( 'NONE',  ( -31.74799147387506792, 2.500000000000000000, -31.74802153426628593 ) ) ;
#222 = CARTESIAN_POINT ( 'NONE',  ( -36.04901045396970005, 2.500000000000002220, 18.67391707019088898 ) ) ;
#223 = AXIS2_PLACEMENT_3D ( 'NONE', #142, #2135, #958 ) ;
#224 = ORIENTED_EDGE ( 'NONE', *, *, #1009, .F. ) ;
#225 = CARTESIAN_POINT ( 'NONE',  ( -19.99999999999998579, 10.00000000000000000, 0.007616278319825734236 ) ) ;
#226 = CARTESIAN_POINT ( 'NONE',  ( -22.49999999999998934, 4.166666666666666963, 0.007616278319804596630 ) ) ;
#227 = EDGE_CURVE ( 'NONE', #1802, #1964, #1333, .T. ) ;
#228 = AXIS2_PLACEMENT_3D ( 'NONE', #1210, #5, #1385 ) ;
#229 = CARTESIAN_POINT ( 'NONE',  ( -17.97931580367390580, 2.500000000000000000, 20.38588336360615827 ) ) ;
#230 = CARTESIAN_POINT ( 'NONE',  ( -22.01951534221680973, 2.499999999999999112, -12.42768262471544283 ) ) ;
#231 = DIRECTION ( 'NONE',  ( 0.000000000000000000, 0.000000000000000000, -1.000000000000000000 ) ) ;
#232 = CARTESIAN_POINT ( 'NONE',  ( -19.90298406895119854, 7.500000000000000000, 18.75834968690286431 ) ) ;
#233 = CARTESIAN_POINT ( 'NONE',  ( -15.32357480391659088, 7.500000000000000000, -21.40083552822219204 ) ) ;
#234 = ORIENTED_EDGE ( 'NONE', *, *, #1274, .T. ) ;
#235 = CARTESIAN_POINT ( 'NONE',  ( -31.52431805716381064, 8.673617379884035472E-15, 32.08981766932158308 ) ) ;
#236 = CARTESIAN_POINT ( 'NONE',  ( -26.25811695834060089, 2.499999999999997780, -32.95687369894750418 ) ) ;
#237 = CARTESIAN_POINT ( 'NONE',  ( -33.19256857260654670, 7.500000000000002665, 25.87500988833092208 ) ) ;
#238 = ORIENTED_EDGE ( 'NONE', *, *, #523, .T. ) ;
#239 = CARTESIAN_POINT ( 'NONE',  ( -10.44899950101179797, 10.00000000000000000, 19.71412215042690619 ) ) ;
#240 = CARTESIAN_POINT ( 'NONE',  ( -3.016687162866016347, 10.00000000000000000, -20.00229179247069666 ) ) ;
#241 = CARTESIAN_POINT ( 'NONE',  ( -18.03971618518196607, 2.500000000000000444, 20.35311486816043214 ) ) ;
#242 = CARTESIAN_POINT ( 'NONE',  ( -20.37752348444578487, 2.500000000000000000, -18.01702463904375051 ) ) ;
#243 = VECTOR ( 'NONE', #1877, 1000.000000000000000 ) ;
#244 = CARTESIAN_POINT ( 'NONE',  ( -32.43140296552468982, 7.499999999999998224, -27.07421845724081777 ) ) ;
#245 = CARTESIAN_POINT ( 'NONE',  ( 0.002242487776871955260, 7.500000000000000000, 22.50000001869192090 ) ) ;
#246 = CARTESIAN_POINT ( 'NONE',  ( -17.34848969419334352, 2.500000000000001332, -20.69756416316842618 ) ) ;
#247 = ORIENTED_EDGE ( 'NONE', *, *, #1392, .T. ) ;
#248 = PLANE ( 'NONE',  #953 ) ;
#249 = CARTESIAN_POINT ( 'NONE',  ( -40.00119527118427953, 0.000000000000000000, 1.569363616360654134 ) ) ;
#250 = VERTEX_POINT ( 'NONE', #1139 ) ;
#251 = CARTESIAN_POINT ( 'NONE',  ( -25.79116394407713031, 2.500000000000002665, 33.21010032947645385 ) ) ;
#252 = CARTESIAN_POINT ( 'NONE',  ( -0.003808139096320146619, 10.00000000000000000, -20.00000001869229393 ) ) ;
#253 = CARTESIAN_POINT ( 'NONE',  ( -22.49999927490389950, 7.500000000000000000, 0.005712209012456702546 ) ) ;
#254 = CARTESIAN_POINT ( 'NONE',  ( 0.000000000000000000, 10.00000000000000000, 40.00000000000000711 ) ) ;
#255 = LINE ( 'NONE', #1633, #1645 ) ;
#256 = CARTESIAN_POINT ( 'NONE',  ( 0.000000000000000000, 7.500000000000000000, 37.50000000000000711 ) ) ;
#257 = CARTESIAN_POINT ( 'NONE',  ( -16.11907196054160352, 7.500000000000000000, -21.16165586483245420 ) ) ;
#258 = EDGE_CURVE ( 'NONE', #1088, #1302, #1321, .T. ) ;
#259 = VERTEX_POINT ( 'NONE', #1500 ) ;
#260 = CARTESIAN_POINT ( 'NONE',  ( -31.52431805716381064, 10.00000000000000000, 32.08981766932158308 ) ) ;
#261 = LINE ( 'NONE', #783, #480 ) ;
#262 = ORIENTED_EDGE ( 'NONE', *, *, #189, .F. ) ;
#263 = CARTESIAN_POINT ( 'NONE',  ( -24.62703569992089569, 7.500000000000001776, 33.84629632999800464 ) ) ;
#264 = CARTESIAN_POINT ( 'NONE',  ( -16.29024865775614117, 10.00000000000000000, 18.43971428300184101 ) ) ;
#265 = AXIS2_PLACEMENT_3D ( 'NONE', #2174, #1971, #451 ) ;
#266 = CARTESIAN_POINT ( 'NONE',  ( -22.51900567773540374, 7.500000000000000000, 6.075111890435507256 ) ) ;
#267 = PLANE ( 'NONE',  #1648 ) ;
#268 = CARTESIAN_POINT ( 'NONE',  ( -29.97049941341625257, 7.500000000000000888, -30.00429783454783461 ) ) ;
#269 = CARTESIAN_POINT ( 'NONE',  ( -13.47334188120052900, 8.673617379884035472E-15, -39.55357087834298113 ) ) ;
#270 = CARTESIAN_POINT ( 'NONE',  ( -20.47059073949924723, 7.500000000000000000, -17.81916836649106628 ) ) ;
#271 = ORIENTED_EDGE ( 'NONE', *, *, #1544, .T. ) ;
#272 = CARTESIAN_POINT ( 'NONE',  ( -33.77154584013344873, 10.00000000000000000, 29.63858856292137389 ) ) ;
#273 = CARTESIAN_POINT ( 'NONE',  ( -35.87811053963729790, 0.000000000000000000, 26.41019543547690418 ) ) ;
#274 = ORIENTED_EDGE ( 'NONE', *, *, #589, .F. ) ;
#275 = CARTESIAN_POINT ( 'NONE',  ( 20.00000000000000355, 9.999999997198150581, 18.50103769719801505 ) ) ;
#276 = CARTESIAN_POINT ( 'NONE',  ( -17.05361165404561063, 0.000000000000000000, -38.97762941599560094 ) ) ;
#277 = CARTESIAN_POINT ( 'NONE',  ( -18.03971618518196607, 7.500000000000000000, 20.35311486816043214 ) ) ;
#278 = APPLICATION_PROTOCOL_DEFINITION ( 'draft international standard', 'automotive_design', 1998, #2063 ) ;
#279 = CARTESIAN_POINT ( 'NONE',  ( -35.63476596357692472, 7.499999999999996447, -20.17058346304790106 ) ) ;
#280 = CARTESIAN_POINT ( 'NONE',  ( -16.11907196054160352, 2.500000000000000444, -21.16165586483245420 ) ) ;
#281 = AXIS2_PLACEMENT_3D ( 'NONE', #3, #1396, #1383 ) ;
#282 = ORIENTED_EDGE ( 'NONE', *, *, #1381, .F. ) ;
#283 = DIRECTION ( 'NONE',  ( 0.000000000000000000, -0.9396926213504268599, 0.3420201417746668304 ) ) ;
#284 = CARTESIAN_POINT ( 'NONE',  ( -14.12141571046981880, 0.000000000000000000, 39.46032066326856125 ) ) ;
#285 = ORIENTED_EDGE ( 'NONE', *, *, #1714, .T. ) ;
#286 = CARTESIAN_POINT ( 'NONE',  ( -2.647132924786302688, 7.499999999999997335, 37.49958683230298107 ) ) ;
#287 = CARTESIAN_POINT ( 'NONE',  ( -14.09568883967726372, 7.499999999999998224, 21.68488496366486729 ) ) ;
#288 =( NAMED_UNIT ( * ) SI_UNIT ( $, .STERADIAN. ) SOLID_ANGLE_UNIT ( ) );
#289 = CARTESIAN_POINT ( 'NONE',  ( 35.70000000000000284, 30.00000000000000000, -9.121768986631687781 ) ) ;
#290 = CARTESIAN_POINT ( 'NONE',  ( -0.007616278192640069458, 0.000000000000000000, -19.99999999999989342 ) ) ;
#291 = LINE ( 'NONE', #315, #1933 ) ;
#292 = VERTEX_POINT ( 'NONE', #498 ) ;
#293 = CARTESIAN_POINT ( 'NONE',  ( -14.93666636820828231, 7.499999999999999112, -21.49962193040493830 ) ) ;
#294 = CARTESIAN_POINT ( 'NONE',  ( -29.18283781338080729, 2.500000000000005773, -30.78353189692466430 ) ) ;
#295 = CARTESIAN_POINT ( 'NONE',  ( -28.26156313270265485, 2.500000000000006661, 31.56067068898481409 ) ) ;
#296 = CARTESIAN_POINT ( 'NONE',  ( -29.02494083703209071, 7.499999999999999112, 30.93436605816941665 ) ) ;
#297 = DIRECTION ( 'NONE',  ( 0.000000000000000000, -0.3420201417746666639, -0.9396926213504269709 ) ) ;
#298 = VECTOR ( 'NONE', #331, 1000.000000000000000 ) ;
#299 = VECTOR ( 'NONE', #1424, 1000.000000000000114 ) ;
#300 = CARTESIAN_POINT ( 'NONE',  ( -6.029427797062994365, 2.500000000000000000, 22.51998197810990732 ) ) ;
#301 = ADVANCED_FACE ( 'NONE', ( #653 ), #817, .T. ) ;
#302 = VECTOR ( 'NONE', #1859, 1000.000000000000000 ) ;
#303 = CARTESIAN_POINT ( 'NONE',  ( -17.38337988001658729, 0.000000000000000000, -17.83917598770275958 ) ) ;
#304 = CARTESIAN_POINT ( 'NONE',  ( -21.21522320197940559, 7.499999999999998224, -15.96474575805435414 ) ) ;
#305 = ORIENTED_EDGE ( 'NONE', *, *, #1371, .F. ) ;
#306 = CARTESIAN_POINT ( 'NONE',  ( -22.50000192353061479, 7.500000000000000888, -1.550839168916070099 ) ) ;
#307 = CARTESIAN_POINT ( 'NONE',  ( -37.49987050921038190, 2.500000000000000444, -0.9243609584982700467 ) ) ;
#308 = CARTESIAN_POINT ( 'NONE',  ( 37.79999999999999716, 30.00000000000000000, 5.379404254019334530 ) ) ;
#309 = ADVANCED_FACE ( 'NONE', ( #1184 ), #314, .F. ) ;
#310 = CARTESIAN_POINT ( 'NONE',  ( -8.818717171264802701, -0.000000000000000000, -19.82527899730721543 ) ) ;
#311 = CARTESIAN_POINT ( 'NONE',  ( -23.12197959208561215, 10.00000000000000000, -37.33390167528362014 ) ) ;
#312 = CARTESIAN_POINT ( 'NONE',  ( -32.08981766932146940, 10.00000000000000000, -31.52431805716392788 ) ) ;
#313 = APPLICATION_CONTEXT ( 'automotive_design' ) ;
#314 = PLANE ( 'NONE',  #1747 ) ;
#315 = CARTESIAN_POINT ( 'NONE',  ( -3.332652546032940231E-13, 10.00000000000000000, 40.00000000000000711 ) ) ;
#316 = ORIENTED_EDGE ( 'NONE', *, *, #491, .T. ) ;
#317 = CYLINDRICAL_SURFACE ( 'NONE', #84, 7.500000000000000000 ) ;
#318 = CARTESIAN_POINT ( 'NONE',  ( -33.64804153555187582, 7.499999999999993783, -25.05772407559414461 ) ) ;
#319 = CARTESIAN_POINT ( 'NONE',  ( -15.66275514535380964, 2.499999999999999112, 21.30576688977798128 ) ) ;
#320 = CARTESIAN_POINT ( 'NONE',  ( -14.71048711497312134, 2.500000000000000000, 21.54982927758603140 ) ) ;
#321 = CARTESIAN_POINT ( 'NONE',  ( -39.99999999999997868, 8.673617379884035472E-15, -0.9898152369598768319 ) ) ;
#322 = LINE ( 'NONE', #156, #909 ) ;
#323 = EDGE_CURVE ( 'NONE', #2131, #292, #1858, .T. ) ;
#324 = CARTESIAN_POINT ( 'NONE',  ( -3.016687162866016347, 10.00000000000000000, -20.00229179247069666 ) ) ;
#325 = CARTESIAN_POINT ( 'NONE',  ( 40.00000000000000000, 20.00000000000000000, 0.000000000000000000 ) ) ;
#326 = PRODUCT_RELATED_PRODUCT_CATEGORY ( 'part', '', ( #590 ) ) ;
#327 = ORIENTED_EDGE ( 'NONE', *, *, #392, .F. ) ;
#328 = ORIENTED_EDGE ( 'NONE', *, *, #780, .T. ) ;
#329 = CARTESIAN_POINT ( 'NONE',  ( -16.06973444077761215, 7.500000000000000000, -21.18148763290031056 ) ) ;
#330 = CARTESIAN_POINT ( 'NONE',  ( -36.87398995349650477, 2.500000000000001332, -14.22765130923626309 ) ) ;
#331 = DIRECTION ( 'NONE',  ( 1.000000000000000000, 0.000000000000000000, 7.608436298143893771E-17 ) ) ;
#332 = CARTESIAN_POINT ( 'NONE',  ( -37.49999999999999289, 4.166666666666666963, -4.707937190371359610E-13 ) ) ;
#333 = CARTESIAN_POINT ( 'NONE',  ( -39.46032066326849730, 8.673617379884035472E-15, -14.12141571046995736 ) ) ;
#334 = CARTESIAN_POINT ( 'NONE',  ( 20.00000000000000000, 20.00000000000000711, -9.923257760702171026 ) ) ;
#335 = LINE ( 'NONE', #988, #816 ) ;
#336 = CARTESIAN_POINT ( 'NONE',  ( -22.30787876385652169, 2.500000000000000000, -9.210396580575309855 ) ) ;
#337 = AXIS2_PLACEMENT_3D ( 'NONE', #2091, #1757, #1271 ) ;
#338 = ORIENTED_EDGE ( 'NONE', *, *, #1336, .F. ) ;
#339 = CARTESIAN_POINT ( 'NONE',  ( -21.39382597558178034, 7.500000000000002665, 15.34767490870771312 ) ) ;
#340 = CARTESIAN_POINT ( 'NONE',  ( -31.66082215386332166, 2.500000000000001332, -28.13054174436484800 ) ) ;
#341 = VECTOR ( 'NONE', #1641, 1000.000000000000000 ) ;
#342 = DIRECTION ( 'NONE',  ( 0.000000000000000000, 0.000000000000000000, 1.000000000000000000 ) ) ;
#343 = LINE ( 'NONE', #1237, #644 ) ;
#344 = CARTESIAN_POINT ( 'NONE',  ( -0.003808139096322789470, 0.000000000000000000, -20.00000001869181787 ) ) ;
#345 = CARTESIAN_POINT ( 'NONE',  ( 40.00000000000000000, 10.00000000000000000, 20.00000001869192445 ) ) ;
#346 = LINE ( 'NONE', #715, #1367 ) ;
#347 = ORIENTED_EDGE ( 'NONE', *, *, #1447, .F. ) ;
#348 = CARTESIAN_POINT ( 'NONE',  ( -22.74421461668921296, 2.499999999999999556, 34.70681762866563957 ) ) ;
#349 = CARTESIAN_POINT ( 'NONE',  ( 24.30000000000000426, 19.99999999999999645, -5.482066662661623901 ) ) ;
#350 = DIRECTION ( 'NONE',  ( 0.000000000000000000, 0.9396926213504268599, -0.3420201417746669970 ) ) ;
#351 = VECTOR ( 'NONE', #2082, 1000.000000000000000 ) ;
#352 = EDGE_CURVE ( 'NONE', #1871, #419, #1481, .T. ) ;
#353 = CARTESIAN_POINT ( 'NONE',  ( -40.00006406537746528, 8.673617379884035472E-15, -3.033215477531886695 ) ) ;
#354 = FACE_OUTER_BOUND ( 'NONE', #2168, .T. ) ;
#355 = CARTESIAN_POINT ( 'NONE',  ( -19.12706608728598212, 0.000000000000000000, -14.14068299506060455 ) ) ;
#356 = VERTEX_POINT ( 'NONE', #2190 ) ;
#357 = CARTESIAN_POINT ( 'NONE',  ( -21.69441949919330526, 7.500000000000000000, 14.13072760460199184 ) ) ;
#358 = LINE ( 'NONE', #1718, #1439 ) ;
#359 = CARTESIAN_POINT ( 'NONE',  ( 37.49999999999999289, 7.500000000000000000, 18.50103769719801861 ) ) ;
#360 = CARTESIAN_POINT ( 'NONE',  ( -37.77846372723085722, 0.000000000000000000, -21.69105786472523789 ) ) ;
#361 = CARTESIAN_POINT ( 'NONE',  ( -36.39366090315930080, 2.499999999999998224, 17.14294721033159163 ) ) ;
#362 = PLANE ( 'NONE',  #1087 ) ;
#363 = CARTESIAN_POINT ( 'NONE',  ( -19.81184982214561074, -0.000000000000000000, 9.022703071945747055 ) ) ;
#364 = EDGE_CURVE ( 'NONE', #1323, #1377, #2154, .T. ) ;
#365 = EDGE_LOOP ( 'NONE', ( #1222, #69, #1577, #1647 ) ) ;
#366 = CARTESIAN_POINT ( 'NONE',  ( -25.07923610649492474, 7.500000000000000888, 33.63733871103980277 ) ) ;
#367 = CARTESIAN_POINT ( 'NONE',  ( -19.81490760454861544, -0.000000000000000000, -8.964739929425402210 ) ) ;
#368 = EDGE_CURVE ( 'NONE', #1851, #1939, #335, .T. ) ;
#369 = AXIS2_PLACEMENT_3D ( 'NONE', #389, #1536, #1401 ) ;
#370 = CARTESIAN_POINT ( 'NONE',  ( 24.30000000000000426, 30.00000000000000000, 3.279404254019332665 ) ) ;
#371 = CARTESIAN_POINT ( 'NONE',  ( -18.39684350343032904, 10.00000000000000000, 16.38828043784557309 ) ) ;
#372 = CARTESIAN_POINT ( 'NONE',  ( -31.74799147387506792, 7.500000000000000000, 18.50103769719801861 ) ) ;
#373 = ADVANCED_FACE ( 'NONE', ( #848 ), #2050, .F. ) ;
#374 = CARTESIAN_POINT ( 'NONE',  ( -19.81153540554817383, -0.000000000000000000, 9.027318708106827572 ) ) ;
#375 = CARTESIAN_POINT ( 'NONE',  ( -19.96606257845123622, 2.500000000000000000, -18.68514736944782939 ) ) ;
#376 = ORIENTED_EDGE ( 'NONE', *, *, #1073, .T. ) ;
#377 = EDGE_CURVE ( 'NONE', #910, #1402, #701, .T. ) ;
#378 = CARTESIAN_POINT ( 'NONE',  ( -11.08508533940768359, 7.500000000000000000, 37.20840026695246650 ) ) ;
#379 = ORIENTED_EDGE ( 'NONE', *, *, #557, .F. ) ;
#380 = CARTESIAN_POINT ( 'NONE',  ( 37.49999999999999289, 2.500000000000000000, -31.74802153426628593 ) ) ;
#381 = VERTEX_POINT ( 'NONE', #24 ) ;
#382 = FACE_OUTER_BOUND ( 'NONE', #1023, .T. ) ;
#383 = LINE ( 'NONE', #1251, #62 ) ;
#384 = CARTESIAN_POINT ( 'NONE',  ( -19.99999999999998934, 0.000000000000000000, 0.007616278319824883354 ) ) ;
#385 = EDGE_CURVE ( 'NONE', #1088, #685, #865, .T. ) ;
#386 = CARTESIAN_POINT ( 'NONE',  ( -37.33390167528354198, 10.00000000000000000, 23.12197959208575071 ) ) ;
#387 = CARTESIAN_POINT ( 'NONE',  ( 22.50000000000000355, 10.00000000000000000, 22.50000001869192090 ) ) ;
#388 = CARTESIAN_POINT ( 'NONE',  ( -21.02313356293563373, 7.499999999999999112, 16.53866162556886366 ) ) ;
#389 = CARTESIAN_POINT ( 'NONE',  ( -2.576382429930502926, 30.00000000000000000, 5.379404254019334530 ) ) ;
#390 = EDGE_CURVE ( 'NONE', #1122, #1131, #346, .T. ) ;
#391 = VERTEX_POINT ( 'NONE', #1532 ) ;
#392 = EDGE_CURVE ( 'NONE', #1337, #1405, #1021, .T. ) ;
#393 = LINE ( 'NONE', #1035, #1152 ) ;
#394 = CARTESIAN_POINT ( 'NONE',  ( -36.34409750386817706, 2.499999999999999556, 17.38192461122315535 ) ) ;
#395 = ORIENTED_EDGE ( 'NONE', *, *, #847, .T. ) ;
#396 = CARTESIAN_POINT ( 'NONE',  ( -2.990420862116506928, 0.000000000000000000, 20.00002933701003371 ) ) ;
#397 = CARTESIAN_POINT ( 'NONE',  ( -16.38828043773782284, 10.00000000000000000, -18.39684350347796737 ) ) ;
#398 = VECTOR ( 'NONE', #888, 999.9999999999998863 ) ;
#399 = CARTESIAN_POINT ( 'NONE',  ( -21.86859931872815110, 2.500000000000000000, 13.18663672302615808 ) ) ;
#400 = CARTESIAN_POINT ( 'NONE',  ( -20.55358778922495233, 2.500000000000000000, -17.66845912023741150 ) ) ;
#401 = CARTESIAN_POINT ( 'NONE',  ( -37.50178071538152125, 7.499999999999998224, -5.088321440598262413 ) ) ;
#402 = FACE_OUTER_BOUND ( 'NONE', #673, .T. ) ;
#403 = AXIS2_PLACEMENT_3D ( 'NONE', #184, #1743, #1206 ) ;
#404 = CARTESIAN_POINT ( 'NONE',  ( -20.89422361599475764, 7.500000000000000000, -16.86871930000895858 ) ) ;
#405 = VECTOR ( 'NONE', #537, 1000.000000000000000 ) ;
#406 = ORIENTED_EDGE ( 'NONE', *, *, #159, .T. ) ;
#407 = CARTESIAN_POINT ( 'NONE',  ( -35.24755208948970164, 2.500000000000003109, -21.37581254227468364 ) ) ;
#408 = CARTESIAN_POINT ( 'NONE',  ( -5.200025240531517490, 7.499999999999996447, -37.48595693903592974 ) ) ;
#409 = CARTESIAN_POINT ( 'NONE',  ( -36.81389059035372213, 2.500000000000000444, 14.75352368347680354 ) ) ;
#410 = B_SPLINE_CURVE_WITH_KNOTS ( 'NONE', 3,
 ( #1298, #1487, #332, #1018 ),
 .UNSPECIFIED., .F., .F.,
 ( 4, 4 ),
 ( 0.2500000000000000555, 0.7500000000000000000 ),
 .UNSPECIFIED. ) ;
#411 = EDGE_LOOP ( 'NONE', ( #811, #1604, #1987, #1784 ) ) ;
#412 = CARTESIAN_POINT ( 'NONE',  ( -37.28662365557613612, 2.500000000000000000, 10.57675987666731920 ) ) ;
#413 = CARTESIAN_POINT ( 'NONE',  ( 35.70000000000000284, -9.193499201483760430, 5.143498026184235350 ) ) ;
#414 = CARTESIAN_POINT ( 'NONE',  ( -21.54066142221375202, 2.500000000000000444, 14.81055955183800599 ) ) ;
#415 = CARTESIAN_POINT ( 'NONE',  ( -14.93666636820827343, 2.500000000000000444, -21.49962193040495606 ) ) ;
#416 = DIRECTION ( 'NONE',  ( 0.000000000000000000, -1.000000000000000000, 0.000000000000000000 ) ) ;
#417 = CARTESIAN_POINT ( 'NONE',  ( 4.276513780410600886E-13, 10.00000000000000000, -40.00000000000000000 ) ) ;
#418 = CARTESIAN_POINT ( 'NONE',  ( -17.99250654236886859, 2.500000000000001332, -20.38387206050310496 ) ) ;
#419 = VERTEX_POINT ( 'NONE', #72 ) ;
#420 = CARTESIAN_POINT ( 'NONE',  ( -34.53678103480425676, 2.500000000000003109, -23.14969172208658321 ) ) ;
#421 = CARTESIAN_POINT ( 'NONE',  ( -20.62191193926304678, 2.499999999999997780, -35.49672271945260604 ) ) ;
#422 = VERTEX_POINT ( 'NONE', #1278 ) ;
#423 = CARTESIAN_POINT ( 'NONE',  ( -15.18552355544570354, 2.499999999999997335, 36.73369523599328801 ) ) ;
#424 = CARTESIAN_POINT ( 'NONE',  ( -12.03232920489914015, 10.00000000000000000, -19.55123601076941853 ) ) ;
#425 = CARTESIAN_POINT ( 'NONE',  ( -19.79372469887182007, 2.500000000000000000, 18.90141369015966433 ) ) ;
#426 = CARTESIAN_POINT ( 'NONE',  ( -33.77154584013344873, 10.00000000000000000, 29.63858856292137389 ) ) ;
#427 = CARTESIAN_POINT ( 'NONE',  ( -2.499999999999936939, 7.500000000000001776, -37.49711340226204470 ) ) ;
#428 = CARTESIAN_POINT ( 'NONE',  ( -16.85839927946683048, 7.500000000000001776, 20.90624279407663622 ) ) ;
#429 = CARTESIAN_POINT ( 'NONE',  ( -20.52358445921990793, 2.500000000000000000, -17.71365770950119511 ) ) ;
#430 = EDGE_LOOP ( 'NONE', ( #406, #1238, #1756, #1997 ) ) ;
#431 = CARTESIAN_POINT ( 'NONE',  ( -39.55357087834293850, 10.00000000000000000, 13.47334188120067644 ) ) ;
#432 = CARTESIAN_POINT ( 'NONE',  ( -2.499999999999956035, 2.500000000000002220, -37.49711340226203049 ) ) ;
#433 = CARTESIAN_POINT ( 'NONE',  ( -36.81389059035372213, 7.500000000000000000, 14.75352368347680354 ) ) ;
#434 = ORIENTED_EDGE ( 'NONE', *, *, #385, .T. ) ;
#435 = CARTESIAN_POINT ( 'NONE',  ( -37.28662365557615033, 7.500000000000000888, 10.57675987666727657 ) ) ;
#436 = DIRECTION ( 'NONE',  ( 0.000000000000000000, 0.000000000000000000, -1.000000000000000000 ) ) ;
#437 = CARTESIAN_POINT ( 'NONE',  ( -19.56173264911531362, 7.500000000000000000, 19.17587330531762646 ) ) ;
#438 = CARTESIAN_POINT ( 'NONE',  ( -37.05703696311655904, 10.00000000000000000, -23.66620764920693176 ) ) ;
#439 = LINE ( 'NONE', #1776, #299 ) ;
#440 = CARTESIAN_POINT ( 'NONE',  ( -19.50206582212697626, 7.499999999999999112, 19.24662675637454612 ) ) ;
#441 = CARTESIAN_POINT ( 'NONE',  ( -19.09100827703211678, 7.500000000000000000, -19.63818438104709685 ) ) ;
#442 = ORIENTED_EDGE ( 'NONE', *, *, #634, .F. ) ;
#443 = CARTESIAN_POINT ( 'NONE',  ( -40.00000000000002842, 9.999999999999998224, 4.101921075693417358E-11 ) ) ;
#444 = CARTESIAN_POINT ( 'NONE',  ( -19.40911554292053864, 7.499999999999998224, -35.85228620915019349 ) ) ;
#445 = CARTESIAN_POINT ( 'NONE',  ( -29.22687216833834967, 7.499999999999995559, 30.74852426337129430 ) ) ;
#446 = ADVANCED_FACE ( 'NONE', ( #1774 ), #1705, .T. ) ;
#447 = ORIENTED_EDGE ( 'NONE', *, *, #1597, .F. ) ;
#448 = CARTESIAN_POINT ( 'NONE',  ( 35.70000000000000284, 30.00000000000000000, -9.121768986631687781 ) ) ;
#449 = LINE ( 'NONE', #479, #1205 ) ;
#450 = CARTESIAN_POINT ( 'NONE',  ( -19.62207052375517691, 2.500000000000000444, 19.10708640377498213 ) ) ;
#451 = DIRECTION ( 'NONE',  ( 1.000000000000000000, 0.000000000000000000, 0.000000000000000000 ) ) ;
#452 = CARTESIAN_POINT ( 'NONE',  ( -33.71247128927758752, 7.499999999999999112, -24.88340379134486824 ) ) ;
#453 = CARTESIAN_POINT ( 'NONE',  ( -20.76997482654151383, 2.500000000000000000, -17.17944190861760845 ) ) ;
#454 = EDGE_CURVE ( 'NONE', #500, #1337, #505, .T. ) ;
#455 = ORIENTED_EDGE ( 'NONE', *, *, #1491, .F. ) ;
#456 = CARTESIAN_POINT ( 'NONE',  ( -37.33390167528354198, 10.00000000000000000, 23.12197959208575071 ) ) ;
#457 = CARTESIAN_POINT ( 'NONE',  ( -17.13850849324424885, 0.000000000000000000, 38.95702569657480296 ) ) ;
#458 = ORIENTED_EDGE ( 'NONE', *, *, #2176, .T. ) ;
#459 = CARTESIAN_POINT ( 'NONE',  ( -14.52799177772726757, 7.499999999999999112, 36.83226311349769588 ) ) ;
#460 = CARTESIAN_POINT ( 'NONE',  ( -13.07814439474812751, 7.499999999999998224, 21.88707900975181886 ) ) ;
#461 = CARTESIAN_POINT ( 'NONE',  ( -4.670184259068210331, 10.00000000000000000, -39.99885185340452409 ) ) ;
#462 = CARTESIAN_POINT ( 'NONE',  ( -18.43971428296593373, 0.000000000000000000, -16.29024865784139919 ) ) ;
#463 = DIRECTION ( 'NONE',  ( 0.000000000000000000, 0.000000000000000000, -1.000000000000000000 ) ) ;
#464 = VECTOR ( 'NONE', #2072, 1000.000000000000000 ) ;
#465 = ORIENTED_EDGE ( 'NONE', *, *, #1341, .T. ) ;
#466 = CARTESIAN_POINT ( 'NONE',  ( -13.41145054687001803, 7.500000000000000888, -21.82813003176543987 ) ) ;
#467 = CARTESIAN_POINT ( 'NONE',  ( -35.52854761319608912, 2.500000000000004885, -20.45319314981153624 ) ) ;
#468 = EDGE_CURVE ( 'NONE', #1062, #1515, #410, .T. ) ;
#469 = CARTESIAN_POINT ( 'NONE',  ( -33.19795484357749160, 7.500000000000000000, 25.81192336326306602 ) ) ;
#470 = CARTESIAN_POINT ( 'NONE',  ( -8.600627666303090280, -0.000000000000000000, -19.83869721328682445 ) ) ;
#471 = CARTESIAN_POINT ( 'NONE',  ( -32.08981766932146940, 10.00000000000000000, -31.52431805716392788 ) ) ;
#472 = DIRECTION ( 'NONE',  ( -1.000000000000000000, 0.000000000000000000, -0.000000000000000000 ) ) ;
#473 = CARTESIAN_POINT ( 'NONE',  ( -21.33213923713049454, 2.500000000000000000, -15.56697228380093634 ) ) ;
#474 = ORIENTED_EDGE ( 'NONE', *, *, #540, .F. ) ;
#475 = CARTESIAN_POINT ( 'NONE',  ( -10.31657892112928820, 7.500000000000001776, -22.22405257670095580 ) ) ;
#476 = CARTESIAN_POINT ( 'NONE',  ( -36.57340920354957348, 7.500000000000001776, -16.12717862151543002 ) ) ;
#477 = EDGE_CURVE ( 'NONE', #2102, #1851, #109, .T. ) ;
#478 = CARTESIAN_POINT ( 'NONE',  ( -19.50206582195782801, 2.500000000000000444, 19.24662675655714850 ) ) ;
#479 = CARTESIAN_POINT ( 'NONE',  ( 24.30000000000000426, 20.00000000000000000, 5.143498026184235350 ) ) ;
#480 = VECTOR ( 'NONE', #1429, 1000.000000000000000 ) ;
#481 = CARTESIAN_POINT ( 'NONE',  ( -9.903619021932650313, 7.500000000000000000, 22.25383410990248123 ) ) ;
#482 = CARTESIAN_POINT ( 'NONE',  ( -38.95702569657473191, 10.00000000000000000, -17.13850849324438386 ) ) ;
#483 = CARTESIAN_POINT ( 'NONE',  ( -39.80884687632102725, 10.00000000000000000, -10.37431113932559512 ) ) ;
#484 = MECHANICAL_DESIGN_GEOMETRIC_PRESENTATION_REPRESENTATION (  '', ( #1611 ), #1045 ) ;
#485 = CARTESIAN_POINT ( 'NONE',  ( 20.00000000000000000, 20.00000000000000000, 11.36029767602993701 ) ) ;
#486 = CARTESIAN_POINT ( 'NONE',  ( -15.16563819307764760, 2.500000000000000444, -36.73511564622384640 ) ) ;
#487 = VERTEX_POINT ( 'NONE', #640 ) ;
#488 = CARTESIAN_POINT ( 'NONE',  ( -2.499999999999993783, 7.500000000000000000, -22.49977204780521944 ) ) ;
#489 = CARTESIAN_POINT ( 'NONE',  ( -37.42882605325686285, 2.499999999999999556, -7.043136033376484306 ) ) ;
#490 = EDGE_CURVE ( 'NONE', #500, #1889, #1319, .T. ) ;
#491 = EDGE_CURVE ( 'NONE', #1173, #910, #1790, .T. ) ;
#492 = CARTESIAN_POINT ( 'NONE',  ( 0.002242488275681775965, 2.500000000000000000, 22.50000001869192090 ) ) ;
#493 = DIRECTION ( 'NONE',  ( 0.000000000000000000, 0.000000000000000000, 1.000000000000000000 ) ) ;
#494 = B_SPLINE_CURVE_WITH_KNOTS ( 'NONE', 1,
 ( #168, #1160 ),
 .UNSPECIFIED., .F., .F.,
 ( 2, 2 ),
 ( 0.000000000000000000, 1.000000000000000000 ),
 .UNSPECIFIED. ) ;
#495 = CARTESIAN_POINT ( 'NONE',  ( -14.91894608521397636, 7.500000000000000000, 21.50002266400637652 ) ) ;
#496 = DIRECTION ( 'NONE',  ( -0.000000000000000000, 0.000000000000000000, 1.000000000000000000 ) ) ;
#497 = EDGE_CURVE ( 'NONE', #1939, #1504, #886, .T. ) ;
#498 = CARTESIAN_POINT ( 'NONE',  ( 37.50000000000000000, 20.00000000000000000, 8.699853246438411958 ) ) ;
#499 = CARTESIAN_POINT ( 'NONE',  ( -22.11532222067187803, 2.500000000000000000, -11.39455367331067315 ) ) ;
#500 = VERTEX_POINT ( 'NONE', #720 ) ;
#501 = ORIENTED_EDGE ( 'NONE', *, *, #352, .T. ) ;
#502 = DIRECTION ( 'NONE',  ( 1.000000000000000000, 0.000000000000000000, 0.000000000000000000 ) ) ;
#503 = CARTESIAN_POINT ( 'NONE',  ( -36.18749758093107971, 7.500000000000002665, -18.00800773045284942 ) ) ;
#504 = CARTESIAN_POINT ( 'NONE',  ( -22.50254155819936130, 2.500000000000000000, 3.340001677190173712 ) ) ;
#505 = LINE ( 'NONE', #1856, #1477 ) ;
#506 = CARTESIAN_POINT ( 'NONE',  ( 2.449473395542545100E-05, 5.833333333333333925, 22.50000003726385245 ) ) ;
#507 = CARTESIAN_POINT ( 'NONE',  ( -3.016687162866016347, 0.000000000000000000, -20.00229179247069666 ) ) ;
#508 = CARTESIAN_POINT ( 'NONE',  ( -22.30787876385652169, 7.500000000000000000, -9.210396580575309855 ) ) ;
#509 = ORIENTED_EDGE ( 'NONE', *, *, #2130, .F. ) ;
#510 = CARTESIAN_POINT ( 'NONE',  ( 22.50000000000000355, 4.014647510690667609, -1.444620870628663623 ) ) ;
#511 = CARTESIAN_POINT ( 'NONE',  ( -37.49999999999999289, 2.500000000000000444, 0.04756935839716774223 ) ) ;
#512 = LINE ( 'NONE', #1191, #1360 ) ;
#513 = CARTESIAN_POINT ( 'NONE',  ( -40.00000000000000000, 0.000000000000000000, -2.793185071074506684E-13 ) ) ;
#514 = AXIS2_PLACEMENT_3D ( 'NONE', #1615, #1602, #624 ) ;
#515 = CARTESIAN_POINT ( 'NONE',  ( -36.19470888117292162, 8.673617379884035472E-15, -25.57830364538268952 ) ) ;
#516 = PLANE ( 'NONE',  #281 ) ;
#517 = CIRCLE ( 'NONE', #2107, 7.500000000000000000 ) ;
#518 = CARTESIAN_POINT ( 'NONE',  ( -19.81491922973285469, -0.000000000000000000, 8.977268690732829626 ) ) ;
#519 = CARTESIAN_POINT ( 'NONE',  ( -17.04986726444916911, 2.500000000000000000, -36.39661960670179042 ) ) ;
#520 = ORIENTED_EDGE ( 'NONE', *, *, #2130, .T. ) ;
#521 = CARTESIAN_POINT ( 'NONE',  ( -26.18801028923205365, 7.499999999999993783, 33.00490125184740720 ) ) ;
#522 = VECTOR ( 'NONE', #1719, 1000.000000000000000 ) ;
#523 = EDGE_CURVE ( 'NONE', #1768, #127, #1892, .T. ) ;
#524 = CARTESIAN_POINT ( 'NONE',  ( -22.50000000058768279, 2.500000000000000000, 0.006664490825395086825 ) ) ;
#525 = CARTESIAN_POINT ( 'NONE',  ( -39.97690603274433130, 10.00000000000000000, -6.412221231909268404 ) ) ;
#526 = CARTESIAN_POINT ( 'NONE',  ( -20.01652818335657358, 10.00000000000000000, 6.026104232086846757 ) ) ;
#527 = CARTESIAN_POINT ( 'NONE',  ( -19.81166119107142976, -0.000000000000000000, 9.025472773515440750 ) ) ;
#528 = ORIENTED_EDGE ( 'NONE', *, *, #1340, .F. ) ;
#529 = CARTESIAN_POINT ( 'NONE',  ( -21.84572980346331761, 7.500000000000000888, 13.31082036406189495 ) ) ;
#530 = FILL_AREA_STYLE ('',( #39 ) ) ;
#531 = CARTESIAN_POINT ( 'NONE',  ( 37.79999999999999716, 30.00000000000000000, 5.379404254019334530 ) ) ;
#532 = EDGE_CURVE ( 'NONE', #419, #1402, #6, .T. ) ;
#533 = CARTESIAN_POINT ( 'NONE',  ( -37.07376804009529536, 2.499999999999997780, 13.21153668575935036 ) ) ;
#534 = CARTESIAN_POINT ( 'NONE',  ( -19.70885026754302416, 10.00000000000000000, 10.53069364847998912 ) ) ;
#535 = DIRECTION ( 'NONE',  ( 0.000000000000000000, 0.000000000000000000, -1.000000000000000000 ) ) ;
#536 = DIRECTION ( 'NONE',  ( 0.000000000000000000, 0.000000000000000000, 1.000000000000000000 ) ) ;
#537 = DIRECTION ( 'NONE',  ( 1.000000000000000000, 0.000000000000000000, 0.000000000000000000 ) ) ;
#538 = CARTESIAN_POINT ( 'NONE',  ( -37.49999999999999289, 7.500000000000000000, 0.0009520347816921042065 ) ) ;
#539 = CARTESIAN_POINT ( 'NONE',  ( -7.502886048934998442, 2.500000000000000444, -22.40347979942298551 ) ) ;
#540 = EDGE_CURVE ( 'NONE', #1617, #1942, #1055, .T. ) ;
#541 = LINE ( 'NONE', #380, #2034 ) ;
#542 = CARTESIAN_POINT ( 'NONE',  ( -20.01652818335657358, 10.00000000000000000, 6.026104232086846757 ) ) ;
#543 = CARTESIAN_POINT ( 'NONE',  ( -18.54047131188483277, 10.00000000000000000, 16.03999868457928457 ) ) ;
#544 = CARTESIAN_POINT ( 'NONE',  ( -19.82527899729940302, -0.000000000000000000, 8.818717171384616194 ) ) ;
#545 = EDGE_LOOP ( 'NONE', ( #2070, #1635, #1564, #285, #1771, #1794, #892, #282, #1638, #1830 ) ) ;
#546 = CARTESIAN_POINT ( 'NONE',  ( -9.054163704758328990, 7.500000000000000000, 37.34412333552745622 ) ) ;
#547 =( LENGTH_UNIT ( ) NAMED_UNIT ( * ) SI_UNIT ( .MILLI., .METRE. ) );
#548 = ORIENTED_EDGE ( 'NONE', *, *, #797, .F. ) ;
#549 = CARTESIAN_POINT ( 'NONE',  ( 20.00000000000000000, 5.990684827478855112, 16.45927137509536564 ) ) ;
#550 = ORIENTED_EDGE ( 'NONE', *, *, #491, .F. ) ;
#551 = CARTESIAN_POINT ( 'NONE',  ( -20.00229179247077482, 0.000000000000000000, 3.016687162991559035 ) ) ;
#552 = CARTESIAN_POINT ( 'NONE',  ( -19.99999999999998934, 10.00000000000000000, 0.007616278319824883354 ) ) ;
#553 = CARTESIAN_POINT ( 'NONE',  ( -18.43971428296593373, 10.00000000000000000, -16.29024865784139919 ) ) ;
#554 = ADVANCED_FACE ( 'NONE', ( #1386 ), #207, .T. ) ;
#555 = CARTESIAN_POINT ( 'NONE',  ( -16.81117408587635609, 2.500000000000000000, -20.92198597501882418 ) ) ;
#556 = VERTEX_POINT ( 'NONE', #289 ) ;
#557 = EDGE_CURVE ( 'NONE', #1942, #1768, #977, .T. ) ;
#558 = CARTESIAN_POINT ( 'NONE',  ( -22.51954581395011701, 7.499999999999999112, 6.673822612067676907 ) ) ;
#559 =( NAMED_UNIT ( * ) SI_UNIT ( $, .STERADIAN. ) SOLID_ANGLE_UNIT ( ) );
#560 = ORIENTED_EDGE ( 'NONE', *, *, #913, .F. ) ;
#561 = PLANE ( 'NONE',  #2105 ) ;
#562 = CARTESIAN_POINT ( 'NONE',  ( -37.25004116953187605, 2.500000000000003109, 10.71456464939925191 ) ) ;
#563 = ORIENTED_EDGE ( 'NONE', *, *, #1597, .T. ) ;
#564 = CARTESIAN_POINT ( 'NONE',  ( -19.55123601075399620, 10.00000000000000000, 12.03232920501644720 ) ) ;
#565 = CARTESIAN_POINT ( 'NONE',  ( -14.14068299497033010, 10.00000000000000000, 19.12706608730605495 ) ) ;
#566 = VECTOR ( 'NONE', #1344, 1000.000000000000000 ) ;
#567 = CARTESIAN_POINT ( 'NONE',  ( -21.54066142221375202, 7.500000000000000000, 14.81055955183800599 ) ) ;
#568 = CARTESIAN_POINT ( 'NONE',  ( -25.57830364538256518, 10.00000000000000000, 36.19470888117302110 ) ) ;
#569 = EDGE_LOOP ( 'NONE', ( #327, #1011, #1410, #1083 ) ) ;
#570 = CARTESIAN_POINT ( 'NONE',  ( -1.658416099606521588, 7.500000000000003553, 22.50001155553406562 ) ) ;
#571 = CARTESIAN_POINT ( 'NONE',  ( -20.76997482654151383, 7.500000000000000000, -17.17944190861760845 ) ) ;
#572 = ORIENTED_EDGE ( 'NONE', *, *, #2016, .T. ) ;
#573 = CARTESIAN_POINT ( 'NONE',  ( 40.00000000000000000, 0.000000000000000000, -2.643853112762043711 ) ) ;
#574 = CARTESIAN_POINT ( 'NONE',  ( 0.002242488275681775965, 2.500000000000000000, 22.50000001869192090 ) ) ;
#575 = CARTESIAN_POINT ( 'NONE',  ( -37.33580713663763362, 7.500000000000002665, 9.349179392014772105 ) ) ;
#576 = ORIENTED_EDGE ( 'NONE', *, *, #1183, .T. ) ;
#577 = CARTESIAN_POINT ( 'NONE',  ( -17.83917598762733547, 10.00000000000000000, 17.38337988011228319 ) ) ;
#578 = PLANE ( 'NONE',  #1310 ) ;
#579 = CARTESIAN_POINT ( 'NONE',  ( -19.79372469887182007, 7.500000000000000000, 18.90141369015966433 ) ) ;
#580 = CARTESIAN_POINT ( 'NONE',  ( -13.41145054687001803, 2.500000000000000000, -21.82813003176543987 ) ) ;
#581 = CARTESIAN_POINT ( 'NONE',  ( -36.92163866839042186, 7.499999999999995559, -13.97476081226827205 ) ) ;
#582 = CARTESIAN_POINT ( 'NONE',  ( 22.50000000000000355, 9.144949637310643809, 12.65076844962766600 ) ) ;
#583 = VECTOR ( 'NONE', #1914, 1000.000000000000000 ) ;
#584 = CARTESIAN_POINT ( 'NONE',  ( -19.21955698668259416, 7.499999999999999112, -19.52535647007064767 ) ) ;
#585 = CLOSED_SHELL ( 'NONE', ( #1808, #1972, #943, #2188, #1876, #1404, #928, #1326, #1969, #999 ) ) ;
#586 = ORIENTED_EDGE ( 'NONE', *, *, #89, .F. ) ;
#587 = CARTESIAN_POINT ( 'NONE',  ( -2.576382429930502926, 30.00000000000000355, -11.22176898663168743 ) ) ;
#588 = CARTESIAN_POINT ( 'NONE',  ( -27.41841852041231320, 0.000000000000000000, 35.18290614456401499 ) ) ;
#589 = EDGE_CURVE ( 'NONE', #1227, #1427, #1332, .T. ) ;
#590 = PRODUCT ( '\X2\652f67b65e955ea7\X0\', '\X2\652f67b65e955ea7\X0\', '', ( #1984 ) ) ;
#591 = PRODUCT_DEFINITION_FORMATION_WITH_SPECIFIED_SOURCE ( 'ä»', '', #590, .NOT_KNOWN. ) ;
#592 = ORIENTED_EDGE ( 'NONE', *, *, #1345, .T. ) ;
#593 = CARTESIAN_POINT ( 'NONE',  ( -10.57722511781786068, 2.499999999999995115, 37.25749282820022046 ) ) ;
#594 = DIRECTION ( 'NONE',  ( 0.000000000000000000, -0.3420201417746668859, -0.9396926213504268599 ) ) ;
#595 = CARTESIAN_POINT ( 'NONE',  ( -22.18385991490838549, 2.500000000000000000, 10.77357026171944021 ) ) ;
#596 = CARTESIAN_POINT ( 'NONE',  ( -40.00000000000000000, 10.00000000000000000, -2.793185071074506684E-13 ) ) ;
#597 = CARTESIAN_POINT ( 'NONE',  ( -17.04986726444916911, 7.500000000000000000, -36.39661960670179042 ) ) ;
#598 = CARTESIAN_POINT ( 'NONE',  ( -18.00108699348907493, 7.500000000000000000, 20.38810790593915812 ) ) ;
#599 = CARTESIAN_POINT ( 'NONE',  ( -19.59013037036922356, 7.500000000000000000, -19.14407716910887913 ) ) ;
#600 = ORIENTED_EDGE ( 'NONE', *, *, #490, .F. ) ;
#601 = CARTESIAN_POINT ( 'NONE',  ( -37.49999999999987210, 2.500000000000000444, -2.543649284735325367 ) ) ;
#602 = CARTESIAN_POINT ( 'NONE',  ( -19.68832846410170490, 0.000000000000000000, 38.37022890233612316 ) ) ;
#603 = ORIENTED_EDGE ( 'NONE', *, *, #913, .T. ) ;
#604 = LINE ( 'NONE', #1968, #1040 ) ;
#605 = CARTESIAN_POINT ( 'NONE',  ( -20.01738589272179425, 10.00000000000000000, -5.982878627418636519 ) ) ;
#606 = EDGE_CURVE ( 'NONE', #356, #1923, #322, .T. ) ;
#607 = CARTESIAN_POINT ( 'NONE',  ( -18.74557644945195989, 2.500000000000000000, 19.91785776939764929 ) ) ;
#608 = CARTESIAN_POINT ( 'NONE',  ( -21.56119357581168572, 2.500000000000000000, -14.70969881689573633 ) ) ;
#609 = CARTESIAN_POINT ( 'NONE',  ( -29.04115458928841775, 7.500000000000000000, -30.87410617183298456 ) ) ;
#610 = EDGE_CURVE ( 'NONE', #191, #556, #1522, .T. ) ;
#611 = CARTESIAN_POINT ( 'NONE',  ( -1.569363616360506031, 10.00000000000000000, -40.00119527118428664 ) ) ;
#612 = CARTESIAN_POINT ( 'NONE',  ( -20.28987898585538474, 2.500000000000000000, -18.15465494176356387 ) ) ;
#613 = ORIENTED_EDGE ( 'NONE', *, *, #723, .T. ) ;
#614 = CARTESIAN_POINT ( 'NONE',  ( -38.27246341362239690, 10.00000000000000000, 20.11529472474905234 ) ) ;
#615 = CARTESIAN_POINT ( 'NONE',  ( -39.99885185340450278, 0.000000000000000000, 4.670184259068359545 ) ) ;
#616 = EDGE_LOOP ( 'NONE', ( #2127, #1368, #1441, #603 ) ) ;
#617 = CARTESIAN_POINT ( 'NONE',  ( -30.91780054469574068, 7.499999999999997335, 29.04384003546159931 ) ) ;
#618 = CARTESIAN_POINT ( 'NONE',  ( -21.99218360225379598, 7.500000000000000000, 12.37583015643664375 ) ) ;
#619 = B_SPLINE_SURFACE_WITH_KNOTS ( 'NONE', 3, 1, ( 
 ( #1744, #734 ),
 ( #31, #56 ),
 ( #722, #1100 ),
 ( #575, #1273 ),
 ( #2079, #562 ),
 ( #1261, #1954 ),
 ( #433, #409 ),
 ( #1926, #394 ),
 ( #936, #222 ),
 ( #1086, #2069 ),
 ( #908, #747 ),
 ( #2093, #1603 ),
 ( #237, #922 ),
 ( #1980, #1144 ),
 ( #638, #1616 ),
 ( #445, #1305 ),
 ( #1819, #295 ),
 ( #521, #1057 ),
 ( #366, #1890 ),
 ( #860, #1546 ),
 ( #1024, #348 ),
 ( #884, #686 ),
 ( #199, #209 ),
 ( #1047, #1686 ),
 ( #1198, #1717 ),
 ( #1555, #1388 ),
 ( #707, #19 ),
 ( #1882, #26 ),
 ( #2064, #1706 ),
 ( #867, #1212 ),
 ( #1872, #1729 ),
 ( #1358, #1527 ),
 ( #378, #893 ),
 ( #717, #1563 ),
 ( #546, #696 ),
 ( #1203, #1378 ),
 ( #876, #2205 ),
 ( #38, #2038 ),
 ( #2055, #172 ),
 ( #1033, #1696 ),
 ( #1223, #181 ),
 ( #730, #1535 ),
 ( #10, #1901 ),
 ( #1400, #2076 ) ),
 .UNSPECIFIED., .F., .F., .F.,
 ( 4, 2, 2, 2, 2, 2, 2, 2, 2, 2, 2, 2, 2, 2, 2, 2, 2, 2, 2, 2, 2, 4 ),
 ( 2, 2 ),
 ( 0.000000000000000000, 0.1250000000000002220, 0.1875000000000002776, 0.2500000000000003331, 0.3125000000000003886, 0.3750000000000004441, 0.4375000000000004996, 0.5000000000000005551, 0.5625000000000006661, 0.6250000000000007772, 0.6562500000000006661, 0.6875000000000006661, 0.7187500000000005551, 0.7500000000000005551, 0.7812500000000004441, 0.8125000000000004441, 0.8437500000000003331, 0.8750000000000003331, 0.9062500000000002220, 0.9375000000000002220, 0.9687500000000001110, 1.000000000000000000 ),
 ( 0.000000000000000000, 1.000000000000000000 ),
 .UNSPECIFIED. ) ;
#620 = CARTESIAN_POINT ( 'NONE',  ( -11.38332450734659673, 7.500000000000002665, -37.19313546732753650 ) ) ;
#621 = CARTESIAN_POINT ( 'NONE',  ( -12.65125074483721335, 2.500000000000000000, -21.95241178760528555 ) ) ;
#622 = VERTEX_POINT ( 'NONE', #1052 ) ;
#623 = CARTESIAN_POINT ( 'NONE',  ( -21.69105786472510999, 10.00000000000000000, 37.77846372723094248 ) ) ;
#624 = DIRECTION ( 'NONE',  ( 0.000000000000000000, -0.9396926213504268599, 0.3420201417746668304 ) ) ;
#625 = ORIENTED_EDGE ( 'NONE', *, *, #1115, .T. ) ;
#626 = CARTESIAN_POINT ( 'NONE',  ( -34.94121619992978367, 7.500000000000000000, 22.22536321769310064 ) ) ;
#627 =( GEOMETRIC_REPRESENTATION_CONTEXT ( 3 ) GLOBAL_UNCERTAINTY_ASSIGNED_CONTEXT ( ( #1213 ) ) GLOBAL_UNIT_ASSIGNED_CONTEXT ( ( #1309, #1994, #288 ) ) REPRESENTATION_CONTEXT ( 'NONE', 'WORKASPACE' ) );
#628 = CARTESIAN_POINT ( 'NONE',  ( -0.003808139096322789470, 0.000000000000000000, -20.00000001869181787 ) ) ;
#629 = CARTESIAN_POINT ( 'NONE',  ( -26.41019543547676918, 10.00000000000000000, -35.87811053963739027 ) ) ;
#630 = VECTOR ( 'NONE', #1878, 1000.000000000000000 ) ;
#631 = CARTESIAN_POINT ( 'NONE',  ( -37.35863666888750600, 7.500000000000000888, -8.899529190857682792 ) ) ;
#632 = DIRECTION ( 'NONE',  ( -1.000000000000000000, 0.000000000000000000, 0.000000000000000000 ) ) ;
#633 = CARTESIAN_POINT ( 'NONE',  ( -2.499999999999993783, 2.500000000000000000, -22.49977204780521944 ) ) ;
#634 = EDGE_CURVE ( 'NONE', #1617, #622, #703, .T. ) ;
#635 = VERTEX_POINT ( 'NONE', #1194 ) ;
#636 = CARTESIAN_POINT ( 'NONE',  ( -21.56119357581168217, 7.500000000000000000, -14.70969881689573455 ) ) ;
#637 = CARTESIAN_POINT ( 'NONE',  ( -22.96846809755682628, 7.500000000000007105, -34.63628863080175790 ) ) ;
#638 = CARTESIAN_POINT ( 'NONE',  ( -30.98733964240747341, 7.500000000000002665, 28.95591321856717215 ) ) ;
#639 = CARTESIAN_POINT ( 'NONE',  ( -36.10723537761699475, 7.500000000000005329, 18.43882774702937510 ) ) ;
#640 = CARTESIAN_POINT ( 'NONE',  ( 22.50000000000000355, 7.500000000000000000, 22.50000001869192090 ) ) ;
#641 = CARTESIAN_POINT ( 'NONE',  ( 0.003808139159926527198, 10.00000000000000000, 20.00000000000000000 ) ) ;
#642 = CARTESIAN_POINT ( 'NONE',  ( -14.23943524341830447, 0.000000000000000000, -19.10552904810202435 ) ) ;
#643 = LINE ( 'NONE', #125, #2007 ) ;
#644 = VECTOR ( 'NONE', #1418, 1000.000000000000114 ) ;
#645 = ORIENTED_EDGE ( 'NONE', *, *, #2035, .T. ) ;
#646 = CARTESIAN_POINT ( 'NONE',  ( -11.09466788498202305, 7.500000000000001776, -22.15067684938291137 ) ) ;
#647 = CARTESIAN_POINT ( 'NONE',  ( -37.44743248419490556, 7.499999999999999112, -6.375287419396186372 ) ) ;
#648 = LINE ( 'NONE', #1016, #119 ) ;
#649 = DIRECTION ( 'NONE',  ( -1.000000000000000000, 0.000000000000000000, 0.000000000000000000 ) ) ;
#650 = CARTESIAN_POINT ( 'NONE',  ( 0.000000000000000000, 3.333333333333333037, 20.00000001869192445 ) ) ;
#651 = CARTESIAN_POINT ( 'NONE',  ( 20.00000000000000000, 20.00000000000000000, 0.000000000000000000 ) ) ;
#652 = DIRECTION ( 'NONE',  ( 1.000000000000000000, 0.000000000000000000, 0.000000000000000000 ) ) ;
#653 = FACE_OUTER_BOUND ( 'NONE', #2077, .T. ) ;
#654 = CARTESIAN_POINT ( 'NONE',  ( -22.49999999999995737, 7.499999999999999112, -2.770325827009328279 ) ) ;
#655 = ORIENTED_EDGE ( 'NONE', *, *, #1233, .T. ) ;
#656 = CARTESIAN_POINT ( 'NONE',  ( -17.17532408635432617, 7.500000000000000000, -20.77784535812283195 ) ) ;
#657 = CARTESIAN_POINT ( 'NONE',  ( -34.91064228795932678, 2.499999999999999556, -22.22987532130234456 ) ) ;
#658 = CARTESIAN_POINT ( 'NONE',  ( -3.320051508088102565, 2.500000000000000000, 22.50510742984011969 ) ) ;
#659 = CARTESIAN_POINT ( 'NONE',  ( -16.83917889113930144, 2.500000000000000000, 20.90567591010382031 ) ) ;
#660 = CARTESIAN_POINT ( 'NONE',  ( -8.815031395579424611, 10.00000000000000000, -39.93383091286295894 ) ) ;
#661 = CARTESIAN_POINT ( 'NONE',  ( 0.002242487776871955260, 7.500000000000000000, 22.50000001869192090 ) ) ;
#662 = PLANE ( 'NONE',  #1155 ) ;
#663 = CARTESIAN_POINT ( 'NONE',  ( -22.49999999999998934, 7.500000000000000000, 0.007616278319808297663 ) ) ;
#664 = VERTEX_POINT ( 'NONE', #680 ) ;
#665 = ORIENTED_EDGE ( 'NONE', *, *, #1533, .T. ) ;
#666 = CARTESIAN_POINT ( 'NONE',  ( 20.00000000000000000, 15.00000000000000000, 18.50103769719801505 ) ) ;
#667 = CARTESIAN_POINT ( 'NONE',  ( -32.37871801523812110, 2.500000000000010214, -27.14673175737991073 ) ) ;
#668 = LINE ( 'NONE', #1660, #779 ) ;
#669 = CARTESIAN_POINT ( 'NONE',  ( -16.83917889113930144, 7.500000000000000000, 20.90567591010382031 ) ) ;
#670 = CARTESIAN_POINT ( 'NONE',  ( 20.00000000000000000, 13.28989929112666601, 13.80257459044588053 ) ) ;
#671 = DIRECTION ( 'NONE',  ( -0.000000000000000000, 0.000000000000000000, 1.000000000000000000 ) ) ;
#672 = CARTESIAN_POINT ( 'NONE',  ( -21.33213923713049454, 7.500000000000000000, -15.56697228380093634 ) ) ;
#673 = EDGE_LOOP ( 'NONE', ( #1545, #1246, #1294, #2192 ) ) ;
#674 = ADVANCED_FACE ( 'NONE', ( #354 ), #362, .F. ) ;
#675 = LINE ( 'NONE', #1349, #1831 ) ;
#676 = CARTESIAN_POINT ( 'NONE',  ( -37.47495844105377927, 7.500000000000003553, -5.012806190801785355 ) ) ;
#677 = CARTESIAN_POINT ( 'NONE',  ( -21.84572980343500248, 2.500000000000000000, 13.31082036422645132 ) ) ;
#678 = CARTESIAN_POINT ( 'NONE',  ( -40.00006406537750792, 0.000000000000000000, -3.033215477524746184 ) ) ;
#679 = CARTESIAN_POINT ( 'NONE',  ( -38.95702569657473191, 8.673617379884035472E-15, -17.13850849324438386 ) ) ;
#680 = CARTESIAN_POINT ( 'NONE',  ( 37.50000000000000000, 20.00000000000000000, -7.262813331110645088 ) ) ;
#681 = CARTESIAN_POINT ( 'NONE',  ( 20.00000000000000355, -9.345961504703126366E-09, 15.00000001869191912 ) ) ;
#682 = CARTESIAN_POINT ( 'NONE',  ( 40.00000000000000000, 0.000000000000000000, 20.00000001869192445 ) ) ;
#683 = CARTESIAN_POINT ( 'NONE',  ( -27.05525940547326869, 2.499999999999999112, -32.44638628340488395 ) ) ;
#684 = EDGE_CURVE ( 'NONE', #622, #487, #1354, .T. ) ;
#685 = VERTEX_POINT ( 'NONE', #334 ) ;
#686 = CARTESIAN_POINT ( 'NONE',  ( -21.53254778412954806, 2.499999999999999556, 35.16904307731064705 ) ) ;
#687 =( NAMED_UNIT ( * ) SI_UNIT ( $, .STERADIAN. ) SOLID_ANGLE_UNIT ( ) );
#688 = CARTESIAN_POINT ( 'NONE',  ( 22.50000000000000355, 12.43484893668999902, 11.45334303706981416 ) ) ;
#689 = VECTOR ( 'NONE', #1041, 1000.000000000000000 ) ;
#690 = CARTESIAN_POINT ( 'NONE',  ( 40.00000000000000000, 20.00000000000000000, 11.36029767602993701 ) ) ;
#691 = DIRECTION ( 'NONE',  ( 1.000000000000000000, 0.000000000000000000, 0.000000000000000000 ) ) ;
#692 = CLOSED_SHELL ( 'NONE', ( #1301, #1221, #1161, #1975, #706, #93, #1317, #373, #674, #1508, #718, #1690, #1665, #1777, #698, #1558, #1788, #1028, #309, #1630, #446, #1854, #301, #786, #203, #1548, #1503, #554, #2115 ) ) ;
#693 = CARTESIAN_POINT ( 'NONE',  ( -18.94757358390529589, 10.00000000000000000, -14.87808875299229783 ) ) ;
#694 = CARTESIAN_POINT ( 'NONE',  ( 20.00000000000000000, 0.005332346422208663825, 0.01465050146296680358 ) ) ;
#695 = ORIENTED_EDGE ( 'NONE', *, *, #1371, .T. ) ;
#696 = CARTESIAN_POINT ( 'NONE',  ( -9.054163704758328990, 2.500000000000000444, 37.34412333552745622 ) ) ;
#697 = CARTESIAN_POINT ( 'NONE',  ( -3.914179053409542863, 7.499999999999999112, -22.49570054840648226 ) ) ;
#698 = ADVANCED_FACE ( 'NONE', ( #23 ), #34, .F. ) ;
#699 = VECTOR ( 'NONE', #2177, 1000.000000000000000 ) ;
#700 = CARTESIAN_POINT ( 'NONE',  ( 20.00000000000000355, 9.999999990654039550, 14.99999999999999645 ) ) ;
#701 = B_SPLINE_CURVE_WITH_KNOTS ( 'NONE', 3,
 ( #1898, #1053, #1879, #1543, #2061, #1195, #544, #197, #518, #16, #1230, #363, #527, #374, #1737, #2053, #1724, #1037, #1560, #727, #704, #1702, #48, #1397, #1201, #1044, #900, #2073, #1715, #179, #1571, #2031, #1355, #882, #1869, #1552 ),
 .UNSPECIFIED., .F., .F.,
 ( 4, 1, 1, 1, 1, 1, 1, 1, 1, 1, 1, 2, 2, 2, 2, 1, 1, 1, 1, 1, 1, 1, 1, 1, 1, 2, 2, 4 ),
 ( 0.000000000000000000, 0.1250000000000866252, 0.1875000000001298961, 0.2187500000001515177, 0.2343750000001623979, 0.2421875000001677269, 0.2460937500001702805, 0.2480468750001714462, 0.2490234375001719180, 0.2495117187501721401, 0.2497558593751723621, 0.2498779296876723621, 0.2500000000001723621, 0.3750000000001548206, 0.5000000000001374456, 0.6250000000001200151, 0.6875000000001112443, 0.7187500000001069145, 0.7343750000001048051, 0.7421875000001038059, 0.7460937500001032507, 0.7480468750001029177, 0.7490234375001028067, 0.7495117187501026956, 0.7497558593751026956, 0.7498779296876026956, 0.7500000000001025846, 1.000000000000000000 ),
 .UNSPECIFIED. ) ;
#702 = CARTESIAN_POINT ( 'NONE',  ( -18.54047131188483277, 10.00000000000000000, 16.03999868457928457 ) ) ;
#703 = LINE ( 'NONE', #372, #1866 ) ;
#704 = CARTESIAN_POINT ( 'NONE',  ( -15.45590290219356966, -0.000000000000000000, 18.91089624855036178 ) ) ;
#705 = ORIENTED_EDGE ( 'NONE', *, *, #1731, .F. ) ;
#706 = ADVANCED_FACE ( 'NONE', ( #713 ), #516, .T. ) ;
#707 = CARTESIAN_POINT ( 'NONE',  ( -17.09293504970708000, 7.500000000000001776, 36.38695379274622610 ) ) ;
#708 = UNCERTAINTY_MEASURE_WITH_UNIT (LENGTH_MEASURE( 1.000000000000000082E-05 ), #1224, 'distance_accuracy_value', 'NONE');
#709 = CARTESIAN_POINT ( 'NONE',  ( -9.025472773392982262, -0.000000000000000000, -19.81166119107983548 ) ) ;
#710 = DIRECTION ( 'NONE',  ( 0.000000000000000000, -0.3420201417746669970, -0.9396926213504268599 ) ) ;
#711 = CARTESIAN_POINT ( 'NONE',  ( -39.99999999999997868, 0.000000000000000000, -0.9898152369533995687 ) ) ;
#712 = CARTESIAN_POINT ( 'NONE',  ( -36.10723537761694502, 2.500000000000003553, 18.43882774702953853 ) ) ;
#713 = FACE_OUTER_BOUND ( 'NONE', #2116, .T. ) ;
#714 = B_SPLINE_CURVE_WITH_KNOTS ( 'NONE', 3,
 ( #193, #1369, #558, #1861, #2047, #529, #357, #339, #1039, #388, #1778, #1425, #1754, #2113, #232, #2088, #440, #51, #1949, #1268, #742, #598, #1586, #428, #931, #76, #1120, #2125, #1107, #90, #903, #960, #570, #245 ),
 .UNSPECIFIED., .F., .F.,
 ( 4, 2, 2, 2, 2, 2, 2, 2, 2, 2, 2, 2, 2, 2, 2, 2, 4 ),
 ( 0.000000000000000000, 0.009994167504415384443, 0.01249270938051922665, 0.01499125125662306886, 0.01624052219467499517, 0.01748979313272692321, 0.01873906407077885125, 0.01936369953980481354, 0.01998833500883077582, 0.02061297047785673464, 0.02123760594688270040, 0.02248687688493461109, 0.02373614782298652526, 0.02498541876103843942, 0.02998250251324610649, 0.03497958626545377009, 0.03997667001766143369 ),
 .UNSPECIFIED. ) ;
#715 = CARTESIAN_POINT ( 'NONE',  ( 22.50000000000000355, 20.00000000000000000, 14.99999999999999645 ) ) ;
#716 = CARTESIAN_POINT ( 'NONE',  ( 20.00000000000000000, 12.43484893668999902, 11.45334303706981416 ) ) ;
#717 = CARTESIAN_POINT ( 'NONE',  ( -9.727303445127493120, 7.499999999999997335, 37.30534674580334809 ) ) ;
#718 = ADVANCED_FACE ( 'NONE', ( #1692 ), #187, .T. ) ;
#719 = SURFACE_SIDE_STYLE ('',( #1707 ) ) ;
#720 = CARTESIAN_POINT ( 'NONE',  ( 40.00000000000000000, 10.00000000000000000, 18.50103769719801505 ) ) ;
#721 = CARTESIAN_POINT ( 'NONE',  ( 40.00000000000000000, 10.00000000000000000, 40.00000000000000711 ) ) ;
#722 = CARTESIAN_POINT ( 'NONE',  ( -37.50465688150804056, 7.500000000000002665, 5.219991595366848536 ) ) ;
#723 = EDGE_CURVE ( 'NONE', #875, #1275, #1551, .T. ) ;
#724 = EDGE_LOOP ( 'NONE', ( #1977, #1734, #866, #37 ) ) ;
#725 = CARTESIAN_POINT ( 'NONE',  ( -18.92203153215974609, 10.00000000000000000, 14.97110637940016531 ) ) ;
#726 = DIRECTION ( 'NONE',  ( 0.000000000000000000, 0.000000000000000000, -1.000000000000000000 ) ) ;
#727 = CARTESIAN_POINT ( 'NONE',  ( -16.97559935348064997, -0.000000000000000000, 18.21263387252207977 ) ) ;
#728 = CARTESIAN_POINT ( 'NONE',  ( 35.70000000000000284, 20.00000000000000000, 6.919106577989396101 ) ) ;
#729 = ORIENTED_EDGE ( 'NONE', *, *, #1118, .T. ) ;
#730 = CARTESIAN_POINT ( 'NONE',  ( -1.349867365756633575, 7.500000000000001776, 37.50001161211993406 ) ) ;
#731 = DIRECTION ( 'NONE',  ( 1.000000000000000000, -0.000000000000000000, 0.000000000000000000 ) ) ;
#732 = ORIENTED_EDGE ( 'NONE', *, *, #1314, .T. ) ;
#733 = PLANE ( 'NONE',  #403 ) ;
#734 = CARTESIAN_POINT ( 'NONE',  ( -37.49969177076686577, 2.500000000000000444, -0.4037458700326423400 ) ) ;
#735 = VECTOR ( 'NONE', #632, 1000.000000000000000 ) ;
#736 = ORIENTED_EDGE ( 'NONE', *, *, #160, .F. ) ;
#737 = CARTESIAN_POINT ( 'NONE',  ( -19.10552904807416752, 0.000000000000000000, 14.23943524353550494 ) ) ;
#738 = LINE ( 'NONE', #1407, #351 ) ;
#739 = CARTESIAN_POINT ( 'NONE',  ( -17.80480383283164514, 2.500000000000000444, 20.47716453539420201 ) ) ;
#740 = CARTESIAN_POINT ( 'NONE',  ( -4.064888503233620831, 2.499999999999999556, -22.49526664759819994 ) ) ;
#741 = VERTEX_POINT ( 'NONE', #1542 ) ;
#742 = CARTESIAN_POINT ( 'NONE',  ( -18.53952703407720293, 7.500000000000001776, 20.05534311303302886 ) ) ;
#743 = CARTESIAN_POINT ( 'NONE',  ( -17.77833392538492774, 2.500000000000000000, -20.49384018324583323 ) ) ;
#744 = EDGE_LOOP ( 'NONE', ( #171, #455, #509, #107, #798, #262, #220 ) ) ;
#745 = CARTESIAN_POINT ( 'NONE',  ( -36.92163866839042186, 2.499999999999996447, -13.97476081226827205 ) ) ;
#746 = CARTESIAN_POINT ( 'NONE',  ( 35.70000000000000284, 20.00000000000000000, 17.54467126683525535 ) ) ;
#747 = CARTESIAN_POINT ( 'NONE',  ( -34.86646908193122840, 2.500000000000005773, 22.41207885690386803 ) ) ;
#748 = VERTEX_POINT ( 'NONE', #1030 ) ;
#749 = CARTESIAN_POINT ( 'NONE',  ( -37.49999999999999289, 2.500000000000000888, 0.0009520347816886039682 ) ) ;
#750 = CARTESIAN_POINT ( 'NONE',  ( -14.97110637927116983, 10.00000000000000000, -18.92203153219670142 ) ) ;
#751 = VECTOR ( 'NONE', #1432, 1000.000000000000000 ) ;
#752 = CARTESIAN_POINT ( 'NONE',  ( -17.28561488631602572, 2.500000000000000000, 20.72485602657282300 ) ) ;
#753 = CARTESIAN_POINT ( 'NONE',  ( 0.000000000000000000, 10.00000000000000000, -39.99999999999989342 ) ) ;
#754 = CARTESIAN_POINT ( 'NONE',  ( -2.499999999999936939, 7.500000000000001776, -37.49711340226204470 ) ) ;
#755 = CARTESIAN_POINT ( 'NONE',  ( -4.670184259068210331, 8.673617379884035472E-15, -39.99885185340452409 ) ) ;
#756 = CARTESIAN_POINT ( 'NONE',  ( -19.41062223786348540, 7.500000000000000888, -19.33741523170680310 ) ) ;
#757 = ORIENTED_EDGE ( 'NONE', *, *, #610, .T. ) ;
#758 = CARTESIAN_POINT ( 'NONE',  ( -27.41841852041231320, 10.00000000000000000, 35.18290614456401499 ) ) ;
#759 = CARTESIAN_POINT ( 'NONE',  ( -23.66620764920680386, 0.000000000000000000, 37.05703696311665141 ) ) ;
#760 = ORIENTED_EDGE ( 'NONE', *, *, #74, .T. ) ;
#761 = CARTESIAN_POINT ( 'NONE',  ( -10.57722511781796193, 7.500000000000002665, 37.25749282820020625 ) ) ;
#762 = LINE ( 'NONE', #1907, #751 ) ;
#763 = CARTESIAN_POINT ( 'NONE',  ( -22.50228602864814675, 7.499999999999999112, 3.008167361444277432 ) ) ;
#764 = CARTESIAN_POINT ( 'NONE',  ( -29.37594347743084455, 10.00000000000000000, 33.87604132617425989 ) ) ;
#765 = CARTESIAN_POINT ( 'NONE',  ( -5.043875163688168684, 7.500000000000003553, -37.48660214877839536 ) ) ;
#766 = CARTESIAN_POINT ( 'NONE',  ( -1.569363616360506031, 8.673617379884035472E-15, -40.00119527118428664 ) ) ;
#767 = CARTESIAN_POINT ( 'NONE',  ( -10.41384145089568491, 7.500000000000000000, -22.21631308836311547 ) ) ;
#768 = VERTEX_POINT ( 'NONE', #2052 ) ;
#769 = CARTESIAN_POINT ( 'NONE',  ( -39.99885185340385618, 1.040834085586084257E-14, 4.670184259109666058 ) ) ;
#770 = FACE_OUTER_BOUND ( 'NONE', #965, .T. ) ;
#771 = EDGE_LOOP ( 'NONE', ( #338, #217, #592, #2106 ) ) ;
#772 = CARTESIAN_POINT ( 'NONE',  ( -5.293057194072287253, 2.500000000000005773, 37.47342670282250765 ) ) ;
#773 = CARTESIAN_POINT ( 'NONE',  ( -6.026104231963068436, 10.00000000000000000, -20.01652818335833217 ) ) ;
#774 = CARTESIAN_POINT ( 'NONE',  ( -19.43331697480071796, 7.500000000000000000, 19.31313411585828987 ) ) ;
#775 = CARTESIAN_POINT ( 'NONE',  ( -21.37658688818390118, 2.500000000000000444, -15.46546661721930960 ) ) ;
#776 = CARTESIAN_POINT ( 'NONE',  ( -37.06675214152789977, 7.499999999999994671, -12.70482008755063497 ) ) ;
#777 = CARTESIAN_POINT ( 'NONE',  ( 22.50000000000000355, 20.00000000000000000, -7.262813331110645088 ) ) ;
#778 = CARTESIAN_POINT ( 'NONE',  ( -13.78431346780964617, 2.500000000000000444, -21.74968795315245984 ) ) ;
#779 = VECTOR ( 'NONE', #175, 1000.000000000000000 ) ;
#780 = EDGE_CURVE ( 'NONE', #1225, #1275, #828, .T. ) ;
#781 = EDGE_LOOP ( 'NONE', ( #1806, #729, #116, #40, #465, #1903, #1174, #905, #1913, #442 ) ) ;
#782 = DIRECTION ( 'NONE',  ( 0.000000000000000000, -2.089880577511254378E-16, 1.000000000000000000 ) ) ;
#783 = CARTESIAN_POINT ( 'NONE',  ( 20.00000000000000000, 20.00000000000000000, 8.699853246438411958 ) ) ;
#784 = EDGE_LOOP ( 'NONE', ( #850, #1235, #971, #1951 ) ) ;
#785 = CARTESIAN_POINT ( 'NONE',  ( -13.21238455416324165, 7.500000000000000888, 37.00201860353426042 ) ) ;
#786 = ADVANCED_FACE ( 'NONE', ( #1773 ), #956, .T. ) ;
#787 = CARTESIAN_POINT ( 'NONE',  ( -19.56566178467636163, 10.00000000000000000, -11.93344384000105052 ) ) ;
#788 = CARTESIAN_POINT ( 'NONE',  ( -20.31706343093498290, 2.500000000000000000, 18.11177493940250116 ) ) ;
#789 = CARTESIAN_POINT ( 'NONE',  ( -39.97690603274460841, 10.00000000000000000, -6.412221231902894836 ) ) ;
#790 = DIRECTION ( 'NONE',  ( 0.000000000000000000, -0.9396926213504268599, 0.3420201417746668304 ) ) ;
#791 = CARTESIAN_POINT ( 'NONE',  ( -23.70871883784909429, 7.500000000000004441, -34.31805778592222111 ) ) ;
#792 = DIRECTION ( 'NONE',  ( 0.000000000000000000, -0.9396926213504268599, 0.3420201417746668304 ) ) ;
#793 = CARTESIAN_POINT ( 'NONE',  ( -20.35372973841530708, 2.500000000000000000, -18.03988049697216667 ) ) ;
#794 = EDGE_LOOP ( 'NONE', ( #1840, #271, #81, #274 ) ) ;
#795 = CARTESIAN_POINT ( 'NONE',  ( -37.28496001288306871, 2.499999999999995115, -10.16889901442209343 ) ) ;
#796 = CARTESIAN_POINT ( 'NONE',  ( -39.93383091286293052, 0.000000000000000000, 8.815031395579573825 ) ) ;
#797 = EDGE_CURVE ( 'NONE', #1613, #1225, #1209, .T. ) ;
#798 = ORIENTED_EDGE ( 'NONE', *, *, #1091, .F. ) ;
#799 = CARTESIAN_POINT ( 'NONE',  ( -29.02494083703193084, 2.500000000000003553, 30.93436605816950546 ) ) ;
#800 = CARTESIAN_POINT ( 'NONE',  ( -20.11529472474891378, 0.000000000000000000, -38.27246341362247506 ) ) ;
#801 = CARTESIAN_POINT ( 'NONE',  ( 35.70000000000000284, 20.00000000000000000, -5.482066662661625678 ) ) ;
#802 = EDGE_CURVE ( 'NONE', #923, #381, #1214, .T. ) ;
#803 = CARTESIAN_POINT ( 'NONE',  ( -37.28496001288306871, 7.499999999999993783, -10.16889901442209343 ) ) ;
#804 = DIRECTION ( 'NONE',  ( 0.000000000000000000, 0.000000000000000000, -1.000000000000000000 ) ) ;
#805 = ORIENTED_EDGE ( 'NONE', *, *, #454, .T. ) ;
#806 = AXIS2_PLACEMENT_3D ( 'NONE', #41, #1733, #1050 ) ;
#807 = CARTESIAN_POINT ( 'NONE',  ( -17.88355117221228241, 7.499999999999999112, -20.44559870353802111 ) ) ;
#808 = CARTESIAN_POINT ( 'NONE',  ( -7.869382559957784018, 7.500000000000003553, -37.44086188447619179 ) ) ;
#809 = B_SPLINE_SURFACE_WITH_KNOTS ( 'NONE', 4, 1, ( 
 ( #417, #1451 ),
 ( #611, #766 ),
 ( #1438, #755 ),
 ( #1081, #1095 ),
 ( #1766, #269 ),
 ( #102, #1489 ),
 ( #1281, #1962 ),
 ( #2165, #1234 ),
 ( #1911, #1740 ),
 ( #143, #186 ),
 ( #312, #1857 ),
 ( #1181, #1498 ),
 ( #1700, #1170 ),
 ( #2189, #515 ),
 ( #2003, #1193 ),
 ( #1846, #1521 ),
 ( #2175, #2043 ),
 ( #1353, #679 ),
 ( #1837, #333 ),
 ( #483, #1331 ),
 ( #525, #1867 ),
 ( #996, #353 ),
 ( #1019, #321 ),
 ( #846, #1200 ) ),
 .UNSPECIFIED., .F., .F., .F.,
 ( 5, 1, 1, 1, 1, 1, 1, 1, 1, 1, 1, 1, 1, 1, 1, 1, 1, 1, 1, 1, 5 ),
 ( 2, 2 ),
 ( 0.05598378939387908815, 0.1438434350946110052, 0.2295776819181162831, 0.2879854558222758043, 0.3173365680213706130, 0.3466825347547381475, 0.4053812968129854588, 0.4640790138278863552, 0.5178832292953404748, 0.5614407115022000960, 0.5907904099055740765, 0.6201398579447698900, 0.6494894125024174292, 0.6788391061139178451, 0.7081886800740279098, 0.7375382592651129610, 0.7668879200446155897, 0.8239022218958610422, 0.8826014781629870631, 0.9413007387147187544, 1.000000000000000000 ),
 ( 0.000000000000000000, 1.000000000000000000 ),
 .UNSPECIFIED. ) ;
#810 = VECTOR ( 'NONE', #1910, 1000.000000000000000 ) ;
#811 = ORIENTED_EDGE ( 'NONE', *, *, #1927, .F. ) ;
#812 = DIRECTION ( 'NONE',  ( -1.000000000000000000, 0.000000000000000000, 0.000000000000000000 ) ) ;
#813 = FACE_OUTER_BOUND ( 'NONE', #2094, .T. ) ;
#814 = CARTESIAN_POINT ( 'NONE',  ( -4.744877096829533514, -0.000000000000000000, -19.97917534397928208 ) ) ;
#815 = CARTESIAN_POINT ( 'NONE',  ( -1.569363616360506031, 10.00000000000000000, -40.00119527118428664 ) ) ;
#816 = VECTOR ( 'NONE', #2023, 1000.000000000000114 ) ;
#817 = PLANE ( 'NONE',  #1471 ) ;
#818 = AXIS2_PLACEMENT_3D ( 'NONE', #58, #1550, #1250 ) ;
#819 = CARTESIAN_POINT ( 'NONE',  ( 24.30000000000000426, 30.00000000000000355, -9.121768986631687781 ) ) ;
#820 = EDGE_LOOP ( 'NONE', ( #980, #760, #1668, #1357 ) ) ;
#821 = CARTESIAN_POINT ( 'NONE',  ( -22.18542386074796013, 7.499999999999999112, -10.88482518881898287 ) ) ;
#822 = CARTESIAN_POINT ( 'NONE',  ( -37.34685008590574995, 2.500000000000003109, -9.002761237535064964 ) ) ;
#823 = CARTESIAN_POINT ( 'NONE',  ( -11.59023829725776267, 2.500000000000000000, 22.11554945836681441 ) ) ;
#824 = CARTESIAN_POINT ( 'NONE',  ( 0.007616278319834358414, 2.500000000000000000, 22.50000000000000000 ) ) ;
#825 = CARTESIAN_POINT ( 'NONE',  ( -17.05361165404561063, 10.00000000000000000, -38.97762941599560094 ) ) ;
#826 = CARTESIAN_POINT ( 'NONE',  ( -18.10222200286614225, 0.000000000000000000, -16.96401706662437192 ) ) ;
#827 = B_SPLINE_SURFACE_WITH_KNOTS ( 'NONE', 3, 1, ( 
 ( #219, #1359 ),
 ( #27, #697 ),
 ( #904, #2065 ),
 ( #539, #1059 ),
 ( #1215, #894 ),
 ( #1891, #200 ),
 ( #1108, #767 ),
 ( #52, #1121 ),
 ( #621, #932 ),
 ( #778, #1413 ),
 ( #1938, #970 ),
 ( #1452, #1779 ),
 ( #1282, #233 ),
 ( #1801, #1096 ),
 ( #280, #257 ),
 ( #946, #1767 ),
 ( #918, #103 ),
 ( #2114, #1258 ),
 ( #246, #1082 ),
 ( #743, #1587 ),
 ( #418, #1440 ),
 ( #2089, #1130 ),
 ( #65, #1612 ),
 ( #91, #441 ),
 ( #1599, #584 ),
 ( #77, #756 ),
 ( #1755, #1426 ),
 ( #1624, #599 ),
 ( #2126, #1950 ),
 ( #1462, #961 ),
 ( #1792, #1922 ),
 ( #612, #1963 ),
 ( #793, #2101 ),
 ( #1269, #270 ),
 ( #429, #2137 ),
 ( #1290, #1974 ),
 ( #453, #571 ),
 ( #1245, #404 ),
 ( #840, #989 ),
 ( #1334, #998 ),
 ( #146, #1163 ),
 ( #1815, #304 ),
 ( #473, #672 ),
 ( #849, #1634 ),
 ( #2146, #158 ),
 ( #1501, #2155 ),
 ( #1839, #1472 ),
 ( #1140, #1482 ),
 ( #499, #1347 ),
 ( #1010, #2167 ),
 ( #336, #508 ),
 ( #829, #2005 ),
 ( #1172, #654 ),
 ( #2179, #663 ) ),
 .UNSPECIFIED., .F., .F., .F.,
 ( 4, 2, 2, 2, 2, 2, 2, 2, 2, 2, 2, 2, 2, 2, 2, 2, 2, 2, 2, 2, 2, 2, 2, 2, 2, 2, 4 ),
 ( 2, 2 ),
 ( 0.000000000000000000, 0.1250000000000027478, 0.1875000000000040801, 0.2500000000000054401, 0.3125000000000067724, 0.3437500000000073275, 0.3750000000000078826, 0.3906250000000082157, 0.4062500000000084932, 0.4218750000000087708, 0.4375000000000090483, 0.4531250000000093259, 0.4609375000000094369, 0.4648437500000093814, 0.4687500000000093814, 0.4843750000000091038, 0.4921875000000091038, 0.5000000000000091038, 0.5156250000000088818, 0.5234375000000088818, 0.5312500000000087708, 0.5625000000000082157, 0.5937500000000077716, 0.6250000000000072164, 0.6875000000000059952, 0.7500000000000047740, 1.000000000000000000 ),
 ( 0.000000000000000000, 1.000000000000000000 ),
 .UNSPECIFIED. ) ;
#828 = B_SPLINE_CURVE_WITH_KNOTS ( 'NONE', 3,
 ( #178, #2044, #526, #534, #1208, #1043, #2060, #543, #1219, #1090, #1606, #939, #1944, #264, #59, #1103, #565, #1240, #1761, #1957, #1917, #214 ),
 .UNSPECIFIED., .F., .F.,
 ( 4, 2, 2, 2, 2, 2, 2, 2, 2, 2, 4 ),
 ( 0.000000000000000000, 0.2500000000000003331, 0.3750000000000004996, 0.4375000000000005551, 0.4687500000000005551, 0.5000000000000005551, 0.5312500000000005551, 0.5625000000000006661, 0.6250000000000004441, 0.7500000000000003331, 1.000000000000000000 ),
 .UNSPECIFIED. ) ;
#829 = CARTESIAN_POINT ( 'NONE',  ( -22.51701816117188315, 2.499999999999999556, -5.609357563922020340 ) ) ;
#830 = EDGE_CURVE ( 'NONE', #1313, #1600, #762, .T. ) ;
#831 = EDGE_LOOP ( 'NONE', ( #528, #1915, #208, #1456 ) ) ;
#832 = CARTESIAN_POINT ( 'NONE',  ( -6.412221231902804242, 10.00000000000000000, 39.97690603274462973 ) ) ;
#833 = CARTESIAN_POINT ( 'NONE',  ( -37.49793674479550987, 2.499999999999999556, -2.254031238054019948 ) ) ;
#834 = B_SPLINE_CURVE_WITH_KNOTS ( 'NONE', 4,
 ( #1844, #1005, #153, #2133, #1297, #276, #800, #118, #1710, #1875, #1179, #880, #1017, #1373, #855, #360, #1699, #1520, #2041, #2197, #185, #678, #711, #513 ),
 .UNSPECIFIED., .F., .F.,
 ( 5, 1, 1, 1, 1, 1, 1, 1, 1, 1, 1, 1, 1, 1, 1, 1, 1, 1, 1, 1, 5 ),
 ( 0.05598378939387908815, 0.1438434350946110052, 0.2295776819181162831, 0.2879854558222758043, 0.3173365680213706130, 0.3466825347547381475, 0.4053812968129854588, 0.4640790138278863552, 0.5178832292953404748, 0.5614407115022000960, 0.5907904099055740765, 0.6201398579447698900, 0.6494894125024174292, 0.6788391061139178451, 0.7081886800740279098, 0.7375382592651129610, 0.7668879200446154787, 0.8239022218958610422, 0.8826014781629870631, 0.9413007387147187544, 1.000000000000000000 ),
 .UNSPECIFIED. ) ;
#835 = CARTESIAN_POINT ( 'NONE',  ( 24.30000000000000426, 20.00000000000000000, 6.919106577989395213 ) ) ;
#836 = DIRECTION ( 'NONE',  ( 0.000000000000000000, 0.9396926213504269709, -0.3420201417746666639 ) ) ;
#837 = CARTESIAN_POINT ( 'NONE',  ( -11.08103084631173552, 2.499999999999999556, 22.14545068695447583 ) ) ;
#838 = CARTESIAN_POINT ( 'NONE',  ( 20.00000000000000000, 20.00000000000000711, -9.923257760702171026 ) ) ;
#839 = CARTESIAN_POINT ( 'NONE',  ( -6.026104231963068436, 0.000000000000000000, -20.01652818335833217 ) ) ;
#840 = CARTESIAN_POINT ( 'NONE',  ( -20.93343021780696134, 2.500000000000000000, -16.76630900970788218 ) ) ;
#841 = VERTEX_POINT ( 'NONE', #1932 ) ;
#842 = CARTESIAN_POINT ( 'NONE',  ( -17.13850849324424885, 10.00000000000000000, 38.95702569657480296 ) ) ;
#843 = CARTESIAN_POINT ( 'NONE',  ( -37.47495844105377927, 2.500000000000003997, -5.012806190801785355 ) ) ;
#844 = CARTESIAN_POINT ( 'NONE',  ( -21.02313356286603607, 2.500000000000000000, 16.53866162576419185 ) ) ;
#845 = CARTESIAN_POINT ( 'NONE',  ( -9.517189520847633588, 7.499999999999999112, 22.28315191852873056 ) ) ;
#846 = CARTESIAN_POINT ( 'NONE',  ( -39.99999999999999289, 10.00000000000000000, -6.746151630814826075E-12 ) ) ;
#847 = EDGE_CURVE ( 'NONE', #2157, #191, #383, .T. ) ;
#848 = FACE_OUTER_BOUND ( 'NONE', #50, .T. ) ;
#849 = CARTESIAN_POINT ( 'NONE',  ( -21.53594685154934396, 2.499999999999999556, -14.78320479589629066 ) ) ;
#850 = ORIENTED_EDGE ( 'NONE', *, *, #1091, .T. ) ;
#851 = CARTESIAN_POINT ( 'NONE',  ( -0.9898152369532600137, 10.00000000000000000, 39.99999999999999289 ) ) ;
#852 = CARTESIAN_POINT ( 'NONE',  ( -37.48387117322082673, 2.500000000000003997, -4.318397220048325380 ) ) ;
#853 = CARTESIAN_POINT ( 'NONE',  ( -9.027318707984338886, -0.000000000000000000, -19.81153540555657955 ) ) ;
#854 = CARTESIAN_POINT ( 'NONE',  ( -19.64135071002246136, 2.500000000000000888, 19.08982261212095466 ) ) ;
#855 = CARTESIAN_POINT ( 'NONE',  ( -37.05703696311655904, 0.000000000000000000, -23.66620764920693176 ) ) ;
#856 = CARTESIAN_POINT ( 'NONE',  ( 40.00000000000000000, 10.00000000000000000, 20.00000001869192445 ) ) ;
#857 = CARTESIAN_POINT ( 'NONE',  ( -14.97110637927116983, 10.00000000000000000, -18.92203153219670142 ) ) ;
#858 = CARTESIAN_POINT ( 'NONE',  ( -29.04115458928841775, 2.500000000000000888, -30.87410617183298456 ) ) ;
#859 = ORIENTED_EDGE ( 'NONE', *, *, #1118, .F. ) ;
#860 = CARTESIAN_POINT ( 'NONE',  ( -23.33770175271864389, 7.500000000000000888, 34.45578048842100571 ) ) ;
#861 = CARTESIAN_POINT ( 'NONE',  ( -33.64804153555187582, 2.499999999999994227, -25.05772407559414461 ) ) ;
#862 = AXIS2_PLACEMENT_3D ( 'NONE', #131, #297, #836 ) ;
#863 = DIRECTION ( 'NONE',  ( 0.000000000000000000, -2.089880577511254378E-16, 1.000000000000000000 ) ) ;
#864 = CARTESIAN_POINT ( 'NONE',  ( 2.449473395542545100E-05, 4.166666666666666963, 22.50000003726385245 ) ) ;
#865 = LINE ( 'NONE', #188, #1753 ) ;
#866 = ORIENTED_EDGE ( 'NONE', *, *, #2156, .F. ) ;
#867 = CARTESIAN_POINT ( 'NONE',  ( -13.80767412606238231, 7.500000000000000000, 36.92996094663945428 ) ) ;
#868 = VECTOR ( 'NONE', #2022, 1000.000000000000000 ) ;
#869 = PLANE ( 'NONE',  #7 ) ;
#870 = AXIS2_PLACEMENT_3D ( 'NONE', #549, #710, #350 ) ;
#871 = FACE_OUTER_BOUND ( 'NONE', #411, .T. ) ;
#872 = DIRECTION ( 'NONE',  ( 0.000000000000000000, 0.000000000000000000, -1.000000000000000000 ) ) ;
#873 = VECTOR ( 'NONE', #1695, 1000.000000000000000 ) ;
#874 = CARTESIAN_POINT ( 'NONE',  ( -19.99999999999998934, 10.00000000000000000, 0.007616278319824883354 ) ) ;
#875 = VERTEX_POINT ( 'NONE', #2109 ) ;
#876 = CARTESIAN_POINT ( 'NONE',  ( -7.018098666306967992, 7.500000000000002665, 37.42953039054339115 ) ) ;
#877 = PRESENTATION_STYLE_ASSIGNMENT (( #1048 ) ) ;
#878 = CARTESIAN_POINT ( 'NONE',  ( -19.74181736432367984, -0.000000000000000000, -9.933552930306603912 ) ) ;
#879 = LINE ( 'NONE', #746, #981 ) ;
#880 = CARTESIAN_POINT ( 'NONE',  ( -33.87604132617414621, 0.000000000000000000, -29.37594347743096179 ) ) ;
#881 = CARTESIAN_POINT ( 'NONE',  ( -20.00229179247077482, 10.00000000000000000, 3.016687162991559035 ) ) ;
#882 = CARTESIAN_POINT ( 'NONE',  ( -7.148096929212933048, -0.000000000000000000, 19.93840335484160065 ) ) ;
#883 = ORIENTED_EDGE ( 'NONE', *, *, #227, .T. ) ;
#884 = CARTESIAN_POINT ( 'NONE',  ( -21.53254778412954806, 7.499999999999999112, 35.16904307731064705 ) ) ;
#885 = SURFACE_STYLE_USAGE ( .BOTH. , #1741 ) ;
#886 = LINE ( 'NONE', #1049, #522 ) ;
#887 = FACE_OUTER_BOUND ( 'NONE', #1414, .T. ) ;
#888 = DIRECTION ( 'NONE',  ( 0.000000000000000000, -0.9396926213504269709, 0.3420201417746668859 ) ) ;
#889 = DIRECTION ( 'NONE',  ( 0.000000000000000000, 0.000000000000000000, 1.000000000000000000 ) ) ;
#890 = CARTESIAN_POINT ( 'NONE',  ( -19.99999999999996447, 10.00000000000000000, -2.985335575510805306 ) ) ;
#891 = CARTESIAN_POINT ( 'NONE',  ( -6.412221231902804242, 10.00000000000000000, 39.97690603274462973 ) ) ;
#892 = ORIENTED_EDGE ( 'NONE', *, *, #830, .T. ) ;
#893 = CARTESIAN_POINT ( 'NONE',  ( -11.08508533940768359, 2.500000000000000444, 37.20840026695246650 ) ) ;
#894 = CARTESIAN_POINT ( 'NONE',  ( -8.226414327192085096, 7.500000000000000000, -22.36883503785364979 ) ) ;
#895 = ORIENTED_EDGE ( 'NONE', *, *, #160, .T. ) ;
#896 = FACE_OUTER_BOUND ( 'NONE', #784, .T. ) ;
#897 = VERTEX_POINT ( 'NONE', #45 ) ;
#898 = CARTESIAN_POINT ( 'NONE',  ( -11.93344383998631208, 10.00000000000000000, 19.56566178467517148 ) ) ;
#899 = DIRECTION ( 'NONE',  ( 0.000000000000000000, 0.9396926213504268599, -0.3420201417746668859 ) ) ;
#900 = CARTESIAN_POINT ( 'NONE',  ( -9.084470546114625122, -0.000000000000000000, 19.80665545398097649 ) ) ;
#901 = CARTESIAN_POINT ( 'NONE',  ( -38.27246341362239690, 10.00000000000000000, 20.11529472474905234 ) ) ;
#902 = ORIENTED_EDGE ( 'NONE', *, *, #17, .F. ) ;
#903 = CARTESIAN_POINT ( 'NONE',  ( -6.638220481400489703, 7.500000000000000000, 22.44667691650310459 ) ) ;
#904 = CARTESIAN_POINT ( 'NONE',  ( -5.341942902699372553, 2.499999999999998668, -22.48038363134398310 ) ) ;
#905 = ORIENTED_EDGE ( 'NONE', *, *, #1533, .F. ) ;
#906 = CARTESIAN_POINT ( 'NONE',  ( -39.93383091285956255, 10.00000000000000000, 8.815031395620783528 ) ) ;
#907 = FACE_OUTER_BOUND ( 'NONE', #744, .T. ) ;
#908 = CARTESIAN_POINT ( 'NONE',  ( -34.86646908193122840, 7.500000000000005329, 22.41207885690386803 ) ) ;
#909 = VECTOR ( 'NONE', #1701, 1000.000000000000000 ) ;
#910 = VERTEX_POINT ( 'NONE', #912 ) ;
#911 = CARTESIAN_POINT ( 'NONE',  ( -17.83917598762733547, 0.000000000000000000, 17.38337988011228319 ) ) ;
#912 = CARTESIAN_POINT ( 'NONE',  ( -19.99999999999998934, 0.000000000000000000, 0.007616278319824883354 ) ) ;
#913 = EDGE_CURVE ( 'NONE', #1889, #1797, #738, .T. ) ;
#914 = CARTESIAN_POINT ( 'NONE',  ( -17.86107069889335008, 2.500000000000000444, 20.44830351290083925 ) ) ;
#915 = CARTESIAN_POINT ( 'NONE',  ( -39.99885185340450278, 10.00000000000000000, 4.670184259068359545 ) ) ;
#916 = LINE ( 'NONE', #1752, #984 ) ;
#917 = CARTESIAN_POINT ( 'NONE',  ( 20.00000000000000000, 20.00000000000000000, 11.36029767602993701 ) ) ;
#918 = CARTESIAN_POINT ( 'NONE',  ( -16.72179814426856836, 2.500000000000000888, -20.95208801502655405 ) ) ;
#919 = ORIENTED_EDGE ( 'NONE', *, *, #468, .T. ) ;
#920 = CARTESIAN_POINT ( 'NONE',  ( -29.37594347743084455, 10.00000000000000000, 33.87604132617425989 ) ) ;
#921 = CARTESIAN_POINT ( 'NONE',  ( -21.69105786472510999, 0.000000000000000000, 37.77846372723094248 ) ) ;
#922 = CARTESIAN_POINT ( 'NONE',  ( -33.19256857260654670, 2.500000000000003109, 25.87500988833092208 ) ) ;
#923 = VERTEX_POINT ( 'NONE', #1582 ) ;
#924 = CARTESIAN_POINT ( 'NONE',  ( -10.44899950101179797, 0.000000000000000000, 19.71412215042690619 ) ) ;
#925 = CARTESIAN_POINT ( 'NONE',  ( -17.38337988001658729, 10.00000000000000000, -17.83917598770275958 ) ) ;
#926 = AXIS2_PLACEMENT_3D ( 'NONE', #1468, #2162, #140 ) ;
#927 = CARTESIAN_POINT ( 'NONE',  ( -17.51468675351475213, 7.499999999999999112, 20.62248490559001368 ) ) ;
#928 = ADVANCED_FACE ( 'NONE', ( #2096 ), #578, .F. ) ;
#929 = CARTESIAN_POINT ( 'NONE',  ( -27.41841852041231320, 10.00000000000000000, 35.18290614456401499 ) ) ;
#930 = LINE ( 'NONE', #1973, #1930 ) ;
#931 = CARTESIAN_POINT ( 'NONE',  ( -16.46432746007146264, 7.500000000000001776, 21.04944325760855151 ) ) ;
#932 = CARTESIAN_POINT ( 'NONE',  ( -12.65125074483721335, 7.500000000000000000, -21.95241178760528555 ) ) ;
#933 = ORIENTED_EDGE ( 'NONE', *, *, #377, .F. ) ;
#934 = CARTESIAN_POINT ( 'NONE',  ( -35.63476596357692472, 2.499999999999996003, -20.17058346304790106 ) ) ;
#935 = FACE_OUTER_BOUND ( 'NONE', #1038, .T. ) ;
#936 = CARTESIAN_POINT ( 'NONE',  ( -36.04901045396970005, 7.500000000000001776, 18.67391707019088898 ) ) ;
#937 = ORIENTED_EDGE ( 'NONE', *, *, #497, .T. ) ;
#938 = CARTESIAN_POINT ( 'NONE',  ( 0.000000000000000000, 2.500000000000000444, 37.50000000000000711 ) ) ;
#939 = CARTESIAN_POINT ( 'NONE',  ( -17.29552694789736123, 10.00000000000000000, 17.90373848886802932 ) ) ;
#940 = CARTESIAN_POINT ( 'NONE',  ( -19.62207052375517691, 7.500000000000000000, 19.10708640377498213 ) ) ;
#941 = CARTESIAN_POINT ( 'NONE',  ( -19.72679252457335153, 2.499999999999999556, -19.00506973681038403 ) ) ;
#942 = DIRECTION ( 'NONE',  ( -0.000000000000000000, 0.3420201417746668859, 0.9396926213504269709 ) ) ;
#943 = ADVANCED_FACE ( 'NONE', ( #813 ), #1307, .T. ) ;
#944 = CARTESIAN_POINT ( 'NONE',  ( -27.05525940547326869, 7.500000000000000888, -32.44638628340488395 ) ) ;
#945 = LINE ( 'NONE', #1937, #1415 ) ;
#946 = CARTESIAN_POINT ( 'NONE',  ( -16.52041592630185107, 2.500000000000000444, -21.02512429718685638 ) ) ;
#947 = EDGE_CURVE ( 'NONE', #1851, #768, #449, .T. ) ;
#948 = ORIENTED_EDGE ( 'NONE', *, *, #847, .F. ) ;
#949 = CARTESIAN_POINT ( 'NONE',  ( -25.57830364538256518, 10.00000000000000000, 36.19470888117302110 ) ) ;
#950 = CARTESIAN_POINT ( 'NONE',  ( 37.50000000000000000, 2.500000000000000000, 37.50000000000000711 ) ) ;
#951 = B_SPLINE_CURVE_WITH_KNOTS ( 'NONE', 3,
 ( #1654, #650, #1812, #641 ),
 .UNSPECIFIED., .F., .F.,
 ( 4, 4 ),
 ( 0.000000000000000000, 1.000000000000000000 ),
 .UNSPECIFIED. ) ;
#952 = PRODUCT_DEFINITION_SHAPE ( 'NONE', 'NONE',  #1899 ) ;
#953 = AXIS2_PLACEMENT_3D ( 'NONE', #587, #1247, #782 ) ;
#954 = ORIENTED_EDGE ( 'NONE', *, *, #368, .T. ) ;
#955 = CARTESIAN_POINT ( 'NONE',  ( -24.02583659027844121, 7.499999999999997335, 34.14186845850252183 ) ) ;
#956 = PLANE ( 'NONE',  #1034 ) ;
#957 = CARTESIAN_POINT ( 'NONE',  ( -20.68149128882782151, 7.500000000000000000, 17.41417242139437960 ) ) ;
#958 = DIRECTION ( 'NONE',  ( 0.000000000000000000, 0.000000000000000000, -1.000000000000000000 ) ) ;
#959 = CARTESIAN_POINT ( 'NONE',  ( -16.42160524904121033, 7.500000000000001776, -36.51901792182469109 ) ) ;
#960 = CARTESIAN_POINT ( 'NONE',  ( -3.320051508545542429, 7.500000000000002665, 22.50510742983805557 ) ) ;
#961 = CARTESIAN_POINT ( 'NONE',  ( -19.90899836497294118, 7.500000000000000000, -18.76126263762082758 ) ) ;
#962 = ORIENTED_EDGE ( 'NONE', *, *, #532, .F. ) ;
#963 = CARTESIAN_POINT ( 'NONE',  ( -25.57830364538256518, 8.673617379884035472E-15, 36.19470888117302110 ) ) ;
#964 = CARTESIAN_POINT ( 'NONE',  ( -6.412221231902804242, 0.000000000000000000, 39.97690603274462973 ) ) ;
#965 = EDGE_LOOP ( 'NONE', ( #96, #2036, #57, #919 ) ) ;
#966 = CARTESIAN_POINT ( 'NONE',  ( -35.38109167241512409, 7.500000000000005329, 20.97911490861489625 ) ) ;
#967 = CARTESIAN_POINT ( 'NONE',  ( -17.97931580367390580, 7.500000000000000000, 20.38588336360615827 ) ) ;
#968 = SHAPE_DEFINITION_REPRESENTATION ( #952, #144 ) ;
#969 = DIRECTION ( 'NONE',  ( 0.000000000000000000, 0.9396926213504268599, -0.3420201417746669970 ) ) ;
#970 = CARTESIAN_POINT ( 'NONE',  ( -14.16106628971443726, 7.500000000000000000, -21.67476056057333977 ) ) ;
#971 = ORIENTED_EDGE ( 'NONE', *, *, #323, .F. ) ;
#972 = CARTESIAN_POINT ( 'NONE',  ( -10.37431113932545657, 8.673617379884035472E-15, 39.80884687632107699 ) ) ;
#973 = CARTESIAN_POINT ( 'NONE',  ( -38.27246341362239690, 0.000000000000000000, 20.11529472474905234 ) ) ;
#974 = ORIENTED_EDGE ( 'NONE', *, *, #1233, .F. ) ;
#975 = CARTESIAN_POINT ( 'NONE',  ( -1.323576160186250794, 7.500000000000000888, 37.50000000000000000 ) ) ;
#976 = CARTESIAN_POINT ( 'NONE',  ( -16.51470773523706725, 2.500000000000000000, 21.02574903488150326 ) ) ;
#977 = LINE ( 'NONE', #1499, #341 ) ;
#978 = CARTESIAN_POINT ( 'NONE',  ( -18.10222200286614225, 10.00000000000000000, -16.96401706662437192 ) ) ;
#979 = PLANE ( 'NONE',  #1895 ) ;
#980 = ORIENTED_EDGE ( 'NONE', *, *, #364, .F. ) ;
#981 = VECTOR ( 'NONE', #2068, 1000.000000000000000 ) ;
#982 = CARTESIAN_POINT ( 'NONE',  ( -3.033215477524606296, 8.673617379884035472E-15, 40.00006406537752213 ) ) ;
#983 = CARTESIAN_POINT ( 'NONE',  ( -36.78276829353095678, 2.500000000000003109, -14.86551996288956090 ) ) ;
#984 = VECTOR ( 'NONE', #416, 1000.000000000000000 ) ;
#985 = CARTESIAN_POINT ( 'NONE',  ( 37.79999999999999716, 30.00000000000000355, -11.22176898663168743 ) ) ;
#986 = VECTOR ( 'NONE', #1986, 1000.000000000000000 ) ;
#987 = CARTESIAN_POINT ( 'NONE',  ( -12.27261547590223500, 2.500000000000000000, 22.00669800594113212 ) ) ;
#988 = CARTESIAN_POINT ( 'NONE',  ( 24.30000000000000426, -9.193499201483760430, 5.143498026184235350 ) ) ;
#989 = CARTESIAN_POINT ( 'NONE',  ( -20.93343021780696134, 7.500000000000000000, -16.76630900970788218 ) ) ;
#990 = ORIENTED_EDGE ( 'NONE', *, *, #2199, .F. ) ;
#991 = FACE_OUTER_BOUND ( 'NONE', #1920, .T. ) ;
#992 = CARTESIAN_POINT ( 'NONE',  ( -36.45496807554312113, 7.500000000000003553, -16.75406048878314991 ) ) ;
#993 = CARTESIAN_POINT ( 'NONE',  ( -16.46432745979395307, 2.499999999999999112, 21.04944325770600955 ) ) ;
#994 = CARTESIAN_POINT ( 'NONE',  ( -9.003275976387472568, -0.000000000000000000, -19.81316792634830293 ) ) ;
#995 = CARTESIAN_POINT ( 'NONE',  ( -39.99999999999997868, 10.00000000000000000, -0.9898152369533492756 ) ) ;
#996 = CARTESIAN_POINT ( 'NONE',  ( -40.00006406537746528, 10.00000000000000000, -3.033215477531886695 ) ) ;
#997 = CARTESIAN_POINT ( 'NONE',  ( -16.38828043773782284, 10.00000000000000000, -18.39684350347796737 ) ) ;
#998 = CARTESIAN_POINT ( 'NONE',  ( -21.00806147617176123, 7.500000000000000000, -16.56411239431191973 ) ) ;
#999 = ADVANCED_FACE ( 'NONE', ( #1661 ), #1992, .F. ) ;
#1000 = ORIENTED_EDGE ( 'NONE', *, *, #830, .F. ) ;
#1001 = CARTESIAN_POINT ( 'NONE',  ( -17.13850849324424885, 8.673617379884035472E-15, 38.95702569657480296 ) ) ;
#1002 = CARTESIAN_POINT ( 'NONE',  ( -36.57340920354957348, 2.500000000000002220, -16.12717862151543002 ) ) ;
#1003 = EDGE_CURVE ( 'NONE', #1337, #875, #1328, .T. ) ;
#1004 = CARTESIAN_POINT ( 'NONE',  ( 37.79999999999999716, 20.00000000000000000, 9.019106577989395745 ) ) ;
#1005 = CARTESIAN_POINT ( 'NONE',  ( -1.569363616360506031, 0.000000000000000000, -40.00119527118428664 ) ) ;
#1006 = CARTESIAN_POINT ( 'NONE',  ( -10.68659082854040143, 2.499999999999999112, 22.18491228377239111 ) ) ;
#1007 = CARTESIAN_POINT ( 'NONE',  ( 0.000000000000000000, 0.000000000000000000, 40.00000000000000000 ) ) ;
#1008 = DIRECTION ( 'NONE',  ( 1.000000000000000000, 0.000000000000000000, 0.000000000000000000 ) ) ;
#1009 = EDGE_CURVE ( 'NONE', #897, #748, #834, .T. ) ;
#1010 = CARTESIAN_POINT ( 'NONE',  ( -22.25594239997332124, 2.500000000000000444, -9.929603452674561126 ) ) ;
#1011 = ORIENTED_EDGE ( 'NONE', *, *, #454, .F. ) ;
#1012 = ORIENTED_EDGE ( 'NONE', *, *, #797, .T. ) ;
#1013 = CARTESIAN_POINT ( 'NONE',  ( -7.973940425967971812, 7.500000000000000888, -22.38195671135873965 ) ) ;
#1014 = CARTESIAN_POINT ( 'NONE',  ( -34.19989826941268518, 7.499999999999998224, -23.95324426786805816 ) ) ;
#1015 = EDGE_CURVE ( 'NONE', #768, #1504, #343, .T. ) ;
#1016 = CARTESIAN_POINT ( 'NONE',  ( 22.50000000000000355, 2.500000000000000444, 14.99999999999999645 ) ) ;
#1017 = CARTESIAN_POINT ( 'NONE',  ( -35.18290614456390131, 0.000000000000000000, -27.41841852041243399 ) ) ;
#1018 = CARTESIAN_POINT ( 'NONE',  ( -37.49999999999999289, 2.500000000000000888, 0.0009520347816886039682 ) ) ;
#1019 = CARTESIAN_POINT ( 'NONE',  ( -39.99999999999997868, 10.00000000000000000, -0.9898152369598768319 ) ) ;
#1020 = CARTESIAN_POINT ( 'NONE',  ( -10.53069364835810440, 10.00000000000000000, -19.70885026755476233 ) ) ;
#1021 = CIRCLE ( 'NONE', #228, 5.000000000000000888 ) ;
#1022 = CARTESIAN_POINT ( 'NONE',  ( -23.70871883784909429, 2.500000000000005329, -34.31805778592222111 ) ) ;
#1023 = EDGE_LOOP ( 'NONE', ( #328, #1286, #933, #1394 ) ) ;
#1024 = CARTESIAN_POINT ( 'NONE',  ( -22.74421461668921296, 7.499999999999999112, 34.70681762866563957 ) ) ;
#1025 = CARTESIAN_POINT ( 'NONE',  ( -36.03901638336201785, 7.500000000000000000, -18.63119661795591497 ) ) ;
#1026 = CARTESIAN_POINT ( 'NONE',  ( -16.07330244144494813, -0.000000000000000000, -18.64071423468956112 ) ) ;
#1027 = CARTESIAN_POINT ( 'NONE',  ( -21.39382597553142062, 2.500000000000000444, 15.34767490889489139 ) ) ;
#1028 = ADVANCED_FACE ( 'NONE', ( #42 ), #619, .T. ) ;
#1029 = CARTESIAN_POINT ( 'NONE',  ( 22.20000000000000284, 30.00000000000000711, -11.22176898663168743 ) ) ;
#1030 = CARTESIAN_POINT ( 'NONE',  ( -40.00000000000000000, 0.000000000000000000, -2.793185071074506684E-13 ) ) ;
#1031 = CARTESIAN_POINT ( 'NONE',  ( -20.01738589272179425, 0.000000000000000000, -5.982878627418636519 ) ) ;
#1032 = LINE ( 'NONE', #1056, #9 ) ;
#1033 = CARTESIAN_POINT ( 'NONE',  ( -3.466959084996365625, 7.500000000000006217, 37.49212827189344921 ) ) ;
#1034 = AXIS2_PLACEMENT_3D ( 'NONE', #83, #436, #1114 ) ;
#1035 = CARTESIAN_POINT ( 'NONE',  ( -40.00000000000000000, 10.00000000000000000, -2.793185071074506684E-13 ) ) ;
#1036 = PLANE ( 'NONE',  #1807 ) ;
#1037 = CARTESIAN_POINT ( 'NONE',  ( -18.64071423464224253, -0.000000000000000000, 16.07330244157731158 ) ) ;
#1038 = EDGE_LOOP ( 'NONE', ( #376, #902, #92, #655 ) ) ;
#1039 = CARTESIAN_POINT ( 'NONE',  ( -21.28066595202647093, 7.500000000000000000, 15.74968059312034718 ) ) ;
#1040 = VECTOR ( 'NONE', #1276, 1000.000000000000000 ) ;
#1041 = DIRECTION ( 'NONE',  ( 1.000000000000000000, 0.000000000000000000, 7.608436298143892538E-17 ) ) ;
#1042 = CARTESIAN_POINT ( 'NONE',  ( -37.50201613297499392, 2.499999999999999556, 2.648088331786340621 ) ) ;
#1043 = CARTESIAN_POINT ( 'NONE',  ( -19.10552904807416752, 10.00000000000000000, 14.23943524353550494 ) ) ;
#1044 = CARTESIAN_POINT ( 'NONE',  ( -9.207928419197086711, -0.000000000000000000, 19.79792385001397648 ) ) ;
#1045 =( GEOMETRIC_REPRESENTATION_CONTEXT ( 3 ) GLOBAL_UNCERTAINTY_ASSIGNED_CONTEXT ( ( #708 ) ) GLOBAL_UNIT_ASSIGNED_CONTEXT ( ( #1224, #1883, #687 ) ) REPRESENTATION_CONTEXT ( 'NONE', 'WORKASPACE' ) );
#1046 = ORIENTED_EDGE ( 'NONE', *, *, #1554, .F. ) ;
#1047 = CARTESIAN_POINT ( 'NONE',  ( -19.66707137627348700, 7.499999999999997335, 35.76377735610171982 ) ) ;
#1048 = SURFACE_STYLE_USAGE ( .BOTH. , #719 ) ;
#1049 = CARTESIAN_POINT ( 'NONE',  ( 24.30000000000000426, 30.00000000000000000, -9.121768986631687781 ) ) ;
#1050 = DIRECTION ( 'NONE',  ( 0.000000000000000000, 0.000000000000000000, -1.000000000000000000 ) ) ;
#1051 = CARTESIAN_POINT ( 'NONE',  ( -33.83531515050700023, 2.499999999999995115, 24.64874004446000910 ) ) ;
#1052 = CARTESIAN_POINT ( 'NONE',  ( 22.50000000000000711, 7.500000000000000000, 18.50103769719801861 ) ) ;
#1053 = CARTESIAN_POINT ( 'NONE',  ( -20.00157094135798985, 0.000000000000000000, 2.070226205762304872 ) ) ;
#1054 = CARTESIAN_POINT ( 'NONE',  ( -22.40525665752794637, 2.499999999999999556, -7.781857645441286664 ) ) ;
#1055 = LINE ( 'NONE', #1376, #1651 ) ;
#1056 = CARTESIAN_POINT ( 'NONE',  ( -2.576382429930502926, 20.00000000000000000, -7.582066662661627099 ) ) ;
#1057 = CARTESIAN_POINT ( 'NONE',  ( -26.18801028923205365, 2.499999999999994227, 33.00490125184740720 ) ) ;
#1058 = UNCERTAINTY_MEASURE_WITH_UNIT (LENGTH_MEASURE( 1.000000000000000082E-05 ), #547, 'distance_accuracy_value', 'NONE');
#1059 = CARTESIAN_POINT ( 'NONE',  ( -7.502886048934998442, 7.500000000000000000, -22.40347979942298551 ) ) ;
#1060 = ORIENTED_EDGE ( 'NONE', *, *, #947, .F. ) ;
#1061 = DIRECTION ( 'NONE',  ( 0.000000000000000000, -0.000000000000000000, 1.000000000000000000 ) ) ;
#1062 = VERTEX_POINT ( 'NONE', #538 ) ;
#1063 = EDGE_CURVE ( 'NONE', #381, #841, #714, .T. ) ;
#1064 = CARTESIAN_POINT ( 'NONE',  ( -18.04851352803576248, 10.00000000000000000, 17.05506773928292219 ) ) ;
#1065 = CARTESIAN_POINT ( 'NONE',  ( -22.49999999999998934, 5.833333333333333925, 0.007616278319804596630 ) ) ;
#1066 = CARTESIAN_POINT ( 'NONE',  ( -18.94757358390529589, 0.000000000000000000, -14.87808875299229783 ) ) ;
#1067 = CARTESIAN_POINT ( 'NONE',  ( 37.50000000000000000, 12.43484893668999902, 11.45334303706981416 ) ) ;
#1068 = DIRECTION ( 'NONE',  ( 0.000000000000000000, 1.000000000000000000, -0.000000000000000000 ) ) ;
#1069 = LINE ( 'NONE', #218, #2160 ) ;
#1070 = EDGE_LOOP ( 'NONE', ( #1685, #210, #1505, #1628 ) ) ;
#1071 = PLANE ( 'NONE',  #190 ) ;
#1072 = B_SPLINE_CURVE_WITH_KNOTS ( 'NONE', 4,
 ( #596, #1946, #915, #1231, #1279, #1449, #901, #386, #1423, #426, #2098, #764, #929, #568, #1572, #1254, #49, #1909, #1775, #1398, #891, #206, #1584, #254 ),
 .UNSPECIFIED., .F., .F.,
 ( 5, 1, 1, 1, 1, 1, 1, 1, 1, 1, 1, 1, 1, 1, 1, 1, 1, 1, 1, 1, 5 ),
 ( 0.05598378939387908815, 0.1438434350946110052, 0.2295776819181162831, 0.2879854558222758043, 0.3173365680213706130, 0.3466825347547381475, 0.4053812968129854588, 0.4640790138278863552, 0.5178832292953404748, 0.5614407115022000960, 0.5907904099055740765, 0.6201398579447698900, 0.6494894125024174292, 0.6788391061139178451, 0.7081886800740279098, 0.7375382592651129610, 0.7668879200446154787, 0.8239022218958610422, 0.8826014781629870631, 0.9413007387147187544, 1.000000000000000000 ),
 .UNSPECIFIED. ) ;
#1073 = EDGE_CURVE ( 'NONE', #250, #1964, #2100, .T. ) ;
#1074 = ORIENTED_EDGE ( 'NONE', *, *, #1927, .T. ) ;
#1075 = FACE_OUTER_BOUND ( 'NONE', #18, .T. ) ;
#1076 = CARTESIAN_POINT ( 'NONE',  ( -17.05506773917630881, 10.00000000000000000, -18.04851352810016252 ) ) ;
#1077 = CARTESIAN_POINT ( 'NONE',  ( -19.33016530542310107, 2.500000000000000000, 19.41689582794121094 ) ) ;
#1078 = AXIS2_PLACEMENT_3D ( 'NONE', #1, #1199, #1318 ) ;
#1079 = CARTESIAN_POINT ( 'NONE',  ( -22.18542386074796013, 2.499999999999999556, -10.88482518881897398 ) ) ;
#1080 = CARTESIAN_POINT ( 'NONE',  ( -37.49999999999987210, 7.500000000000000000, -2.543649284735325367 ) ) ;
#1081 = CARTESIAN_POINT ( 'NONE',  ( -8.815031395579424611, 10.00000000000000000, -39.93383091286295894 ) ) ;
#1082 = CARTESIAN_POINT ( 'NONE',  ( -17.34848969419334352, 7.500000000000000888, -20.69756416316842618 ) ) ;
#1083 = ORIENTED_EDGE ( 'NONE', *, *, #1186, .F. ) ;
#1084 = CARTESIAN_POINT ( 'NONE',  ( -38.97762941599553699, 10.00000000000000000, 17.05361165404575274 ) ) ;
#1085 = CARTESIAN_POINT ( 'NONE',  ( -24.10204372549596030, 7.500000000000005329, -34.13130339649185174 ) ) ;
#1086 = CARTESIAN_POINT ( 'NONE',  ( -35.31035027538418092, 7.500000000000000888, 21.18912076205544182 ) ) ;
#1087 = AXIS2_PLACEMENT_3D ( 'NONE', #2200, #1897, #2030 ) ;
#1088 = VERTEX_POINT ( 'NONE', #917 ) ;
#1089 = CARTESIAN_POINT ( 'NONE',  ( -20.01652818335657358, 0.000000000000000000, 6.026104232086846757 ) ) ;
#1090 = CARTESIAN_POINT ( 'NONE',  ( -18.04851352803576248, 10.00000000000000000, 17.05506773928292219 ) ) ;
#1091 = EDGE_CURVE ( 'NONE', #1348, #1122, #1575, .T. ) ;
#1092 = CARTESIAN_POINT ( 'NONE',  ( -19.56173264911531362, 2.500000000000000000, 19.17587330531762646 ) ) ;
#1093 = CARTESIAN_POINT ( 'NONE',  ( -14.55651877015032625, 2.500000000000000444, -21.58854581396344585 ) ) ;
#1094 = CARTESIAN_POINT ( 'NONE',  ( -7.585551662432544084, 7.500000000000000000, -37.44706422877954566 ) ) ;
#1095 = CARTESIAN_POINT ( 'NONE',  ( -8.815031395579424611, 8.673617379884035472E-15, -39.93383091286295894 ) ) ;
#1096 = CARTESIAN_POINT ( 'NONE',  ( -15.91928006602958590, 7.500000000000000000, -21.22478521117536232 ) ) ;
#1097 = VERTEX_POINT ( 'NONE', #256 ) ;
#1098 = CARTESIAN_POINT ( 'NONE',  ( -35.87811053963729790, 8.673617379884035472E-15, 26.41019543547690418 ) ) ;
#1099 = CARTESIAN_POINT ( 'NONE',  ( -29.37594347743084455, 0.000000000000000000, 33.87604132617425989 ) ) ;
#1100 = CARTESIAN_POINT ( 'NONE',  ( -37.50465688150804056, 2.500000000000003109, 5.219991595366848536 ) ) ;
#1101 = ORIENTED_EDGE ( 'NONE', *, *, #323, .T. ) ;
#1102 = CARTESIAN_POINT ( 'NONE',  ( -2.647132924786183228, 2.500000000000004885, 37.49958683230298817 ) ) ;
#1103 = CARTESIAN_POINT ( 'NONE',  ( -14.87808875290169297, 10.00000000000000000, 18.94757358393081148 ) ) ;
#1104 = CARTESIAN_POINT ( 'NONE',  ( -20.68149128882782151, 2.500000000000000000, 17.41417242139437960 ) ) ;
#1105 = CARTESIAN_POINT ( 'NONE',  ( -19.18833211442953157, 2.500000000000000000, -19.57024882218501105 ) ) ;
#1106 = DIRECTION ( 'NONE',  ( -0.000000000000000000, -1.000000000000000000, -0.000000000000000000 ) ) ;
#1107 = CARTESIAN_POINT ( 'NONE',  ( -11.59023829760729640, 7.500000000000000888, 22.11554945832709151 ) ) ;
#1108 = CARTESIAN_POINT ( 'NONE',  ( -10.41384145089568491, 2.500000000000000444, -22.21631308836311547 ) ) ;
#1109 = ORIENTED_EDGE ( 'NONE', *, *, #17, .T. ) ;
#1110 = CARTESIAN_POINT ( 'NONE',  ( -37.33390167528354198, 8.673617379884035472E-15, 23.12197959208575071 ) ) ;
#1111 = CARTESIAN_POINT ( 'NONE',  ( -22.96846809755682628, 2.500000000000008438, -34.63628863080175790 ) ) ;
#1112 = ORIENTED_EDGE ( 'NONE', *, *, #74, .F. ) ;
#1113 = CARTESIAN_POINT ( 'NONE',  ( -31.75340451173171274, 7.500000000000001776, 28.01902207065818473 ) ) ;
#1114 = DIRECTION ( 'NONE',  ( -1.000000000000000000, 0.000000000000000000, -0.000000000000000000 ) ) ;
#1115 = EDGE_CURVE ( 'NONE', #664, #1483, #1244, .T. ) ;
#1116 = CARTESIAN_POINT ( 'NONE',  ( -19.46606572893874798, 7.499999999999999112, 19.27884592566676147 ) ) ;
#1117 = CARTESIAN_POINT ( 'NONE',  ( -33.87604132617414621, 10.00000000000000000, -29.37594347743096179 ) ) ;
#1118 = EDGE_CURVE ( 'NONE', #1942, #1097, #1069, .T. ) ;
#1119 = CARTESIAN_POINT ( 'NONE',  ( 20.00000000000000000, 5.990684827478855112, 16.45927137509536564 ) ) ;
#1120 = CARTESIAN_POINT ( 'NONE',  ( -15.25758530442699801, 7.500000000000000888, 21.41695169779235641 ) ) ;
#1121 = CARTESIAN_POINT ( 'NONE',  ( -11.90031293589497352, 7.499999999999999112, -22.05496041517136874 ) ) ;
#1122 = VERTEX_POINT ( 'NONE', #1412 ) ;
#1123 = CARTESIAN_POINT ( 'NONE',  ( -40.00000000000002842, 6.938893903907228378E-15, 4.101921075693417358E-11 ) ) ;
#1124 = CARTESIAN_POINT ( 'NONE',  ( -38.97762941599553699, 0.000000000000000000, 17.05361165404575274 ) ) ;
#1125 = VERTEX_POINT ( 'NONE', #1598 ) ;
#1126 = CARTESIAN_POINT ( 'NONE',  ( -9.257535458347588175, 2.500000000000003109, 37.34028365272499883 ) ) ;
#1127 = CARTESIAN_POINT ( 'NONE',  ( -19.02275919872423060, 2.500000000000000000, 19.71113237084820824 ) ) ;
#1128 = CARTESIAN_POINT ( 'NONE',  ( -38.37022890233604500, 10.00000000000000000, -19.68832846410183990 ) ) ;
#1129 = CARTESIAN_POINT ( 'NONE',  ( -35.24755208948970164, 7.500000000000003553, -21.37581254227468364 ) ) ;
#1130 = CARTESIAN_POINT ( 'NONE',  ( -18.45991518776385121, 7.500000000000000000, -20.10898569231568089 ) ) ;
#1131 = VERTEX_POINT ( 'NONE', #777 ) ;
#1132 = CARTESIAN_POINT ( 'NONE',  ( -19.68832846410170490, 8.673617379884035472E-15, 38.37022890233612316 ) ) ;
#1133 = CARTESIAN_POINT ( 'NONE',  ( -19.40911554292053864, 2.499999999999998668, -35.85228620915019349 ) ) ;
#1134 = ORIENTED_EDGE ( 'NONE', *, *, #1726, .F. ) ;
#1135 = CARTESIAN_POINT ( 'NONE',  ( -6.615454471511045043, 7.499999999999999112, 37.44831396470421225 ) ) ;
#1136 = CARTESIAN_POINT ( 'NONE',  ( -16.94982275716709097, 7.500000000000000000, 20.86246319625201551 ) ) ;
#1137 = CARTESIAN_POINT ( 'NONE',  ( -35.18290614456390131, 10.00000000000000000, -27.41841852041243399 ) ) ;
#1138 = VECTOR ( 'NONE', #1623, 1000.000000000000114 ) ;
#1139 = CARTESIAN_POINT ( 'NONE',  ( 40.00000000000000000, 20.00000000000000711, -9.923257760702171026 ) ) ;
#1140 = CARTESIAN_POINT ( 'NONE',  ( -22.02580564128690455, 2.500000000000000000, -12.13714120380601535 ) ) ;
#1141 = ORIENTED_EDGE ( 'NONE', *, *, #1341, .F. ) ;
#1142 = CARTESIAN_POINT ( 'NONE',  ( -8.755131849152851586, 7.500000000000000888, -22.33936537177978821 ) ) ;
#1143 = CARTESIAN_POINT ( 'NONE',  ( -36.18749758093107971, 2.500000000000003109, -18.00800773045284942 ) ) ;
#1144 = CARTESIAN_POINT ( 'NONE',  ( -31.78238100268373501, 2.499999999999996003, 27.97571104038048873 ) ) ;
#1145 = CARTESIAN_POINT ( 'NONE',  ( -1.323576160186237471, 2.500000000000000444, 37.49999999999999289 ) ) ;
#1146 = EDGE_CURVE ( 'NONE', #635, #1302, #945, .T. ) ;
#1147 = CARTESIAN_POINT ( 'NONE',  ( -8.924895861245623507, -0.000000000000000000, -19.81840068612804728 ) ) ;
#1148 = FACE_BOUND ( 'NONE', #365, .T. ) ;
#1149 = CARTESIAN_POINT ( 'NONE',  ( -31.74799147387506792, 7.500000000000000000, -31.74802153426628593 ) ) ;
#1150 = CARTESIAN_POINT ( 'NONE',  ( -7.585551662432544084, 2.500000000000000000, -37.44706422877954566 ) ) ;
#1151 = ORIENTED_EDGE ( 'NONE', *, *, #2016, .F. ) ;
#1152 = VECTOR ( 'NONE', #1698, 1000.000000000000000 ) ;
#1153 = CARTESIAN_POINT ( 'NONE',  ( 37.79999999999999716, 20.00000000000000000, -7.582066662661627099 ) ) ;
#1154 = CARTESIAN_POINT ( 'NONE',  ( -37.44743248419490556, 2.499999999999999556, -6.375287419396186372 ) ) ;
#1155 = AXIS2_PLACEMENT_3D ( 'NONE', #1490, #1008, #124 ) ;
#1156 = CARTESIAN_POINT ( 'NONE',  ( -18.53952703385385448, 2.500000000000000000, 20.05534311318104912 ) ) ;
#1157 = VECTOR ( 'NONE', #731, 1000.000000000000000 ) ;
#1158 = CARTESIAN_POINT ( 'NONE',  ( -15.54947652767651078, 2.499999999999999556, 21.33775625863556868 ) ) ;
#1159 = CARTESIAN_POINT ( 'NONE',  ( -40.00006406537750792, 10.00000000000000000, -3.033215477524690673 ) ) ;
#1160 = CARTESIAN_POINT ( 'NONE',  ( -0.003808139096320146619, 10.00000000000000000, -20.00000001869229393 ) ) ;
#1161 = ADVANCED_FACE ( 'NONE', ( #402 ), #809, .F. ) ;
#1162 = CARTESIAN_POINT ( 'NONE',  ( -6.026104231963068436, 10.00000000000000000, -20.01652818335833217 ) ) ;
#1163 = CARTESIAN_POINT ( 'NONE',  ( -21.04313018062242691, 7.500000000000000000, -16.46543763072245170 ) ) ;
#1164 = ORIENTED_EDGE ( 'NONE', *, *, #2199, .T. ) ;
#1165 = CARTESIAN_POINT ( 'NONE',  ( -15.69263185486134304, 7.500000000000000000, -21.29632491681372386 ) ) ;
#1166 = CARTESIAN_POINT ( 'NONE',  ( -37.26682111763571470, 2.499999999999998668, -10.30454996281376445 ) ) ;
#1167 = CARTESIAN_POINT ( 'NONE',  ( -20.35952364315529195, 2.500000000000000444, 18.05295190543949957 ) ) ;
#1168 = EDGE_CURVE ( 'NONE', #1802, #1249, #1512, .T. ) ;
#1169 = CARTESIAN_POINT ( 'NONE',  ( -9.517189520847633588, 2.499999999999999556, 22.28315191852873056 ) ) ;
#1170 = CARTESIAN_POINT ( 'NONE',  ( -35.18290614456390131, 8.673617379884035472E-15, -27.41841852041243399 ) ) ;
#1171 = CARTESIAN_POINT ( 'NONE',  ( 22.20000000000000284, 20.00000000000000000, 9.019106577989395745 ) ) ;
#1172 = CARTESIAN_POINT ( 'NONE',  ( -22.49999999999995737, 2.499999999999999556, -2.770325827009328279 ) ) ;
#1173 = VERTEX_POINT ( 'NONE', #344 ) ;
#1174 = ORIENTED_EDGE ( 'NONE', *, *, #1063, .T. ) ;
#1175 = DIRECTION ( 'NONE',  ( 0.000000000000000000, 0.000000000000000000, -1.000000000000000000 ) ) ;
#1176 = CARTESIAN_POINT ( 'NONE',  ( -35.70985564723719108, 2.500000000000006661, -19.85230112876256925 ) ) ;
#1177 = B_SPLINE_CURVE_WITH_KNOTS ( 'NONE', 3,
 ( #1470, #765, #1094, #620, #1765, #2145, #1437, #959, #597, #2112, #1280, #1267, #791, #2099, #944, #1609, #609, #268, #1936, #88, #244, #1961, #452, #1800, #1289, #1129, #279, #110, #1947, #581, #776, #803, #631, #401, #1080, #1585 ),
 .UNSPECIFIED., .F., .F.,
 ( 4, 2, 2, 2, 2, 2, 2, 2, 2, 2, 2, 2, 2, 2, 2, 2, 2, 4 ),
 ( 0.000000000000000000, 0.007612207717987143005, 0.01141831157698071364, 0.01332136350647749982, 0.01522441543597428254, 0.01903051929496784103, 0.02283662315396139952, 0.02664272701295495802, 0.02854577894245174594, 0.03044883087194853039, 0.03425493473094211316, 0.03615798666043890802, 0.03806103858993570288, 0.04186714244892928566, 0.04567324630792286844, 0.04947935016691645815, 0.05328545402591004093, 0.06089766174389721343 ),
 .UNSPECIFIED. ) ;
#1178 = CARTESIAN_POINT ( 'NONE',  ( 20.00000000000000000, 13.28989929112666601, 13.80257459044588053 ) ) ;
#1179 = CARTESIAN_POINT ( 'NONE',  ( -32.08981766932146940, 0.000000000000000000, -31.52431805716392788 ) ) ;
#1180 = DIRECTION ( 'NONE',  ( -1.000000000000000000, -0.000000000000000000, -0.000000000000000000 ) ) ;
#1181 = CARTESIAN_POINT ( 'NONE',  ( -33.87604132617414621, 10.00000000000000000, -29.37594347743096179 ) ) ;
#1182 = DIRECTION ( 'NONE',  ( -1.000000000000000000, -0.000000000000000000, 0.000000000000000000 ) ) ;
#1183 = EDGE_CURVE ( 'NONE', #1173, #1613, #494, .T. ) ;
#1184 = FACE_OUTER_BOUND ( 'NONE', #781, .T. ) ;
#1185 = DIRECTION ( 'NONE',  ( -0.000000000000000000, -1.000000000000000000, -0.000000000000000000 ) ) ;
#1186 = EDGE_CURVE ( 'NONE', #1405, #635, #1664, .T. ) ;
#1187 = ORIENTED_EDGE ( 'NONE', *, *, #1783, .F. ) ;
#1188 = CARTESIAN_POINT ( 'NONE',  ( -10.37431113932545657, 10.00000000000000000, 39.80884687632107699 ) ) ;
#1189 = CARTESIAN_POINT ( 'NONE',  ( -37.49999999999999289, 7.500000000000000000, 0.3687818759122670764 ) ) ;
#1190 = CARTESIAN_POINT ( 'NONE',  ( -11.33236864706085356, -0.000000000000000000, -19.65429548767288281 ) ) ;
#1191 = CARTESIAN_POINT ( 'NONE',  ( 0.000000000000000000, 0.000000000000000000, -31.74802153426628593 ) ) ;
#1192 = CIRCLE ( 'NONE', #223, 7.500000000000000000 ) ;
#1193 = CARTESIAN_POINT ( 'NONE',  ( -37.05703696311655904, 8.673617379884035472E-15, -23.66620764920693176 ) ) ;
#1194 = CARTESIAN_POINT ( 'NONE',  ( 40.00000000000000000, 13.28989929112666601, 13.80257459044588053 ) ) ;
#1195 = CARTESIAN_POINT ( 'NONE',  ( -19.83869721327960889, -0.000000000000000000, 8.600627666420388451 ) ) ;
#1196 = CARTESIAN_POINT ( 'NONE',  ( -16.42160524904121033, 2.500000000000001332, -36.51901792182469109 ) ) ;
#1197 = ORIENTED_EDGE ( 'NONE', *, *, #2185, .T. ) ;
#1198 = CARTESIAN_POINT ( 'NONE',  ( -19.03523787400043332, 7.500000000000003553, 35.93593594841538419 ) ) ;
#1199 = DIRECTION ( 'NONE',  ( 1.000000000000000000, 0.000000000000000000, 0.000000000000000000 ) ) ;
#1200 = CARTESIAN_POINT ( 'NONE',  ( -39.99999999999999289, 8.673617379884035472E-15, -6.746151630814826075E-12 ) ) ;
#1201 = CARTESIAN_POINT ( 'NONE',  ( -9.452683775733575544, -0.000000000000000000, 19.77992966181032486 ) ) ;
#1202 = ORIENTED_EDGE ( 'NONE', *, *, #802, .F. ) ;
#1203 = CARTESIAN_POINT ( 'NONE',  ( -7.701262336182066903, 7.499999999999997335, 37.40620449331662201 ) ) ;
#1204 = PRESENTATION_STYLE_ASSIGNMENT (( #885 ) ) ;
#1205 = VECTOR ( 'NONE', #493, 1000.000000000000000 ) ;
#1206 = DIRECTION ( 'NONE',  ( 1.000000000000000000, 0.000000000000000000, 0.000000000000000000 ) ) ;
#1207 = CARTESIAN_POINT ( 'NONE',  ( -37.50055991275790745, 2.500000000000000000, 5.295024897985920909 ) ) ;
#1208 = CARTESIAN_POINT ( 'NONE',  ( -19.55123601075399620, 10.00000000000000000, 12.03232920501644720 ) ) ;
#1209 = B_SPLINE_CURVE_WITH_KNOTS ( 'NONE', 3,
 ( #252, #240, #773, #1446, #424, #1619, #750, #2121, #397, #1076, #925, #98, #1749, #1569, #1736, #1421, #1277, #787, #1593, #605, #1458, #552 ),
 .UNSPECIFIED., .F., .F.,
 ( 4, 2, 2, 2, 2, 2, 2, 2, 2, 2, 4 ),
 ( 0.000000000000000000, 0.2500000000000001110, 0.3750000000000001110, 0.4375000000000002220, 0.4687500000000001665, 0.5000000000000001110, 0.5312500000000000000, 0.5624999999999998890, 0.6249999999999997780, 0.7499999999999998890, 1.000000000000000000 ),
 .UNSPECIFIED. ) ;
#1210 = CARTESIAN_POINT ( 'NONE',  ( 20.00000000000000355, 15.00000000000000000, 18.50103769719801505 ) ) ;
#1211 = ORIENTED_EDGE ( 'NONE', *, *, #1073, .F. ) ;
#1212 = CARTESIAN_POINT ( 'NONE',  ( -13.80767412606238231, 2.500000000000000444, 36.92996094663945428 ) ) ;
#1213 = UNCERTAINTY_MEASURE_WITH_UNIT (LENGTH_MEASURE( 1.000000000000000082E-05 ), #1309, 'distance_accuracy_value', 'NONE');
#1214 = B_SPLINE_CURVE_WITH_KNOTS ( 'NONE', 3,
 ( #1229, #226, #1065, #71 ),
 .UNSPECIFIED., .F., .F.,
 ( 4, 4 ),
 ( 0.2500000000000000000, 0.7500000000000000000 ),
 .UNSPECIFIED. ) ;
#1215 = CARTESIAN_POINT ( 'NONE',  ( -8.226414327192085096, 2.500000000000000000, -22.36883503785364979 ) ) ;
#1216 = CARTESIAN_POINT ( 'NONE',  ( -19.81514991155177796, 0.000000000000000000, -8.961177404283926506 ) ) ;
#1217 = CARTESIAN_POINT ( 'NONE',  ( -0.003808139096320146619, 10.00000000000000000, -20.00000001869229393 ) ) ;
#1218 = CARTESIAN_POINT ( 'NONE',  ( -16.29024865775614117, 10.00000000000000000, 18.43971428300184101 ) ) ;
#1219 = CARTESIAN_POINT ( 'NONE',  ( -18.39684350343032904, 10.00000000000000000, 16.38828043784557309 ) ) ;
#1220 = CARTESIAN_POINT ( 'NONE',  ( -18.57830146199239252, 0.000000000000000000, -15.94170275025091499 ) ) ;
#1221 = ADVANCED_FACE ( 'NONE', ( #871 ), #1036, .F. ) ;
#1222 = ORIENTED_EDGE ( 'NONE', *, *, #477, .T. ) ;
#1223 = CARTESIAN_POINT ( 'NONE',  ( -2.749666145115815308, 7.500000000000001776, 37.49607640961056632 ) ) ;
#1224 =( LENGTH_UNIT ( ) NAMED_UNIT ( * ) SI_UNIT ( .MILLI., .METRE. ) );
#1225 = VERTEX_POINT ( 'NONE', #1682 ) ;
#1226 = FACE_OUTER_BOUND ( 'NONE', #1562, .T. ) ;
#1227 = VERTEX_POINT ( 'NONE', #1029 ) ;
#1228 = CARTESIAN_POINT ( 'NONE',  ( -19.99999999999998579, 0.000000000000000000, 0.007616278319825734236 ) ) ;
#1229 = CARTESIAN_POINT ( 'NONE',  ( -22.50000000058768279, 2.500000000000000000, 0.006664490825395086825 ) ) ;
#1230 = CARTESIAN_POINT ( 'NONE',  ( -19.81228963084370420, -0.000000000000000000, 9.016234837171465344 ) ) ;
#1231 = CARTESIAN_POINT ( 'NONE',  ( -39.93383091286293052, 10.00000000000000000, 8.815031395579573825 ) ) ;
#1232 = LINE ( 'NONE', #716, #810 ) ;
#1233 = EDGE_CURVE ( 'NONE', #685, #250, #1691, .T. ) ;
#1234 = CARTESIAN_POINT ( 'NONE',  ( -23.12197959208561215, 8.673617379884035472E-15, -37.33390167528362014 ) ) ;
#1235 = ORIENTED_EDGE ( 'NONE', *, *, #1726, .T. ) ;
#1236 = DIRECTION ( 'NONE',  ( 0.000000000000000000, 0.9396926213504268599, -0.3420201417746669970 ) ) ;
#1237 = CARTESIAN_POINT ( 'NONE',  ( 24.30000000000000426, -9.193499201483760430, 17.54467126683525535 ) ) ;
#1238 = ORIENTED_EDGE ( 'NONE', *, *, #1340, .T. ) ;
#1239 = CARTESIAN_POINT ( 'NONE',  ( 1.665224736056782236E-10, 10.00000000000000000, 20.00000003738384535 ) ) ;
#1240 = CARTESIAN_POINT ( 'NONE',  ( -11.93344383998631208, 10.00000000000000000, 19.56566178467517148 ) ) ;
#1241 = CARTESIAN_POINT ( 'NONE',  ( -20.86803224268036061, 7.499999999999999112, 16.95589931590691890 ) ) ;
#1242 = CARTESIAN_POINT ( 'NONE',  ( -17.17532408635435814, 2.500000000000000888, -20.77784535812282130 ) ) ;
#1243 = CARTESIAN_POINT ( 'NONE',  ( 20.00000000000000000, 0.000000000000000000, -2.643853112762043711 ) ) ;
#1244 = LINE ( 'NONE', #1256, #2085 ) ;
#1245 = CARTESIAN_POINT ( 'NONE',  ( -20.89422361599475764, 2.500000000000000000, -16.86871930000895858 ) ) ;
#1246 = ORIENTED_EDGE ( 'NONE', *, *, #1721, .F. ) ;
#1247 = DIRECTION ( 'NONE',  ( -0.000000000000000000, 1.000000000000000000, 2.089880577511254378E-16 ) ) ;
#1248 = DIRECTION ( 'NONE',  ( 0.000000000000000000, -0.9396926213504268599, 0.3420201417746667749 ) ) ;
#1249 = VERTEX_POINT ( 'NONE', #1007 ) ;
#1250 = DIRECTION ( 'NONE',  ( 0.000000000000000000, 0.000000000000000000, -1.000000000000000000 ) ) ;
#1251 = CARTESIAN_POINT ( 'NONE',  ( 35.70000000000000284, -9.193499201483760430, 17.54467126683525535 ) ) ;
#1252 = CARTESIAN_POINT ( 'NONE',  ( -19.36602551612390855, 7.500000000000000000, 19.38152856761437803 ) ) ;
#1253 = VECTOR ( 'NONE', #863, 1000.000000000000000 ) ;
#1254 = CARTESIAN_POINT ( 'NONE',  ( -21.69105786472510999, 10.00000000000000000, 37.77846372723094248 ) ) ;
#1255 = LINE ( 'NONE', #1119, #1538 ) ;
#1256 = CARTESIAN_POINT ( 'NONE',  ( 37.50000000000000000, 0.005332346422208701989, 0.01465050146296678971 ) ) ;
#1257 = VECTOR ( 'NONE', #463, 1000.000000000000000 ) ;
#1258 = CARTESIAN_POINT ( 'NONE',  ( -17.13657886720504919, 7.500000000000000000, -20.78812260855692529 ) ) ;
#1259 = CARTESIAN_POINT ( 'NONE',  ( -37.35863666888750600, 2.500000000000001332, -8.899529190857682792 ) ) ;
#1260 = PLANE ( 'NONE',  #514 ) ;
#1261 = CARTESIAN_POINT ( 'NONE',  ( -36.98901057462348518, 7.499999999999998224, 13.41662432889077472 ) ) ;
#1262 = ORIENTED_EDGE ( 'NONE', *, *, #1544, .F. ) ;
#1263 = CARTESIAN_POINT ( 'NONE',  ( -14.52799177772708283, 2.500000000000000000, 36.83226311349773141 ) ) ;
#1264 = DIRECTION ( 'NONE',  ( 0.000000000000000000, 0.9396926213504268599, -0.3420201417746668859 ) ) ;
#1265 = CARTESIAN_POINT ( 'NONE',  ( -21.99218360225379598, 2.500000000000000444, 12.37583015643664375 ) ) ;
#1266 = CARTESIAN_POINT ( 'NONE',  ( -16.06973444077758728, 2.500000000000000444, -21.18148763290032832 ) ) ;
#1267 = CARTESIAN_POINT ( 'NONE',  ( -22.53812044234618028, 7.499999999999999112, -34.81260707504603857 ) ) ;
#1268 = CARTESIAN_POINT ( 'NONE',  ( -18.71493124531761154, 7.500000000000002665, 19.93496587420060351 ) ) ;
#1269 = CARTESIAN_POINT ( 'NONE',  ( -20.47059073949924723, 2.500000000000000444, -17.81916836649106628 ) ) ;
#1270 = ORIENTED_EDGE ( 'NONE', *, *, #780, .F. ) ;
#1271 = DIRECTION ( 'NONE',  ( 0.000000000000000000, -0.9396926213504268599, 0.3420201417746668859 ) ) ;
#1272 = CARTESIAN_POINT ( 'NONE',  ( -7.869382559957784018, 2.500000000000003997, -37.44086188447619179 ) ) ;
#1273 = CARTESIAN_POINT ( 'NONE',  ( -37.33580713663763362, 2.500000000000003109, 9.349179392014772105 ) ) ;
#1274 = EDGE_CURVE ( 'NONE', #1600, #841, #1384, .T. ) ;
#1275 = VERTEX_POINT ( 'NONE', #177 ) ;
#1276 = DIRECTION ( 'NONE',  ( 0.000000000000000000, 0.000000000000000000, 1.000000000000000000 ) ) ;
#1277 = CARTESIAN_POINT ( 'NONE',  ( -19.12706608728598212, 10.00000000000000000, -14.14068299506060455 ) ) ;
#1278 = CARTESIAN_POINT ( 'NONE',  ( -40.00000000000000000, 10.00000000000000000, -2.793185071074506684E-13 ) ) ;
#1279 = CARTESIAN_POINT ( 'NONE',  ( -39.55357087834293850, 10.00000000000000000, 13.47334188120067644 ) ) ;
#1280 = CARTESIAN_POINT ( 'NONE',  ( -20.14305191323930444, 7.500000000000000000, -35.64502963141462288 ) ) ;
#1281 = CARTESIAN_POINT ( 'NONE',  ( -20.11529472474891378, 10.00000000000000000, -38.27246341362247506 ) ) ;
#1282 = CARTESIAN_POINT ( 'NONE',  ( -15.32357480391659088, 2.500000000000000000, -21.40083552822219204 ) ) ;
#1283 = ORIENTED_EDGE ( 'NONE', *, *, #1864, .F. ) ;
#1284 = CARTESIAN_POINT ( 'NONE',  ( -31.68826503990994325, 2.500000000000000444, -28.10217693525832416 ) ) ;
#1285 = CARTESIAN_POINT ( 'NONE',  ( -2.499999999999956035, 7.500000000000001776, -37.49711340226203049 ) ) ;
#1286 = ORIENTED_EDGE ( 'NONE', *, *, #2202, .F. ) ;
#1287 = CARTESIAN_POINT ( 'NONE',  ( -9.257535458347714297, 7.500000000000001776, 37.34028365272501304 ) ) ;
#1288 = CARTESIAN_POINT ( 'NONE',  ( -21.33036539742148108, 2.500000000000000444, 15.66073193400351116 ) ) ;
#1289 = CARTESIAN_POINT ( 'NONE',  ( -34.53678103480425676, 7.500000000000001776, -23.14969172208658321 ) ) ;
#1290 = CARTESIAN_POINT ( 'NONE',  ( -20.67830243245680677, 2.499999999999999556, -17.39129088000971990 ) ) ;
#1291 = ORIENTED_EDGE ( 'NONE', *, *, #1274, .F. ) ;
#1292 = CARTESIAN_POINT ( 'NONE',  ( -21.69105786472510999, 8.673617379884035472E-15, 37.77846372723094248 ) ) ;
#1293 = CARTESIAN_POINT ( 'NONE',  ( -5.200025240531517490, 2.499999999999996891, -37.48595693903592974 ) ) ;
#1294 = ORIENTED_EDGE ( 'NONE', *, *, #2185, .F. ) ;
#1295 = VECTOR ( 'NONE', #1469, 1000.000000000000000 ) ;
#1296 = CARTESIAN_POINT ( 'NONE',  ( -27.99991009760372407, 7.499999999999998224, 31.76803917341109695 ) ) ;
#1297 = CARTESIAN_POINT ( 'NONE',  ( -13.47334188120052900, 0.000000000000000000, -39.55357087834298113 ) ) ;
#1298 = CARTESIAN_POINT ( 'NONE',  ( -37.49999999999999289, 7.500000000000000000, 0.0009520347816921042065 ) ) ;
#1299 = DIRECTION ( 'NONE',  ( 0.000000000000000000, 1.000000000000000000, 0.000000000000000000 ) ) ;
#1300 = DIRECTION ( 'NONE',  ( -0.000000000000000000, 1.000000000000000000, -1.869192300940625273E-09 ) ) ;
#1301 = ADVANCED_FACE ( 'NONE', ( #1674, #1541 ), #155, .F. ) ;
#1302 = VERTEX_POINT ( 'NONE', #690 ) ;
#1303 = CARTESIAN_POINT ( 'NONE',  ( -21.00583010314403865, 7.500000000000000000, -16.58465996878839377 ) ) ;
#1304 = CARTESIAN_POINT ( 'NONE',  ( -36.45496807554312113, 2.500000000000003997, -16.75406048878314991 ) ) ;
#1305 = CARTESIAN_POINT ( 'NONE',  ( -29.22687216833834967, 2.499999999999996003, 30.74852426337129430 ) ) ;
#1306 = CARTESIAN_POINT ( 'NONE',  ( -37.50201613297500813, 7.500000000000000888, 2.648088331786323302 ) ) ;
#1307 = PLANE ( 'NONE',  #862 ) ;
#1308 = CARTESIAN_POINT ( 'NONE',  ( -14.29788043992120095, 2.499999999999999556, 21.64245508298799692 ) ) ;
#1309 =( LENGTH_UNIT ( ) NAMED_UNIT ( * ) SI_UNIT ( .MILLI., .METRE. ) );
#1310 = AXIS2_PLACEMENT_3D ( 'NONE', #413, #594, #1264 ) ;
#1311 = CARTESIAN_POINT ( 'NONE',  ( -14.23943524341830447, 10.00000000000000000, -19.10552904810202435 ) ) ;
#1312 = CARTESIAN_POINT ( 'NONE',  ( -2.499999999999936939, 2.500000000000002220, -37.49711340226204470 ) ) ;
#1313 = VERTEX_POINT ( 'NONE', #1365 ) ;
#1314 = EDGE_CURVE ( 'NONE', #685, #1871, #1320, .T. ) ;
#1315 = CARTESIAN_POINT ( 'NONE',  ( 22.20000000000000284, 30.00000000000000000, 5.379404254019334530 ) ) ;
#1316 = CARTESIAN_POINT ( 'NONE',  ( -35.12867583259919257, 7.499999999999994671, -21.64287950966426166 ) ) ;
#1317 = ADVANCED_FACE ( 'NONE', ( #382 ), #1990, .F. ) ;
#1318 = DIRECTION ( 'NONE',  ( 0.000000000000000000, 0.000000000000000000, -1.000000000000000000 ) ) ;
#1319 = LINE ( 'NONE', #1811, #1295 ) ;
#1320 = LINE ( 'NONE', #204, #398 ) ;
#1321 = LINE ( 'NONE', #485, #1436 ) ;
#1322 = CARTESIAN_POINT ( 'NONE',  ( -14.53659315014803077, 2.500000000000002665, -36.82915044026001539 ) ) ;
#1323 = VERTEX_POINT ( 'NONE', #1916 ) ;
#1324 = CARTESIAN_POINT ( 'NONE',  ( -22.40525665752795703, 7.500000000000002665, -7.781857645441293769 ) ) ;
#1325 = CARTESIAN_POINT ( 'NONE',  ( -37.34685008590574995, 7.500000000000002665, -9.002761237535064964 ) ) ;
#1326 = ADVANCED_FACE ( 'NONE', ( #1075 ), #1748, .F. ) ;
#1327 = CARTESIAN_POINT ( 'NONE',  ( -22.08817264322733109, 2.500000000000000000, 11.66045136147921824 ) ) ;
#1328 = LINE ( 'NONE', #1810, #1524 ) ;
#1329 = COLOUR_RGB ( '',0.7921568627450980005, 0.8196078431372548767, 0.9333333333333333481 ) ;
#1330 = CARTESIAN_POINT ( 'NONE',  ( -16.94982275716709097, 2.500000000000000000, 20.86246319625201551 ) ) ;
#1331 = CARTESIAN_POINT ( 'NONE',  ( -39.80884687632102725, 8.673617379884035472E-15, -10.37431113932559512 ) ) ;
#1332 = LINE ( 'NONE', #1823, #1574 ) ;
#1333 = LINE ( 'NONE', #1995, #192 ) ;
#1334 = CARTESIAN_POINT ( 'NONE',  ( -21.00806147617176123, 2.500000000000000888, -16.56411239431191973 ) ) ;
#1335 = ORIENTED_EDGE ( 'NONE', *, *, #1003, .T. ) ;
#1336 = EDGE_CURVE ( 'NONE', #1515, #127, #1814, .T. ) ;
#1337 = VERTEX_POINT ( 'NONE', #275 ) ;
#1338 = CARTESIAN_POINT ( 'NONE',  ( -3.311179860349017341E-13, 10.00000000000000000, 40.00000000000000000 ) ) ;
#1339 = CARTESIAN_POINT ( 'NONE',  ( -37.50003237839618464, 2.500000000000000444, -0.2732294224825501106 ) ) ;
#1340 = EDGE_CURVE ( 'NONE', #556, #1939, #1445, .T. ) ;
#1341 = EDGE_CURVE ( 'NONE', #104, #741, #604, .T. ) ;
#1342 = CARTESIAN_POINT ( 'NONE',  ( -22.17717946322395761, 2.500000000000000000, 10.82893635646198582 ) ) ;
#1343 = CARTESIAN_POINT ( 'NONE',  ( -2.975654000499346363, 2.500000000000000000, 22.49999999999997868 ) ) ;
#1344 = DIRECTION ( 'NONE',  ( 1.000000000000000000, 0.000000000000000000, 0.000000000000000000 ) ) ;
#1345 = EDGE_CURVE ( 'NONE', #1062, #1097, #115, .T. ) ;
#1346 = DIRECTION ( 'NONE',  ( 0.000000000000000000, 0.000000000000000000, -1.000000000000000000 ) ) ;
#1347 = CARTESIAN_POINT ( 'NONE',  ( -22.11532222067187803, 7.500000000000000000, -11.39455367331067315 ) ) ;
#1348 = VERTEX_POINT ( 'NONE', #688 ) ;
#1349 = CARTESIAN_POINT ( 'NONE',  ( 20.00000000000000000, 20.00000000000000000, -7.262813331110644199 ) ) ;
#1350 = CARTESIAN_POINT ( 'NONE',  ( -37.48387117322082673, 7.500000000000003553, -4.318397220048325380 ) ) ;
#1351 = CARTESIAN_POINT ( 'NONE',  ( -19.81308800502298340, -0.000000000000000000, -8.991404556060690112 ) ) ;
#1352 = CARTESIAN_POINT ( 'NONE',  ( 0.003808139159926391890, 0.000000000000000000, 20.00000001869192445 ) ) ;
#1353 = CARTESIAN_POINT ( 'NONE',  ( -38.95702569657473191, 10.00000000000000000, -17.13850849324438386 ) ) ;
#1354 = LINE ( 'NONE', #1723, #126 ) ;
#1355 = CARTESIAN_POINT ( 'NONE',  ( -8.961177404295625593, 0.000000000000000000, 19.81514991155101768 ) ) ;
#1356 = CARTESIAN_POINT ( 'NONE',  ( -28.55799380306911672, 2.499999999999999112, -31.28468922132783447 ) ) ;
#1357 = ORIENTED_EDGE ( 'NONE', *, *, #122, .F. ) ;
#1358 = CARTESIAN_POINT ( 'NONE',  ( -11.76975984093062166, 7.500000000000000000, 37.15020517718071602 ) ) ;
#1359 = CARTESIAN_POINT ( 'NONE',  ( -2.499999999999993339, 7.500000000000000000, -22.49977204780521944 ) ) ;
#1360 = VECTOR ( 'NONE', #342, 1000.000000000000000 ) ;
#1361 = VECTOR ( 'NONE', #1106, 1000.000000000000000 ) ;
#1362 = CARTESIAN_POINT ( 'NONE',  ( 37.79999999999999716, 30.00000000000000355, -11.22176898663168743 ) ) ;
#1363 = B_SPLINE_CURVE_WITH_KNOTS ( 'NONE', 4,
 ( #753, #815, #461, #660, #1959, #825, #1488, #311, #629, #100, #471, #1117, #1137, #1632, #438, #2164, #1128, #482, #1836, #1621, #789, #1159, #995, #1480 ),
 .UNSPECIFIED., .F., .F.,
 ( 5, 1, 1, 1, 1, 1, 1, 1, 1, 1, 1, 1, 1, 1, 1, 1, 1, 1, 1, 1, 5 ),
 ( 0.05598378939387908815, 0.1438434350946112827, 0.2295776819181167827, 0.2879854558222765260, 0.3173365680213713902, 0.3466825347547390357, 0.4053812968129865135, 0.4640790138278876320, 0.5178832292953419181, 0.5614407115022016503, 0.5907904099055757419, 0.6201398579447716664, 0.6494894125024192055, 0.6788391061139197324, 0.7081886800740299082, 0.7375382592651150704, 0.7668879200446178102, 0.8239022218958633736, 0.8826014781629896166, 0.9413007387147214189, 1.000000000000002887 ),
 .UNSPECIFIED. ) ;
#1364 = VECTOR ( 'NONE', #283, 1000.000000000000114 ) ;
#1365 = CARTESIAN_POINT ( 'NONE',  ( 22.50000000000000355, 2.500000000000000000, 22.50000001869192090 ) ) ;
#1366 = CARTESIAN_POINT ( 'NONE',  ( -19.71412215042744620, 10.00000000000000000, -10.44899950100714570 ) ) ;
#1367 = VECTOR ( 'NONE', #1375, 1000.000000000000000 ) ;
#1368 = ORIENTED_EDGE ( 'NONE', *, *, #1168, .F. ) ;
#1369 = CARTESIAN_POINT ( 'NONE',  ( -22.50254155819933288, 7.499999999999999112, 3.340001677148445314 ) ) ;
#1370 = CARTESIAN_POINT ( 'NONE',  ( -37.49999999999999289, 2.500000000000000444, 0.3687818759122670764 ) ) ;
#1371 = EDGE_CURVE ( 'NONE', #1227, #1323, #668, .T. ) ;
#1372 = DIRECTION ( 'NONE',  ( 0.000000000000000000, 0.000000000000000000, -1.000000000000000000 ) ) ;
#1373 = CARTESIAN_POINT ( 'NONE',  ( -36.19470888117292162, 0.000000000000000000, -25.57830364538268952 ) ) ;
#1374 = CARTESIAN_POINT ( 'NONE',  ( -19.55123601075399620, 0.000000000000000000, 12.03232920501644720 ) ) ;
#1375 = DIRECTION ( 'NONE',  ( 0.000000000000000000, 0.000000000000000000, -1.000000000000000000 ) ) ;
#1376 = CARTESIAN_POINT ( 'NONE',  ( 37.50000000000000000, 7.500000000000000000, 0.000000000000000000 ) ) ;
#1377 = VERTEX_POINT ( 'NONE', #139 ) ;
#1378 = CARTESIAN_POINT ( 'NONE',  ( -7.701262336182066903, 2.499999999999997780, 37.40620449331662201 ) ) ;
#1379 =( NAMED_UNIT ( * ) PLANE_ANGLE_UNIT ( ) SI_UNIT ( $, .RADIAN. ) );
#1380 = DIRECTION ( 'NONE',  ( 1.000000000000000000, 0.000000000000000000, 0.000000000000000000 ) ) ;
#1381 = EDGE_CURVE ( 'NONE', #923, #1600, #4, .T. ) ;
#1382 = CARTESIAN_POINT ( 'NONE',  ( -35.38109167241512409, 2.500000000000003109, 20.97911490861509165 ) ) ;
#1383 = DIRECTION ( 'NONE',  ( 0.000000000000000000, -0.000000000000000000, 1.000000000000000000 ) ) ;
#1384 = B_SPLINE_CURVE_WITH_KNOTS ( 'NONE', 3,
 ( #2, #864, #506, #661 ),
 .UNSPECIFIED., .F., .F.,
 ( 4, 4 ),
 ( 0.2500000000000000000, 0.7500000000000000000 ),
 .UNSPECIFIED. ) ;
#1385 = DIRECTION ( 'NONE',  ( 0.000000000000000000, 0.000000000000000000, -1.000000000000000000 ) ) ;
#1386 = FACE_OUTER_BOUND ( 'NONE', #2180, .T. ) ;
#1387 = DIRECTION ( 'NONE',  ( 1.000000000000000000, 0.000000000000000000, 0.000000000000000000 ) ) ;
#1388 = CARTESIAN_POINT ( 'NONE',  ( -17.74683915218708563, 2.499999999999996891, 36.24754127213946475 ) ) ;
#1389 = DIRECTION ( 'NONE',  ( 0.000000000000000000, 2.089880577511254378E-16, -1.000000000000000000 ) ) ;
#1390 = CARTESIAN_POINT ( 'NONE',  ( -20.00000000000000000, -0.000000000000000000, -4.158793988711882328 ) ) ;
#1391 = ORIENTED_EDGE ( 'NONE', *, *, #1502, .T. ) ;
#1392 = EDGE_CURVE ( 'NONE', #391, #1981, #1486, .T. ) ;
#1393 = FACE_OUTER_BOUND ( 'NONE', #545, .T. ) ;
#1394 = ORIENTED_EDGE ( 'NONE', *, *, #1783, .T. ) ;
#1395 = CARTESIAN_POINT ( 'NONE',  ( -16.96401706652098795, 10.00000000000000000, 18.10222200292478334 ) ) ;
#1396 = DIRECTION ( 'NONE',  ( 0.000000000000000000, 1.000000000000000000, 0.000000000000000000 ) ) ;
#1397 = CARTESIAN_POINT ( 'NONE',  ( -9.933552930292794514, -0.000000000000000000, 19.74181736432467460 ) ) ;
#1398 = CARTESIAN_POINT ( 'NONE',  ( -10.37431113932545657, 10.00000000000000000, 39.80884687632107699 ) ) ;
#1399 = ORIENTED_EDGE ( 'NONE', *, *, #258, .T. ) ;
#1400 = CARTESIAN_POINT ( 'NONE',  ( -2.780314241113954638E-13, 7.500000000000000000, 37.50000000000000000 ) ) ;
#1401 = DIRECTION ( 'NONE',  ( 0.000000000000000000, -0.9396926213504268599, 0.3420201417746667749 ) ) ;
#1402 = VERTEX_POINT ( 'NONE', #1352 ) ;
#1403 = DIRECTION ( 'NONE',  ( 0.000000000000000000, 0.000000000000000000, -1.000000000000000000 ) ) ;
#1404 = ADVANCED_FACE ( 'NONE', ( #1509 ), #2186, .F. ) ;
#1405 = VERTEX_POINT ( 'NONE', #1178 ) ;
#1406 = CARTESIAN_POINT ( 'NONE',  ( -16.29024865775614117, 0.000000000000000000, 18.43971428300184101 ) ) ;
#1407 = CARTESIAN_POINT ( 'NONE',  ( 40.00000000000000000, 10.00000000000000000, 40.00000000000000711 ) ) ;
#1408 = CARTESIAN_POINT ( 'NONE',  ( -17.51468675351475213, 2.499999999999999556, 20.62248490559001368 ) ) ;
#1409 = CARTESIAN_POINT ( 'NONE',  ( -15.69263185486133594, 2.499999999999999112, -21.29632491681373807 ) ) ;
#1410 = ORIENTED_EDGE ( 'NONE', *, *, #2171, .F. ) ;
#1411 = EDGE_CURVE ( 'NONE', #1427, #1444, #1681, .T. ) ;
#1412 = CARTESIAN_POINT ( 'NONE',  ( 22.50000000000000355, 20.00000000000000000, 8.699853246438411958 ) ) ;
#1413 = CARTESIAN_POINT ( 'NONE',  ( -13.78431346780964617, 7.500000000000000000, -21.74968795315245984 ) ) ;
#1414 = EDGE_LOOP ( 'NONE', ( #2075, #665, #1291, #1000 ) ) ;
#1415 = VECTOR ( 'NONE', #1610, 1000.000000000000000 ) ;
#1416 = PLANE ( 'NONE',  #337 ) ;
#1417 = LINE ( 'NONE', #1709, #1928 ) ;
#1418 = DIRECTION ( 'NONE',  ( 0.000000000000000000, 0.9396926213504268599, -0.3420201417746668859 ) ) ;
#1419 = ORIENTED_EDGE ( 'NONE', *, *, #1015, .F. ) ;
#1420 = CARTESIAN_POINT ( 'NONE',  ( -17.29552694789736123, 0.000000000000000000, 17.90373848886802932 ) ) ;
#1421 = CARTESIAN_POINT ( 'NONE',  ( -18.94757358390529589, 10.00000000000000000, -14.87808875299229783 ) ) ;
#1422 = CARTESIAN_POINT ( 'NONE',  ( -21.86859931872815110, 7.500000000000000000, 13.18663672302615808 ) ) ;
#1423 = CARTESIAN_POINT ( 'NONE',  ( -35.87811053963729790, 10.00000000000000000, 26.41019543547690418 ) ) ;
#1424 = DIRECTION ( 'NONE',  ( 0.000000000000000000, 0.9396926213504268599, -0.3420201417746668859 ) ) ;
#1425 = CARTESIAN_POINT ( 'NONE',  ( -20.54727776169237430, 7.500000000000000000, 17.68374573276866002 ) ) ;
#1426 = CARTESIAN_POINT ( 'NONE',  ( -19.47371813551911401, 7.500000000000000000, -19.27169787537726720 ) ) ;
#1427 = VERTEX_POINT ( 'NONE', #985 ) ;
#1428 = CARTESIAN_POINT ( 'NONE',  ( -33.77154584013344873, 8.673617379884035472E-15, 29.63858856292137389 ) ) ;
#1429 = DIRECTION ( 'NONE',  ( 1.000000000000000000, 0.000000000000000000, 0.000000000000000000 ) ) ;
#1430 = ORIENTED_EDGE ( 'NONE', *, *, #377, .T. ) ;
#1431 = CARTESIAN_POINT ( 'NONE',  ( -27.99991009760352867, 2.500000000000002665, 31.76803917341122840 ) ) ;
#1432 = DIRECTION ( 'NONE',  ( -1.000000000000000000, 0.000000000000000000, -0.000000000000000000 ) ) ;
#1433 = CARTESIAN_POINT ( 'NONE',  ( -22.49999927490389950, 2.500000000000000000, 0.005712209012456702546 ) ) ;
#1434 = VECTOR ( 'NONE', #55, 1000.000000000000000 ) ;
#1435 = CARTESIAN_POINT ( 'NONE',  ( -10.31657892112928288, 2.500000000000000444, -22.22405257670095224 ) ) ;
#1436 = VECTOR ( 'NONE', #1675, 1000.000000000000000 ) ;
#1437 = CARTESIAN_POINT ( 'NONE',  ( -15.16563819307764760, 7.500000000000001776, -36.73511564622384640 ) ) ;
#1438 = CARTESIAN_POINT ( 'NONE',  ( -4.670184259068210331, 10.00000000000000000, -39.99885185340452409 ) ) ;
#1439 = VECTOR ( 'NONE', #1389, 1000.000000000000000 ) ;
#1440 = CARTESIAN_POINT ( 'NONE',  ( -17.99250654236886859, 7.500000000000000888, -20.38387206050310496 ) ) ;
#1441 = ORIENTED_EDGE ( 'NONE', *, *, #164, .F. ) ;
#1442 = CARTESIAN_POINT ( 'NONE',  ( -37.06675214152789977, 2.499999999999994671, -12.70482008755063497 ) ) ;
#1443 = CARTESIAN_POINT ( 'NONE',  ( -37.33390167528354198, 0.000000000000000000, 23.12197959208575071 ) ) ;
#1444 = VERTEX_POINT ( 'NONE', #308 ) ;
#1445 = LINE ( 'NONE', #448, #166 ) ;
#1446 = CARTESIAN_POINT ( 'NONE',  ( -10.53069364835810440, 10.00000000000000000, -19.70885026755476233 ) ) ;
#1447 = EDGE_CURVE ( 'NONE', #768, #2157, #1652, .T. ) ;
#1448 = CARTESIAN_POINT ( 'NONE',  ( -19.36602551612390855, 2.500000000000000000, 19.38152856761437803 ) ) ;
#1449 = CARTESIAN_POINT ( 'NONE',  ( -38.97762941599553699, 10.00000000000000000, 17.05361165404575274 ) ) ;
#1450 = DIRECTION ( 'NONE',  ( 1.000000000000000000, 0.000000000000000000, 0.000000000000000000 ) ) ;
#1451 = CARTESIAN_POINT ( 'NONE',  ( 4.276513780410600886E-13, 8.673617379884035472E-15, -40.00000000000000000 ) ) ;
#1452 = CARTESIAN_POINT ( 'NONE',  ( -14.93136874498181932, 2.500000000000000444, -21.50044861778043881 ) ) ;
#1453 = ORIENTED_EDGE ( 'NONE', *, *, #1411, .T. ) ;
#1454 = CARTESIAN_POINT ( 'NONE',  ( -32.43140296552468982, 2.500000000000000000, -27.07421845724081777 ) ) ;
#1455 = CARTESIAN_POINT ( 'NONE',  ( -10.37431113932545657, 0.000000000000000000, 39.80884687632107699 ) ) ;
#1456 = ORIENTED_EDGE ( 'NONE', *, *, #497, .F. ) ;
#1457 = CARTESIAN_POINT ( 'NONE',  ( -24.02583659027819962, 2.500000000000002665, 34.14186845850261420 ) ) ;
#1458 = CARTESIAN_POINT ( 'NONE',  ( -19.99999999999996447, 10.00000000000000000, -2.985335575510805306 ) ) ;
#1459 = CARTESIAN_POINT ( 'NONE',  ( -18.35210632937661757, 7.499999999999999112, 20.17338716396379539 ) ) ;
#1460 = DIRECTION ( 'NONE',  ( 0.000000000000000000, -1.000000000000000000, 0.000000000000000000 ) ) ;
#1461 = DIRECTION ( 'NONE',  ( 1.000000000000000000, 0.000000000000000000, 0.000000000000000000 ) ) ;
#1462 = CARTESIAN_POINT ( 'NONE',  ( -19.90899836497294118, 2.500000000000000000, -18.76126263762082758 ) ) ;
#1463 = ORIENTED_EDGE ( 'NONE', *, *, #589, .T. ) ;
#1464 = CARTESIAN_POINT ( 'NONE',  ( -38.27246341362239690, 8.673617379884035472E-15, 20.11529472474905234 ) ) ;
#1465 = LINE ( 'NONE', #1476, #1708 ) ;
#1466 = ORIENTED_EDGE ( 'NONE', *, *, #490, .T. ) ;
#1467 = CARTESIAN_POINT ( 'NONE',  ( -24.62703569992072516, 2.500000000000002220, 33.84629632999807569 ) ) ;
#1468 = CARTESIAN_POINT ( 'NONE',  ( 24.30000000000000426, -9.193499201483760430, 5.143498026184235350 ) ) ;
#1469 = DIRECTION ( 'NONE',  ( -0.000000000000000000, -0.000000000000000000, 1.000000000000000000 ) ) ;
#1470 = CARTESIAN_POINT ( 'NONE',  ( -2.499999999999936939, 7.500000000000001776, -37.49711340226204470 ) ) ;
#1471 = AXIS2_PLACEMENT_3D ( 'NONE', #1644, #472, #157 ) ;
#1472 = CARTESIAN_POINT ( 'NONE',  ( -21.84491156238219034, 7.499999999999999112, -13.26372953390099418 ) ) ;
#1473 = EDGE_LOOP ( 'NONE', ( #224, #1391, #316, #1430, #962, #1849, #1109, #2141, #1625, #705 ) ) ;
#1474 = PRESENTATION_LAYER_ASSIGNMENT (  '', '', ( #1611 ) ) ;
#1475 = CARTESIAN_POINT ( 'NONE',  ( -19.18833211442958131, 7.500000000000000000, -19.57024882218496131 ) ) ;
#1476 = CARTESIAN_POINT ( 'NONE',  ( 1.914812047950221419E-13, 10.00000000000000000, -39.99999999999989342 ) ) ;
#1477 = VECTOR ( 'NONE', #1180, 1000.000000000000000 ) ;
#1478 = CARTESIAN_POINT ( 'NONE',  ( -36.39366090315934343, 7.500000000000000000, 17.14294721033149216 ) ) ;
#1479 = CARTESIAN_POINT ( 'NONE',  ( -7.131591136530902375, -0.000000000000000000, -19.90973113056008970 ) ) ;
#1480 = CARTESIAN_POINT ( 'NONE',  ( -40.00000000000000000, 10.00000000000000000, -2.793185071074506684E-13 ) ) ;
#1481 = LINE ( 'NONE', #681, #699 ) ;
#1482 = CARTESIAN_POINT ( 'NONE',  ( -22.02580564128690455, 7.500000000000000000, -12.13714120380601535 ) ) ;
#1483 = VERTEX_POINT ( 'NONE', #2161 ) ;
#1484 = CARTESIAN_POINT ( 'NONE',  ( -20.37752348444579553, 7.500000000000000888, -18.01702463904372209 ) ) ;
#1485 = CARTESIAN_POINT ( 'NONE',  ( -37.37854099530813556, 2.499999999999998668, -8.355777587927592620 ) ) ;
#1486 = LINE ( 'NONE', #1004, #1643 ) ;
#1487 = CARTESIAN_POINT ( 'NONE',  ( -37.49999999999999289, 5.833333333333333925, -4.707937190371359610E-13 ) ) ;
#1488 = CARTESIAN_POINT ( 'NONE',  ( -20.11529472474891378, 10.00000000000000000, -38.27246341362247506 ) ) ;
#1489 = CARTESIAN_POINT ( 'NONE',  ( -17.05361165404561063, 8.673617379884035472E-15, -38.97762941599560094 ) ) ;
#1490 = CARTESIAN_POINT ( 'NONE',  ( 37.50000000000000000, 0.000000000000000000, 0.000000000000000000 ) ) ;
#1491 = EDGE_CURVE ( 'NONE', #259, #1313, #648, .T. ) ;
#1492 = CARTESIAN_POINT ( 'NONE',  ( 37.50000000000000000, 7.500000000000000000, 37.50000000000000711 ) ) ;
#1493 = EDGE_LOOP ( 'NONE', ( #379, #474, #990, #1101, #563, #625, #78 ) ) ;
#1494 = DIRECTION ( 'NONE',  ( 1.000000000000000000, 0.000000000000000000, 0.000000000000000000 ) ) ;
#1495 = CARTESIAN_POINT ( 'NONE',  ( -34.91064228795932678, 7.499999999999999112, -22.22987532130234456 ) ) ;
#1496 = CARTESIAN_POINT ( 'NONE',  ( -16.85839927919779413, 2.500000000000000000, 20.90624279418032927 ) ) ;
#1497 = CARTESIAN_POINT ( 'NONE',  ( -16.62085176444592705, 2.500000000000000000, 20.98758588216455223 ) ) ;
#1498 = CARTESIAN_POINT ( 'NONE',  ( -33.87604132617414621, 8.673617379884035472E-15, -29.37594347743096179 ) ) ;
#1499 = CARTESIAN_POINT ( 'NONE',  ( 37.50000000000000000, 10.00000000000000000, 37.50000000000000711 ) ) ;
#1500 = CARTESIAN_POINT ( 'NONE',  ( 22.50000000000000355, 2.500000000000000000, -0.8933342641630361847 ) ) ;
#1501 = CARTESIAN_POINT ( 'NONE',  ( -21.77647528756110873, 2.499999999999999112, -13.64244766369478334 ) ) ;
#1502 = EDGE_CURVE ( 'NONE', #897, #1173, #512, .T. ) ;
#1503 = ADVANCED_FACE ( 'NONE', ( #896 ), #1886, .T. ) ;
#1504 = VERTEX_POINT ( 'NONE', #370 ) ;
#1505 = ORIENTED_EDGE ( 'NONE', *, *, #1146, .T. ) ;
#1506 = CARTESIAN_POINT ( 'NONE',  ( -19.72679252457340127, 7.500000000000000000, -19.00506973681032363 ) ) ;
#1507 = CARTESIAN_POINT ( 'NONE',  ( -37.49965463809093080, 7.500000000000000000, -1.253775139879635292 ) ) ;
#1508 = ADVANCED_FACE ( 'NONE', ( #202 ), #1071, .F. ) ;
#1509 = FACE_OUTER_BOUND ( 'NONE', #1732, .T. ) ;
#1510 = COLOUR_RGB ( '',0.7921568627450980005, 0.8196078431372548767, 0.9333333333333333481 ) ;
#1511 = CARTESIAN_POINT ( 'NONE',  ( -6.029427797062994365, 7.500000000000000000, 22.51998197810990732 ) ) ;
#1512 = LINE ( 'NONE', #2012, #243 ) ;
#1513 = CARTESIAN_POINT ( 'NONE',  ( -10.53069364835810440, 0.000000000000000000, -19.70885026755476233 ) ) ;
#1514 = CARTESIAN_POINT ( 'NONE',  ( 0.000000000000000000, 10.00000000000000000, 100.0000000000000000 ) ) ;
#1515 = VERTEX_POINT ( 'NONE', #1565 ) ;
#1516 = CARTESIAN_POINT ( 'NONE',  ( -3.311179860349017341E-13, 8.673617379884035472E-15, 40.00000000000000000 ) ) ;
#1517 = CARTESIAN_POINT ( 'NONE',  ( -37.49536120533407058, 2.500000000000001332, -2.937899701350529913 ) ) ;
#1518 = CARTESIAN_POINT ( 'NONE',  ( -19.77992966181028223, -0.000000000000000000, -9.452683775734955773 ) ) ;
#1519 = CARTESIAN_POINT ( 'NONE',  ( -15.25758530412833736, 2.500000000000000000, 21.41695169787116981 ) ) ;
#1520 = CARTESIAN_POINT ( 'NONE',  ( -38.95702569657473191, 0.000000000000000000, -17.13850849324438386 ) ) ;
#1521 = CARTESIAN_POINT ( 'NONE',  ( -37.77846372723085722, 8.673617379884035472E-15, -21.69105786472523789 ) ) ;
#1522 = LINE ( 'NONE', #1531, #630 ) ;
#1523 = CARTESIAN_POINT ( 'NONE',  ( -16.38828043773782284, 0.000000000000000000, -18.39684350347796737 ) ) ;
#1524 = VECTOR ( 'NONE', #2001, 1000.000000000000000 ) ;
#1525 = CARTESIAN_POINT ( 'NONE',  ( -29.97049941341625257, 2.500000000000000444, -30.00429783454783461 ) ) ;
#1526 = ORIENTED_EDGE ( 'NONE', *, *, #2035, .F. ) ;
#1527 = CARTESIAN_POINT ( 'NONE',  ( -11.76975984093062166, 2.500000000000000444, 37.15020517718071602 ) ) ;
#1528 = CARTESIAN_POINT ( 'NONE',  ( -37.03351279328374090, 2.500000000000001332, -12.93184004404859344 ) ) ;
#1529 = CARTESIAN_POINT ( 'NONE',  ( -21.28066595197034161, 2.500000000000000444, 15.74968059331019887 ) ) ;
#1530 = DIRECTION ( 'NONE',  ( 0.000000000000000000, -0.000000000000000000, -1.000000000000000000 ) ) ;
#1531 = CARTESIAN_POINT ( 'NONE',  ( 35.70000000000000284, 30.00000000000000000, 3.279404254019333553 ) ) ;
#1532 = CARTESIAN_POINT ( 'NONE',  ( 37.79999999999999716, 20.00000000000000000, 9.019106577989395745 ) ) ;
#1533 = EDGE_CURVE ( 'NONE', #487, #841, #2092, .T. ) ;
#1534 = PLANE ( 'NONE',  #1828 ) ;
#1535 = CARTESIAN_POINT ( 'NONE',  ( -1.349867365756633575, 2.500000000000002220, 37.50001161211993406 ) ) ;
#1536 = DIRECTION ( 'NONE',  ( -0.000000000000000000, 0.3420201417746668304, 0.9396926213504269709 ) ) ;
#1537 = AXIS2_PLACEMENT_3D ( 'NONE', #1557, #1549, #1236 ) ;
#1538 = VECTOR ( 'NONE', #969, 1000.000000000000000 ) ;
#1539 = CARTESIAN_POINT ( 'NONE',  ( 24.30000000000000426, 30.00000000000000000, 3.279404254019332665 ) ) ;
#1540 = MECHANICAL_DESIGN_GEOMETRIC_PRESENTATION_REPRESENTATION (  '', ( #1570 ), #12 ) ;
#1541 = FACE_BOUND ( 'NONE', #1742, .T. ) ;
#1542 = CARTESIAN_POINT ( 'NONE',  ( -2.499999999999993783, 7.500000000000000000, -22.49977204780521944 ) ) ;
#1543 = CARTESIAN_POINT ( 'NONE',  ( -19.90973113055598986, -0.000000000000000000, 7.131591136637043249 ) ) ;
#1544 = EDGE_CURVE ( 'NONE', #1728, #1444, #1720, .T. ) ;
#1545 = ORIENTED_EDGE ( 'NONE', *, *, #1009, .T. ) ;
#1546 = CARTESIAN_POINT ( 'NONE',  ( -23.33770175271864389, 2.500000000000001332, 34.45578048842100571 ) ) ;
#1547 = CARTESIAN_POINT ( 'NONE',  ( -19.80665545398155558, -0.000000000000000000, -9.084470546106242494 ) ) ;
#1548 = ADVANCED_FACE ( 'NONE', ( #907 ), #21, .T. ) ;
#1549 = DIRECTION ( 'NONE',  ( 0.000000000000000000, -0.3420201417746669970, -0.9396926213504268599 ) ) ;
#1550 = DIRECTION ( 'NONE',  ( 1.000000000000000000, 0.000000000000000000, 0.000000000000000000 ) ) ;
#1551 = LINE ( 'NONE', #345, #464 ) ;
#1552 = CARTESIAN_POINT ( 'NONE',  ( 0.003808139159926391890, 0.000000000000000000, 20.00000001869192445 ) ) ;
#1553 = ORIENTED_EDGE ( 'NONE', *, *, #557, .T. ) ;
#1554 = EDGE_CURVE ( 'NONE', #2157, #2102, #879, .T. ) ;
#1555 = CARTESIAN_POINT ( 'NONE',  ( -17.74683915218708563, 7.499999999999996447, 36.24754127213946475 ) ) ;
#1556 = CARTESIAN_POINT ( 'NONE',  ( -19.93840335484185644, -0.000000000000000000, -7.148096929199944327 ) ) ;
#1557 = CARTESIAN_POINT ( 'NONE',  ( 20.00000000000000000, 5.135634473042187231, 14.11003982171929749 ) ) ;
#1558 = ADVANCED_FACE ( 'NONE', ( #887 ), #733, .T. ) ;
#1559 = CARTESIAN_POINT ( 'NONE',  ( -19.70885026754302416, 0.000000000000000000, 10.53069364847998912 ) ) ;
#1560 = CARTESIAN_POINT ( 'NONE',  ( -18.15910358204407160, 0.000000000000000000, 17.07448449645820432 ) ) ;
#1561 = CARTESIAN_POINT ( 'NONE',  ( -22.50000000058768279, 2.500000000000000000, 0.006664490825395086825 ) ) ;
#1562 = EDGE_LOOP ( 'NONE', ( #1074, #1567, #2204, #2067, #434, #732, #501 ) ) ;
#1563 = CARTESIAN_POINT ( 'NONE',  ( -9.727303445127493120, 2.499999999999997780, 37.30534674580334809 ) ) ;
#1564 = ORIENTED_EDGE ( 'NONE', *, *, #523, .F. ) ;
#1565 = CARTESIAN_POINT ( 'NONE',  ( -37.49999999999999289, 2.500000000000000888, 0.0009520347816886039682 ) ) ;
#1566 = EDGE_CURVE ( 'NONE', #1504, #191, #13, .T. ) ;
#1567 = ORIENTED_EDGE ( 'NONE', *, *, #1003, .F. ) ;
#1568 = CARTESIAN_POINT ( 'NONE',  ( -18.39684350343032904, 0.000000000000000000, 16.38828043784557309 ) ) ;
#1569 = CARTESIAN_POINT ( 'NONE',  ( -18.43971428296593373, 10.00000000000000000, -16.29024865784139919 ) ) ;
#1570 = STYLED_ITEM ( 'NONE', ( #877 ), #1850 ) ;
#1571 = CARTESIAN_POINT ( 'NONE',  ( -8.969186110143393620, -0.000000000000000000, 19.81460484826495971 ) ) ;
#1572 = CARTESIAN_POINT ( 'NONE',  ( -23.66620764920680386, 10.00000000000000000, 37.05703696311665141 ) ) ;
#1573 = ORIENTED_EDGE ( 'NONE', *, *, #1502, .F. ) ;
#1574 = VECTOR ( 'NONE', #652, 1000.000000000000000 ) ;
#1575 = LINE ( 'NONE', #582, #1138 ) ;
#1576 = FILL_AREA_STYLE ('',( #182 ) ) ;
#1577 = ORIENTED_EDGE ( 'NONE', *, *, #1447, .T. ) ;
#1578 = CARTESIAN_POINT ( 'NONE',  ( -36.52156818700293428, 2.499999999999996891, -16.48306283938093131 ) ) ;
#1579 = DIRECTION ( 'NONE',  ( -1.000000000000000000, 0.000000000000000000, -0.000000000000000000 ) ) ;
#1580 = ORIENTED_EDGE ( 'NONE', *, *, #1793, .T. ) ;
#1581 = CARTESIAN_POINT ( 'NONE',  ( -11.93344383998631208, 0.000000000000000000, 19.56566178467517148 ) ) ;
#1582 = CARTESIAN_POINT ( 'NONE',  ( -22.50000000058768279, 2.500000000000000000, 0.006664490825395086825 ) ) ;
#1583 = CARTESIAN_POINT ( 'NONE',  ( -17.80480383283164514, 7.500000000000000000, 20.47716453539420201 ) ) ;
#1584 = CARTESIAN_POINT ( 'NONE',  ( -0.9898152369532600137, 10.00000000000000000, 39.99999999999999289 ) ) ;
#1585 = CARTESIAN_POINT ( 'NONE',  ( -37.49999999999999289, 7.500000000000000000, 0.0009520347816921042065 ) ) ;
#1586 = CARTESIAN_POINT ( 'NONE',  ( -17.62653164394019711, 7.499999999999998224, 20.57502099137061080 ) ) ;
#1587 = CARTESIAN_POINT ( 'NONE',  ( -17.77833392538492774, 7.500000000000000000, -20.49384018324583323 ) ) ;
#1588 = ORIENTED_EDGE ( 'NONE', *, *, #1642, .T. ) ;
#1589 = FACE_BOUND ( 'NONE', #831, .T. ) ;
#1590 = CARTESIAN_POINT ( 'NONE',  ( -3.033215477524606296, 0.000000000000000000, 40.00006406537752213 ) ) ;
#1591 = EDGE_LOOP ( 'NONE', ( #8, #736, #458, #2017 ) ) ;
#1592 = CARTESIAN_POINT ( 'NONE',  ( -18.44597962645960720, 7.499999999999997335, 36.16540289142451314 ) ) ;
#1593 = CARTESIAN_POINT ( 'NONE',  ( -19.71412215042744620, 10.00000000000000000, -10.44899950100714570 ) ) ;
#1594 = CARTESIAN_POINT ( 'NONE',  ( -20.17192886152307807, 7.500000000000000000, 18.36588366551674412 ) ) ;
#1595 = CARTESIAN_POINT ( 'NONE',  ( -2.499999999999993783, 2.500000000000000000, -22.49977204780521944 ) ) ;
#1596 = DIRECTION ( 'NONE',  ( -0.000000000000000000, 1.000000000000000000, -0.000000000000000000 ) ) ;
#1597 = EDGE_CURVE ( 'NONE', #292, #664, #1417, .T. ) ;
#1598 = CARTESIAN_POINT ( 'NONE',  ( 0.000000000000000000, 10.00000000000000000, -39.99999999999989342 ) ) ;
#1599 = CARTESIAN_POINT ( 'NONE',  ( -19.21955698668259416, 2.499999999999999556, -19.52535647007064767 ) ) ;
#1600 = VERTEX_POINT ( 'NONE', #574 ) ;
#1601 = FACE_OUTER_BOUND ( 'NONE', #724, .T. ) ;
#1602 = DIRECTION ( 'NONE',  ( -0.000000000000000000, 0.3420201417746668859, 0.9396926213504269709 ) ) ;
#1603 = CARTESIAN_POINT ( 'NONE',  ( -33.80779567673388186, 2.499999999999994227, 24.75510784985128510 ) ) ;
#1604 = ORIENTED_EDGE ( 'NONE', *, *, #532, .T. ) ;
#1605 = CARTESIAN_POINT ( 'NONE',  ( -18.44597962645946865, 2.499999999999998224, 36.16540289142455578 ) ) ;
#1606 = CARTESIAN_POINT ( 'NONE',  ( -17.83917598762733547, 10.00000000000000000, 17.38337988011228319 ) ) ;
#1607 = CARTESIAN_POINT ( 'NONE',  ( -19.46606572893874798, 2.499999999999999556, 19.27884592566676147 ) ) ;
#1608 = CARTESIAN_POINT ( 'NONE',  ( -18.88621900289832567, 2.500000000000000000, -19.81831350103784217 ) ) ;
#1609 = CARTESIAN_POINT ( 'NONE',  ( -28.55799380306911672, 7.500000000000001776, -31.28468922132783447 ) ) ;
#1610 = DIRECTION ( 'NONE',  ( 0.000000000000000000, 0.9396926213504268599, -0.3420201417746669970 ) ) ;
#1611 = STYLED_ITEM ( 'NONE', ( #1204 ), #1824 ) ;
#1612 = CARTESIAN_POINT ( 'NONE',  ( -18.70911095811979408, 7.500000000000000000, -19.94541270304319625 ) ) ;
#1613 = VERTEX_POINT ( 'NONE', #1217 ) ;
#1614 = CARTESIAN_POINT ( 'NONE',  ( -33.71247128927758752, 2.500000000000000000, -24.88340379134486824 ) ) ;
#1615 = CARTESIAN_POINT ( 'NONE',  ( 20.00000000000000000, -0.8497180080144584036, -2.334581051913100502 ) ) ;
#1616 = CARTESIAN_POINT ( 'NONE',  ( -30.98733964240747341, 2.500000000000003109, 28.95591321856717215 ) ) ;
#1617 = VERTEX_POINT ( 'NONE', #359 ) ;
#1618 = CARTESIAN_POINT ( 'NONE',  ( -20.98989223156960549, 7.499999999999998224, 35.48758737233933402 ) ) ;
#1619 = CARTESIAN_POINT ( 'NONE',  ( -14.23943524341830447, 10.00000000000000000, -19.10552904810202435 ) ) ;
#1620 = CARTESIAN_POINT ( 'NONE',  ( -22.50228602864814675, 2.499999999999999556, 3.008167361444277432 ) ) ;
#1621 = CARTESIAN_POINT ( 'NONE',  ( -39.80884687632102725, 10.00000000000000000, -10.37431113932559512 ) ) ;
#1622 = CARTESIAN_POINT ( 'NONE',  ( 0.000000000000000000, 2.500000000000000444, 37.50000000000000711 ) ) ;
#1623 = DIRECTION ( 'NONE',  ( 0.000000000000000000, 0.9396926213504268599, -0.3420201417746669970 ) ) ;
#1624 = CARTESIAN_POINT ( 'NONE',  ( -19.59013037036922356, 2.500000000000000000, -19.14407716910887913 ) ) ;
#1625 = ORIENTED_EDGE ( 'NONE', *, *, #1168, .T. ) ;
#1626 = CARTESIAN_POINT ( 'NONE',  ( -23.66620764920680386, 10.00000000000000000, 37.05703696311665141 ) ) ;
#1627 = CARTESIAN_POINT ( 'NONE',  ( -19.99999999999998934, 0.000000000000000000, 0.007616278319824883354 ) ) ;
#1628 = ORIENTED_EDGE ( 'NONE', *, *, #258, .F. ) ;
#1629 = CARTESIAN_POINT ( 'NONE',  ( -33.83531515050709970, 7.499999999999998224, 24.64874004445984212 ) ) ;
#1630 = ADVANCED_FACE ( 'NONE', ( #1393 ), #869, .T. ) ;
#1631 = CARTESIAN_POINT ( 'NONE',  ( -17.86107069889335008, 7.500000000000000000, 20.44830351290083925 ) ) ;
#1632 = CARTESIAN_POINT ( 'NONE',  ( -36.19470888117292162, 10.00000000000000000, -25.57830364538268952 ) ) ;
#1633 = CARTESIAN_POINT ( 'NONE',  ( -2.499999999999999556, 2.500000000000000000, -22.49977204780521944 ) ) ;
#1634 = CARTESIAN_POINT ( 'NONE',  ( -21.53594685154934396, 7.499999999999999112, -14.78320479589629066 ) ) ;
#1635 = ORIENTED_EDGE ( 'NONE', *, *, #1336, .T. ) ;
#1636 = CARTESIAN_POINT ( 'NONE',  ( -3.033215477524606296, 10.00000000000000000, 40.00006406537752213 ) ) ;
#1637 = CARTESIAN_POINT ( 'NONE',  ( -25.57830364538256518, 0.000000000000000000, 36.19470888117302110 ) ) ;
#1638 = ORIENTED_EDGE ( 'NONE', *, *, #2176, .F. ) ;
#1639 = CARTESIAN_POINT ( 'NONE',  ( -25.79116394407729018, 7.500000000000000888, 33.21010032947636859 ) ) ;
#1640 = CARTESIAN_POINT ( 'NONE',  ( -10.68659082854040143, 7.499999999999998224, 22.18491228377239111 ) ) ;
#1641 = DIRECTION ( 'NONE',  ( 0.000000000000000000, -1.000000000000000000, 0.000000000000000000 ) ) ;
#1642 = EDGE_CURVE ( 'NONE', #1444, #391, #195, .T. ) ;
#1643 = VECTOR ( 'NONE', #1689, 1000.000000000000000 ) ;
#1644 = CARTESIAN_POINT ( 'NONE',  ( -2.500000000000000000, -1.000000000000000444, 100.0000000000000000 ) ) ;
#1645 = VECTOR ( 'NONE', #1596, 1000.000000000000000 ) ;
#1646 = LINE ( 'NONE', #1514, #302 ) ;
#1647 = ORIENTED_EDGE ( 'NONE', *, *, #1554, .T. ) ;
#1648 = AXIS2_PLACEMENT_3D ( 'NONE', #1663, #1460, #1822 ) ;
#1649 = CARTESIAN_POINT ( 'NONE',  ( -20.55358778922491680, 7.500000000000000000, -17.66845912023747545 ) ) ;
#1650 = CARTESIAN_POINT ( 'NONE',  ( -37.49987050921038190, 7.500000000000000000, -0.9243609584982700467 ) ) ;
#1651 = VECTOR ( 'NONE', #536, 1000.000000000000000 ) ;
#1652 = LINE ( 'NONE', #835, #298 ) ;
#1653 = CARTESIAN_POINT ( 'NONE',  ( -9.903619021932650313, 2.500000000000000000, 22.25383410990248123 ) ) ;
#1654 = CARTESIAN_POINT ( 'NONE',  ( 0.003808139159926391890, 0.000000000000000000, 20.00000001869192445 ) ) ;
#1655 = CARTESIAN_POINT ( 'NONE',  ( -17.90373848881060326, 0.000000000000000000, -17.29552694798186607 ) ) ;
#1656 = CARTESIAN_POINT ( 'NONE',  ( 37.79999999999999716, 0.000000000000000000, 0.000000000000000000 ) ) ;
#1657 = ORIENTED_EDGE ( 'NONE', *, *, #1894, .T. ) ;
#1658 = CARTESIAN_POINT ( 'NONE',  ( -12.64208755221829605, 7.500000000000001776, -21.95267892469631477 ) ) ;
#1659 = CARTESIAN_POINT ( 'NONE',  ( -37.10179028532427736, 7.499999999999999112, -12.27405081849796709 ) ) ;
#1660 = CARTESIAN_POINT ( 'NONE',  ( 22.20000000000000284, 20.00000000000000000, -7.582066662661627099 ) ) ;
#1661 = FACE_OUTER_BOUND ( 'NONE', #2080, .T. ) ;
#1662 = CARTESIAN_POINT ( 'NONE',  ( -14.29788043992120095, 7.499999999999999112, 21.64245508298799692 ) ) ;
#1663 = CARTESIAN_POINT ( 'NONE',  ( -2.576382429930502926, 20.00000000000000000, 9.019106577989395745 ) ) ;
#1664 = LINE ( 'NONE', #670, #566 ) ;
#1665 = ADVANCED_FACE ( 'NONE', ( #30 ), #1904, .F. ) ;
#1666 = CARTESIAN_POINT ( 'NONE',  ( -17.05506773917630881, 10.00000000000000000, -18.04851352810016252 ) ) ;
#1667 = CARTESIAN_POINT ( 'NONE',  ( 20.00000000000000000, 0.000000000000000000, -2.643853112762043711 ) ) ;
#1668 = ORIENTED_EDGE ( 'NONE', *, *, #1392, .F. ) ;
#1669 = CARTESIAN_POINT ( 'NONE',  ( -4.064888503233621719, 7.500000000000001776, -22.49526664759819283 ) ) ;
#1670 = CARTESIAN_POINT ( 'NONE',  ( -37.03351279328374090, 7.500000000000000888, -12.93184004404859344 ) ) ;
#1671 = CARTESIAN_POINT ( 'NONE',  ( -9.022703071823327647, -0.000000000000000000, -19.81184982215399870 ) ) ;
#1672 = CARTESIAN_POINT ( 'NONE',  ( -13.23077208501675628, 2.500000000000000000, 21.90735103015361673 ) ) ;
#1673 = CARTESIAN_POINT ( 'NONE',  ( -14.09568883967726372, 2.499999999999999112, 21.68488496366486729 ) ) ;
#1674 = FACE_OUTER_BOUND ( 'NONE', #2006, .T. ) ;
#1675 = DIRECTION ( 'NONE',  ( 1.000000000000000000, 0.000000000000000000, 0.000000000000000000 ) ) ;
#1676 = CARTESIAN_POINT ( 'NONE',  ( 40.00000000000000000, 10.00000000000000000, 40.00000000000000711 ) ) ;
#1677 = ORIENTED_EDGE ( 'NONE', *, *, #1885, .T. ) ;
#1678 = CARTESIAN_POINT ( 'NONE',  ( -20.86822401552402795, 7.499999999999999112, -16.95299758411247737 ) ) ;
#1679 = CARTESIAN_POINT ( 'NONE',  ( -37.37854099530813556, 7.499999999999998224, -8.355777587927592620 ) ) ;
#1680 = CARTESIAN_POINT ( 'NONE',  ( -9.026914619451520849, 0.000000000000000000, -19.81156300454640373 ) ) ;
#1681 = LINE ( 'NONE', #1362, #1253 ) ;
#1682 = CARTESIAN_POINT ( 'NONE',  ( -19.99999999999998934, 10.00000000000000000, 0.007616278319824883354 ) ) ;
#1683 = DIRECTION ( 'NONE',  ( 0.000000000000000000, -0.000000000000000000, 1.000000000000000000 ) ) ;
#1684 = CARTESIAN_POINT ( 'NONE',  ( -25.98090416587666951, 2.500000000000006217, -33.12825208619263151 ) ) ;
#1685 = ORIENTED_EDGE ( 'NONE', *, *, #167, .F. ) ;
#1686 = CARTESIAN_POINT ( 'NONE',  ( -19.66707137627348700, 2.499999999999997780, 35.76377735610171982 ) ) ;
#1687 = CARTESIAN_POINT ( 'NONE',  ( -37.21847033900877477, 7.500000000000000888, -10.95952609100915609 ) ) ;
#1688 = CARTESIAN_POINT ( 'NONE',  ( -19.65709708503651143, -0.000000000000000000, -10.86072500539294694 ) ) ;
#1689 = DIRECTION ( 'NONE',  ( 0.000000000000000000, 0.000000000000000000, -1.000000000000000000 ) ) ;
#1690 = ADVANCED_FACE ( 'NONE', ( #1226 ), #561, .F. ) ;
#1691 = LINE ( 'NONE', #838, #868 ) ;
#1692 = FACE_OUTER_BOUND ( 'NONE', #2090, .T. ) ;
#1693 = CARTESIAN_POINT ( 'NONE',  ( -19.71412215042744620, 0.000000000000000000, -10.44899950100714570 ) ) ;
#1694 = AXIS2_PLACEMENT_3D ( 'NONE', #1868, #691, #872 ) ;
#1695 = DIRECTION ( 'NONE',  ( 0.000000000000000000, 0.9396926213504269709, -0.3420201417746666639 ) ) ;
#1696 = CARTESIAN_POINT ( 'NONE',  ( -3.466959084996365625, 2.500000000000006661, 37.49212827189344921 ) ) ;
#1697 = CARTESIAN_POINT ( 'NONE',  ( -13.20183732760478357, 0.000000000000000000, -19.38873360301634108 ) ) ;
#1698 = DIRECTION ( 'NONE',  ( -0.000000000000000000, -1.000000000000000000, -0.000000000000000000 ) ) ;
#1699 = CARTESIAN_POINT ( 'NONE',  ( -38.37022890233604500, 0.000000000000000000, -19.68832846410183990 ) ) ;
#1700 = CARTESIAN_POINT ( 'NONE',  ( -35.18290614456390131, 10.00000000000000000, -27.41841852041243399 ) ) ;
#1701 = DIRECTION ( 'NONE',  ( 0.000000000000000000, 0.000000000000000000, 1.000000000000000000 ) ) ;
#1702 = CARTESIAN_POINT ( 'NONE',  ( -12.57680421926242076, -0.000000000000000000, 19.45367378921570278 ) ) ;
#1703 = AXIS2_PLACEMENT_3D ( 'NONE', #651, #2029, #1530 ) ;
#1704 = ORIENTED_EDGE ( 'NONE', *, *, #189, .T. ) ;
#1705 = B_SPLINE_SURFACE_WITH_KNOTS ( 'NONE', 3, 1, ( 
 ( #1433, #253 ),
 ( #1620, #763 ),
 ( #2110, #266 ),
 ( #2097, #1934 ),
 ( #595, #99 ),
 ( #1265, #618 ),
 ( #399, #1422 ),
 ( #414, #567 ),
 ( #1288, #1970 ),
 ( #60, #1241 ),
 ( #1104, #957 ),
 ( #788, #1787 ),
 ( #1958, #1594 ),
 ( #1918, #1945 ),
 ( #425, #579 ),
 ( #450, #940 ),
 ( #1092, #437 ),
 ( #1607, #1116 ),
 ( #85, #774 ),
 ( #1448, #1252 ),
 ( #1077, #1750 ),
 ( #1127, #2122 ),
 ( #607, #2083 ),
 ( #1763, #1459 ),
 ( #2134, #1799 ),
 ( #241, #277 ),
 ( #229, #967 ),
 ( #914, #1631 ),
 ( #739, #1583 ),
 ( #1408, #927 ),
 ( #752, #154 ),
 ( #1330, #1136 ),
 ( #659, #669 ),
 ( #1497, #2143 ),
 ( #976, #2173 ),
 ( #2011, #1845 ),
 ( #1158, #2002 ),
 ( #132, #495 ),
 ( #320, #2163 ),
 ( #1308, #1662 ),
 ( #1673, #287 ),
 ( #1983, #460 ),
 ( #987, #1993 ),
 ( #837, #2187 ),
 ( #1006, #1640 ),
 ( #1653, #481 ),
 ( #1169, #845 ),
 ( #300, #1511 ),
 ( #1343, #1835 ),
 ( #824, #2021 ) ),
 .UNSPECIFIED., .F., .F., .F.,
 ( 4, 2, 2, 2, 2, 2, 2, 2, 2, 2, 2, 2, 2, 2, 2, 2, 2, 2, 2, 2, 2, 2, 2, 2, 4 ),
 ( 2, 2 ),
 ( 0.000000000000000000, 0.2500000000000033307, 0.3125000000000042744, 0.3750000000000052180, 0.4375000000000061617, 0.4687500000000065503, 0.4843750000000068279, 0.4921875000000070499, 0.4960937500000071609, 0.4980468750000072164, 0.5000000000000072164, 0.5156250000000072164, 0.5234375000000073275, 0.5273437500000073275, 0.5312500000000074385, 0.5468750000000073275, 0.5546875000000073275, 0.5625000000000072164, 0.5937500000000068834, 0.6093750000000067724, 0.6250000000000066613, 0.6875000000000056621, 0.7187500000000051070, 0.7500000000000045519, 1.000000000000000000 ),
 ( 0.000000000000000000, 1.000000000000000000 ),
 .UNSPECIFIED. ) ;
#1706 = CARTESIAN_POINT ( 'NONE',  ( -15.13573592266205203, 2.500000000000002220, 36.74138572969978611 ) ) ;
#1707 = SURFACE_STYLE_FILL_AREA ( #530 ) ;
#1708 = VECTOR ( 'NONE', #1925, 1000.000000000000000 ) ;
#1709 = CARTESIAN_POINT ( 'NONE',  ( 37.50000000000000000, 20.00000000000000000, 0.000000000000000000 ) ) ;
#1710 = CARTESIAN_POINT ( 'NONE',  ( -26.41019543547676918, 0.000000000000000000, -35.87811053963739027 ) ) ;
#1711 = PRESENTATION_LAYER_ASSIGNMENT (  '', '', ( #1570 ) ) ;
#1712 = CARTESIAN_POINT ( 'NONE',  ( -18.92203153215974609, 0.000000000000000000, 14.97110637940016531 ) ) ;
#1713 = DIRECTION ( 'NONE',  ( 1.000000000000000000, 0.000000000000000000, 0.000000000000000000 ) ) ;
#1714 = EDGE_CURVE ( 'NONE', #1768, #1483, #541, .T. ) ;
#1715 = CARTESIAN_POINT ( 'NONE',  ( -8.991404556071543652, -0.000000000000000000, 19.81308800502226930 ) ) ;
#1716 = ORIENTED_EDGE ( 'NONE', *, *, #1885, .F. ) ;
#1717 = CARTESIAN_POINT ( 'NONE',  ( -19.03523787400043332, 2.500000000000003997, 35.93593594841538419 ) ) ;
#1718 = CARTESIAN_POINT ( 'NONE',  ( 22.20000000000000284, 30.00000000000000355, -11.22176898663168743 ) ) ;
#1719 = DIRECTION ( 'NONE',  ( 0.000000000000000000, 0.000000000000000000, 1.000000000000000000 ) ) ;
#1720 = LINE ( 'NONE', #1893, #583 ) ;
#1721 = EDGE_CURVE ( 'NONE', #422, #748, #393, .T. ) ;
#1722 = CARTESIAN_POINT ( 'NONE',  ( -16.96401706652098795, 0.000000000000000000, 18.10222200292478334 ) ) ;
#1723 = CARTESIAN_POINT ( 'NONE',  ( 22.50000000000000355, 7.500000000000000000, 14.99999999999999645 ) ) ;
#1724 = CARTESIAN_POINT ( 'NONE',  ( -19.38873360299285764, 0.000000000000000000, 13.20183732775246455 ) ) ;
#1725 = CARTESIAN_POINT ( 'NONE',  ( -22.50000192353061124, 2.500000000000000000, -1.550839168916057442 ) ) ;
#1726 = EDGE_CURVE ( 'NONE', #1122, #292, #261, .T. ) ;
#1727 = B_SPLINE_CURVE_WITH_KNOTS ( 'NONE', 3,
 ( #1595, #740, #73, #1764, #1919, #1435, #2111, #1935, #580, #1093, #415, #1409, #1266, #555, #1242, #2123, #2084, #1608, #1105, #941, #375, #242, #400, #86, #216, #775, #608, #230, #1079, #1054, #1751, #61, #1725, #1561 ),
 .UNSPECIFIED., .F., .F.,
 ( 4, 2, 2, 2, 2, 2, 2, 2, 2, 2, 2, 2, 2, 2, 2, 2, 4 ),
 ( 0.000000000000000000, 0.004692822524186064485, 0.007039233786279097162, 0.009385645048372128971, 0.01173205631046515991, 0.01290526194151168059, 0.01407846757255819953, 0.01525167320360472194, 0.01642487883465124088, 0.01759808446569776155, 0.01877129009674428223, 0.01994449572779079943, 0.02111770135883732358, 0.02346411262093036493, 0.02815693514511644069, 0.03284975766930252339, 0.03754258019348860609 ),
 .UNSPECIFIED. ) ;
#1728 = VERTEX_POINT ( 'NONE', #2104 ) ;
#1729 = CARTESIAN_POINT ( 'NONE',  ( -13.13235692132919397, 2.499999999999997780, 37.01095954527223597 ) ) ;
#1730 = CARTESIAN_POINT ( 'NONE',  ( 0.000000000000000000, 10.00000000000000000, 40.00000000000000711 ) ) ;
#1731 = EDGE_CURVE ( 'NONE', #748, #1249, #1785, .T. ) ;
#1732 = EDGE_LOOP ( 'NONE', ( #572, #161, #695, #2015 ) ) ;
#1733 = DIRECTION ( 'NONE',  ( 1.000000000000000000, 0.000000000000000000, 0.000000000000000000 ) ) ;
#1734 = ORIENTED_EDGE ( 'NONE', *, *, #1873, .F. ) ;
#1735 = CARTESIAN_POINT ( 'NONE',  ( -15.94170275016808525, 0.000000000000000000, 18.57830146202416444 ) ) ;
#1736 = CARTESIAN_POINT ( 'NONE',  ( -18.57830146199239252, 10.00000000000000000, -15.94170275025091499 ) ) ;
#1737 = CARTESIAN_POINT ( 'NONE',  ( -19.81156300453799446, 0.000000000000000000, 9.026914619574005982 ) ) ;
#1738 = DIRECTION ( 'NONE',  ( 0.000000000000000000, 1.040834085586084059E-15, -1.000000000000000000 ) ) ;
#1739 = CARTESIAN_POINT ( 'NONE',  ( 37.79999999999999716, 20.00000000000000000, -7.582066662661627099 ) ) ;
#1740 = CARTESIAN_POINT ( 'NONE',  ( -26.41019543547676918, 8.673617379884035472E-15, -35.87811053963739027 ) ) ;
#1741 = SURFACE_SIDE_STYLE ('',( #11 ) ) ;
#1742 = EDGE_LOOP ( 'NONE', ( #447, #1134, #53, #645 ) ) ;
#1743 = DIRECTION ( 'NONE',  ( -0.000000000000000000, 0.000000000000000000, 1.000000000000000000 ) ) ;
#1744 = CARTESIAN_POINT ( 'NONE',  ( -37.49969177076686577, 7.500000000000000000, -0.4037458700326423400 ) ) ;
#1745 = VECTOR ( 'NONE', #2140, 1000.000000000000000 ) ;
#1746 = ORIENTED_EDGE ( 'NONE', *, *, #122, .T. ) ;
#1747 = AXIS2_PLACEMENT_3D ( 'NONE', #1149, #1847, #1683 ) ;
#1748 = PLANE ( 'NONE',  #818 ) ;
#1749 = CARTESIAN_POINT ( 'NONE',  ( -18.10222200286614225, 10.00000000000000000, -16.96401706662437192 ) ) ;
#1750 = CARTESIAN_POINT ( 'NONE',  ( -19.33016530542310107, 7.500000000000000000, 19.41689582794121094 ) ) ;
#1751 = CARTESIAN_POINT ( 'NONE',  ( -22.45748957957365732, 2.500000000000000000, -6.222701246015470922 ) ) ;
#1752 = CARTESIAN_POINT ( 'NONE',  ( 40.00000000000000000, 10.00000000000000000, 40.00000000000000711 ) ) ;
#1753 = VECTOR ( 'NONE', #535, 1000.000000000000000 ) ;
#1754 = CARTESIAN_POINT ( 'NONE',  ( -20.35952364326431407, 7.500000000000001776, 18.05295190523851545 ) ) ;
#1755 = CARTESIAN_POINT ( 'NONE',  ( -19.47371813551911401, 2.500000000000000888, -19.27169787537726720 ) ) ;
#1756 = ORIENTED_EDGE ( 'NONE', *, *, #368, .F. ) ;
#1757 = DIRECTION ( 'NONE',  ( -7.149591449380571792E-17, 0.3420201417746668859, 0.9396926213504268599 ) ) ;
#1758 = CARTESIAN_POINT ( 'NONE',  ( -24.10204372549596030, 2.500000000000005773, -34.13130339649185174 ) ) ;
#1759 = ORIENTED_EDGE ( 'NONE', *, *, #1381, .T. ) ;
#1760 = CARTESIAN_POINT ( 'NONE',  ( -14.87808875290169297, 10.00000000000000000, 18.94757358393081148 ) ) ;
#1761 = CARTESIAN_POINT ( 'NONE',  ( -10.44899950101179797, 10.00000000000000000, 19.71412215042690619 ) ) ;
#1762 = EDGE_CURVE ( 'NONE', #1125, #897, #1465, .T. ) ;
#1763 = CARTESIAN_POINT ( 'NONE',  ( -18.35210632937661757, 2.499999999999999556, 20.17338716396379539 ) ) ;
#1764 = CARTESIAN_POINT ( 'NONE',  ( -7.973940425967959378, 2.499999999999999556, -22.38195671135875031 ) ) ;
#1765 = CARTESIAN_POINT ( 'NONE',  ( -12.64677330085405416, 7.500000000000000888, -37.07581127422486844 ) ) ;
#1766 = CARTESIAN_POINT ( 'NONE',  ( -13.47334188120052900, 10.00000000000000000, -39.55357087834298113 ) ) ;
#1767 = CARTESIAN_POINT ( 'NONE',  ( -16.52041592630185107, 7.500000000000000000, -21.02512429718685638 ) ) ;
#1768 = VERTEX_POINT ( 'NONE', #950 ) ;
#1769 = CARTESIAN_POINT ( 'NONE',  ( -34.27621415434943231, 2.500000000000000888, -23.73751599988946737 ) ) ;
#1770 = CARTESIAN_POINT ( 'NONE',  ( -27.28047769447308113, 7.499999999999994671, -32.28736632685069452 ) ) ;
#1771 = ORIENTED_EDGE ( 'NONE', *, *, #1793, .F. ) ;
#1772 = CARTESIAN_POINT ( 'NONE',  ( -37.50055991275789324, 7.500000000000000000, 5.295024897985915580 ) ) ;
#1773 = FACE_OUTER_BOUND ( 'NONE', #32, .T. ) ;
#1774 = FACE_OUTER_BOUND ( 'NONE', #136, .T. ) ;
#1775 = CARTESIAN_POINT ( 'NONE',  ( -14.12141571046981880, 10.00000000000000000, 39.46032066326856125 ) ) ;
#1776 = CARTESIAN_POINT ( 'NONE',  ( 35.70000000000000284, -9.193499201483760430, 5.143498026184235350 ) ) ;
#1777 = ADVANCED_FACE ( 'NONE', ( #935 ), #1260, .F. ) ;
#1778 = CARTESIAN_POINT ( 'NONE',  ( -20.87962504043963108, 7.500000000000001776, 16.92683305030616836 ) ) ;
#1779 = CARTESIAN_POINT ( 'NONE',  ( -14.93136874498181932, 7.500000000000000000, -21.50044861778043881 ) ) ;
#1780 = ORIENTED_EDGE ( 'NONE', *, *, #1183, .F. ) ;
#1781 = CARTESIAN_POINT ( 'NONE',  ( -35.87811053963729790, 10.00000000000000000, 26.41019543547690418 ) ) ;
#1782 = CARTESIAN_POINT ( 'NONE',  ( -26.25811695834060089, 7.499999999999997335, -32.95687369894750418 ) ) ;
#1783 = EDGE_CURVE ( 'NONE', #910, #1225, #80, .T. ) ;
#1784 = ORIENTED_EDGE ( 'NONE', *, *, #723, .F. ) ;
#1785 = B_SPLINE_CURVE_WITH_KNOTS ( 'NONE', 4,
 ( #2118, #249, #615, #796, #106, #1124, #973, #1443, #273, #1941, #1805, #1099, #588, #1637, #759, #921, #602, #457, #284, #1455, #964, #1590, #114, #2129 ),
 .UNSPECIFIED., .F., .F.,
 ( 5, 1, 1, 1, 1, 1, 1, 1, 1, 1, 1, 1, 1, 1, 1, 1, 1, 1, 1, 1, 5 ),
 ( 0.05598378939387908815, 0.1438434350946110052, 0.2295776819181162831, 0.2879854558222758043, 0.3173365680213706130, 0.3466825347547381475, 0.4053812968129854588, 0.4640790138278863552, 0.5178832292953404748, 0.5614407115022000960, 0.5907904099055740765, 0.6201398579447698900, 0.6494894125024174292, 0.6788391061139178451, 0.7081886800740279098, 0.7375382592651129610, 0.7668879200446154787, 0.8239022218958610422, 0.8826014781629870631, 0.9413007387147187544, 1.000000000000000000 ),
 .UNSPECIFIED. ) ;
#1786 = CARTESIAN_POINT ( 'NONE',  ( -37.07376804009523141, 7.500000000000000000, 13.21153668575928641 ) ) ;
#1787 = CARTESIAN_POINT ( 'NONE',  ( -20.31706343093498290, 7.500000000000000000, 18.11177493940250116 ) ) ;
#1788 = ADVANCED_FACE ( 'NONE', ( #770 ), #1827, .T. ) ;
#1789 = CARTESIAN_POINT ( 'NONE',  ( 22.50000000000000355, 15.00000000000000000, 18.50103769719801505 ) ) ;
#1790 = B_SPLINE_CURVE_WITH_KNOTS ( 'NONE', 3,
 ( #628, #121, #814, #1479, #2152, #470, #310, #1147, #1821, #994, #141, #1671, #709, #853, #1680, #1190, #1697, #1026, #150, #183, #1863, #1884, #1688, #878, #1518, #2195, #1547, #174, #1351, #20, #2207, #367, #1216, #1556, #1390, #2066 ),
 .UNSPECIFIED., .F., .F.,
 ( 4, 1, 1, 1, 1, 1, 1, 1, 1, 1, 1, 2, 2, 2, 2, 1, 1, 1, 1, 1, 1, 1, 1, 1, 1, 2, 2, 4 ),
 ( 0.000000000000000000, 0.1249999999998903100, 0.1874999999998354649, 0.2187499999998080424, 0.2343749999997944422, 0.2421874999997875311, 0.2460937499997840061, 0.2480468749997823408, 0.2490234374997815359, 0.2495117187497812306, 0.2497558593747811195, 0.2498779296872811473, 0.2499999999997811750, 0.3749999999998178124, 0.4999999999998545608, 0.6249999999998913092, 0.6874999999999098499, 0.7187499999999190647, 0.7343749999999236167, 0.7421874999999260591, 0.7460937499999271694, 0.7480468749999277245, 0.7490234374999280575, 0.7495117187499282796, 0.7497558593749282796, 0.7498779296874282796, 0.7499999999999282796, 1.000000000000000000 ),
 .UNSPECIFIED. ) ;
#1791 = DIRECTION ( 'NONE',  ( 0.000000000000000000, -0.9396926213504269709, 0.3420201417746668859 ) ) ;
#1792 = CARTESIAN_POINT ( 'NONE',  ( -20.07773538314575745, 2.500000000000000444, -18.50967202224457608 ) ) ;
#1793 = EDGE_CURVE ( 'NONE', #259, #1483, #1912, .T. ) ;
#1794 = ORIENTED_EDGE ( 'NONE', *, *, #1491, .T. ) ;
#1795 = CARTESIAN_POINT ( 'NONE',  ( -39.93383091285956255, 8.673617379884035472E-15, 8.815031395620783528 ) ) ;
#1796 = CARTESIAN_POINT ( 'NONE',  ( -13.11331455478106456, 7.500000000000002665, -37.06274122738894050 ) ) ;
#1797 = VERTEX_POINT ( 'NONE', #1730 ) ;
#1798 = CARTESIAN_POINT ( 'NONE',  ( -30.91780054469565542, 2.500000000000003109, 29.04384003546179116 ) ) ;
#1799 = CARTESIAN_POINT ( 'NONE',  ( -18.22437120417538026, 7.500000000000000000, 20.24950555798259799 ) ) ;
#1800 = CARTESIAN_POINT ( 'NONE',  ( -34.27621415434943231, 7.500000000000000000, -23.73751599988946737 ) ) ;
#1801 = CARTESIAN_POINT ( 'NONE',  ( -15.91928006602958590, 2.500000000000000000, -21.22478521117536232 ) ) ;
#1802 = VERTEX_POINT ( 'NONE', #1902 ) ;
#1803 = EDGE_CURVE ( 'NONE', #1728, #1227, #358, .T. ) ;
#1804 = CARTESIAN_POINT ( 'NONE',  ( -36.26997358569592933, 2.499999999999996003, -17.72373804318123902 ) ) ;
#1805 = CARTESIAN_POINT ( 'NONE',  ( -31.52431805716381064, 0.000000000000000000, 32.08981766932158308 ) ) ;
#1806 = ORIENTED_EDGE ( 'NONE', *, *, #540, .T. ) ;
#1807 = AXIS2_PLACEMENT_3D ( 'NONE', #856, #496, #2198 ) ;
#1808 = ADVANCED_FACE ( 'NONE', ( #2039 ), #194, .T. ) ;
#1809 = CARTESIAN_POINT ( 'NONE',  ( -5.293057194072432914, 7.499999999999997335, 37.47342670282253607 ) ) ;
#1810 = CARTESIAN_POINT ( 'NONE',  ( 20.00000000000000355, 9.999999990654039550, 14.99999999999999645 ) ) ;
#1811 = CARTESIAN_POINT ( 'NONE',  ( 40.00000000000000000, 10.00000000000000000, 40.00000000000000711 ) ) ;
#1812 = CARTESIAN_POINT ( 'NONE',  ( 0.000000000000000000, 6.666666666666666963, 20.00000001869192445 ) ) ;
#1813 = CARTESIAN_POINT ( 'NONE',  ( 37.50000000000000000, 5.135634473042188120, 14.11003982171929749 ) ) ;
#1814 = B_SPLINE_CURVE_WITH_KNOTS ( 'NONE', 3,
 ( #749, #1042, #1207, #412, #533, #361, #712, #1382, #14, #2059, #1051, #82, #2142, #2151, #1798, #799, #1431, #117, #251, #1467, #1457, #1943, #1605, #423, #1263, #108, #2120, #593, #1126, #2108, #772, #1102, #1145, #938 ),
 .UNSPECIFIED., .F., .F.,
 ( 4, 2, 2, 2, 2, 2, 2, 2, 2, 2, 2, 2, 2, 2, 2, 2, 4 ),
 ( 0.000000000000000000, 0.007927956655620923762, 0.01585591331124184752, 0.01981989163905231721, 0.02378386996686278343, 0.02576585913076801307, 0.02774784829467324618, 0.03171182662248371587, 0.03567580495029418208, 0.03765779411419942213, 0.03963978327810466218, 0.04756773993372561543, 0.04954972909763085548, 0.05153171826153608859, 0.05549569658934656868, 0.05945967491715704878, 0.06342365324496751500 ),
 .UNSPECIFIED. ) ;
#1815 = CARTESIAN_POINT ( 'NONE',  ( -21.21522320197940559, 2.499999999999998668, -15.96474575805435414 ) ) ;
#1816 = ORIENTED_EDGE ( 'NONE', *, *, #1146, .F. ) ;
#1817 = CARTESIAN_POINT ( 'NONE',  ( -14.55651877015031914, 7.499999999999998224, -21.58854581396344230 ) ) ;
#1818 = CARTESIAN_POINT ( 'NONE',  ( -37.49536120533407058, 7.500000000000000888, -2.937899701350529913 ) ) ;
#1819 = CARTESIAN_POINT ( 'NONE',  ( -28.26156313270265485, 7.500000000000006217, 31.56067068898481409 ) ) ;
#1820 = CARTESIAN_POINT ( 'NONE',  ( -32.85560772742214652, 7.500000000000000000, 26.37689419983131955 ) ) ;
#1821 = CARTESIAN_POINT ( 'NONE',  ( -8.977268690611023061, -0.000000000000000000, -19.81491922974110409 ) ) ;
#1822 = DIRECTION ( 'NONE',  ( 0.000000000000000000, -0.000000000000000000, -1.000000000000000000 ) ) ;
#1823 = CARTESIAN_POINT ( 'NONE',  ( -2.576382429930502926, 30.00000000000000355, -11.22176898663168743 ) ) ;
#1824 = MANIFOLD_SOLID_BREP ( 'ÇÐ³ý-À­Éì3', #585 ) ;
#1825 = VECTOR ( 'NONE', #1248, 1000.000000000000114 ) ;
#1826 = CARTESIAN_POINT ( 'NONE',  ( -16.03999868446801713, 0.000000000000000000, -18.54047131192913866 ) ) ;
#1827 = B_SPLINE_SURFACE_WITH_KNOTS ( 'NONE', 3, 1, ( 
 ( #1285, #432 ),
 ( #408, #1293 ),
 ( #808, #1272 ),
 ( #1796, #1953 ),
 ( #1979, #1966 ),
 ( #444, #1133 ),
 ( #2150, #421 ),
 ( #637, #1111 ),
 ( #1085, #1758 ),
 ( #1782, #236 ),
 ( #1770, #68 ),
 ( #95, #294 ),
 ( #2027, #1862 ),
 ( #1853, #340 ),
 ( #129, #667 ),
 ( #318, #861 ),
 ( #1014, #2206 ),
 ( #1495, #657 ),
 ( #1316, #2019 ),
 ( #1842, #467 ),
 ( #1999, #1176 ),
 ( #1025, #2170 ),
 ( #503, #1143 ),
 ( #992, #1304 ),
 ( #476, #1002 ),
 ( #163, #983 ),
 ( #1833, #330 ),
 ( #1670, #1528 ),
 ( #1659, #149 ),
 ( #1687, #2159 ),
 ( #173, #1166 ),
 ( #1325, #822 ),
 ( #1679, #1485 ),
 ( #138, #489 ),
 ( #647, #1154 ),
 ( #676, #843 ),
 ( #1350, #852 ),
 ( #1818, #1517 ),
 ( #2009, #833 ),
 ( #1507, #1989 ),
 ( #1650, #307 ),
 ( #2184, #1339 ),
 ( #2194, #511 ),
 ( #1189, #1370 ) ),
 .UNSPECIFIED., .F., .F., .F.,
 ( 4, 2, 2, 2, 2, 2, 2, 2, 2, 2, 2, 2, 2, 2, 2, 2, 2, 2, 2, 2, 2, 4 ),
 ( 2, 2 ),
 ( 0.000000000000000000, 0.1249999999999999167, 0.2499999999999998335, 0.3124999999999998890, 0.3749999999999999445, 0.4375000000000000555, 0.5000000000000001110, 0.5625000000000002220, 0.6250000000000002220, 0.6562500000000002220, 0.6875000000000002220, 0.7187500000000002220, 0.7500000000000001110, 0.7812500000000001110, 0.8125000000000001110, 0.8437500000000001110, 0.8750000000000001110, 0.9062500000000001110, 0.9375000000000000000, 0.9687500000000000000, 0.9843750000000000000, 1.000000000000000000 ),
 ( 0.000000000000000000, 1.000000000000000000 ),
 .UNSPECIFIED. ) ;
#1828 = AXIS2_PLACEMENT_3D ( 'NONE', #75, #1299, #2136 ) ;
#1829 = CARTESIAN_POINT ( 'NONE',  ( -11.38332450734659673, 2.500000000000000888, -37.19313546732753650 ) ) ;
#1830 = ORIENTED_EDGE ( 'NONE', *, *, #606, .F. ) ;
#1831 = VECTOR ( 'NONE', #1494, 1000.000000000000000 ) ;
#1832 = CARTESIAN_POINT ( 'NONE',  ( -22.50454509606538167, 7.500000000000000888, -3.108412136214168786 ) ) ;
#1833 = CARTESIAN_POINT ( 'NONE',  ( -36.87398995349650477, 7.500000000000000888, -14.22765130923626309 ) ) ;
#1834 = CARTESIAN_POINT ( 'NONE',  ( -21.69441949915857037, 2.500000000000000444, 14.13072760477602507 ) ) ;
#1835 = CARTESIAN_POINT ( 'NONE',  ( -2.975654000499346363, 7.500000000000000000, 22.49999999999997868 ) ) ;
#1836 = CARTESIAN_POINT ( 'NONE',  ( -39.46032066326849730, 10.00000000000000000, -14.12141571046995736 ) ) ;
#1837 = CARTESIAN_POINT ( 'NONE',  ( -39.46032066326849730, 10.00000000000000000, -14.12141571046995736 ) ) ;
#1838 = CARTESIAN_POINT ( 'NONE',  ( -16.03999868446801713, 10.00000000000000000, -18.54047131192913866 ) ) ;
#1839 = CARTESIAN_POINT ( 'NONE',  ( -21.84491156238219034, 2.499999999999999556, -13.26372953390099418 ) ) ;
#1840 = ORIENTED_EDGE ( 'NONE', *, *, #1803, .F. ) ;
#1841 = CARTESIAN_POINT ( 'NONE',  ( 35.70000000000000284, 19.99999999999999645, -5.482066662661623901 ) ) ;
#1842 = CARTESIAN_POINT ( 'NONE',  ( -35.52854761319608912, 7.500000000000004441, -20.45319314981153624 ) ) ;
#1843 = CARTESIAN_POINT ( 'NONE',  ( -6.638220480985798311, 2.500000000000000000, 22.44667691651638819 ) ) ;
#1844 = CARTESIAN_POINT ( 'NONE',  ( 0.000000000000000000, 0.000000000000000000, -39.99999999999989342 ) ) ;
#1845 = CARTESIAN_POINT ( 'NONE',  ( -15.97675951791032212, 7.500000000000000000, 21.21251724233148650 ) ) ;
#1846 = CARTESIAN_POINT ( 'NONE',  ( -37.77846372723085722, 10.00000000000000000, -21.69105786472523789 ) ) ;
#1847 = DIRECTION ( 'NONE',  ( 0.000000000000000000, 1.000000000000000000, 0.000000000000000000 ) ) ;
#1848 = FACE_OUTER_BOUND ( 'NONE', #43, .T. ) ;
#1849 = ORIENTED_EDGE ( 'NONE', *, *, #352, .F. ) ;
#1850 = MANIFOLD_SOLID_BREP ( '³é¿Ç3', #692 ) ;
#1851 = VERTEX_POINT ( 'NONE', #349 ) ;
#1852 = DIRECTION ( 'NONE',  ( 0.000000000000000000, 0.9396926213504268599, -0.3420201417746667749 ) ) ;
#1853 = CARTESIAN_POINT ( 'NONE',  ( -31.66082215386332166, 7.500000000000000888, -28.13054174436484800 ) ) ;
#1854 = ADVANCED_FACE ( 'NONE', ( #2057 ), #827, .T. ) ;
#1855 = CARTESIAN_POINT ( 'NONE',  ( -1.658416099128490417, 2.500000000000000444, 22.50001155553299625 ) ) ;
#1856 = CARTESIAN_POINT ( 'NONE',  ( -31.74799147387506792, 10.00000000000000000, 18.50103769719801861 ) ) ;
#1857 = CARTESIAN_POINT ( 'NONE',  ( -32.08981766932146940, 8.673617379884035472E-15, -31.52431805716392788 ) ) ;
#1858 = LINE ( 'NONE', #1813, #2037 ) ;
#1859 = DIRECTION ( 'NONE',  ( -0.000000000000000000, -0.000000000000000000, 1.000000000000000000 ) ) ;
#1860 = ORIENTED_EDGE ( 'NONE', *, *, #1642, .F. ) ;
#1861 = CARTESIAN_POINT ( 'NONE',  ( -22.17717946323712752, 7.500000000000000000, 10.82893635632683349 ) ) ;
#1862 = CARTESIAN_POINT ( 'NONE',  ( -30.06290060360894500, 2.500000000000002220, -29.94905522430621758 ) ) ;
#1863 = CARTESIAN_POINT ( 'NONE',  ( -18.91089624852261508, -0.000000000000000000, -15.45590290231571196 ) ) ;
#1864 = EDGE_CURVE ( 'NONE', #1097, #127, #2191, .T. ) ;
#1865 = CARTESIAN_POINT ( 'NONE',  ( -19.20492905521727423, 2.500000000000000444, 19.54065047067103578 ) ) ;
#1866 = VECTOR ( 'NONE', #1182, 1000.000000000000000 ) ;
#1867 = CARTESIAN_POINT ( 'NONE',  ( -39.97690603274433130, 8.673617379884035472E-15, -6.412221231909268404 ) ) ;
#1868 = CARTESIAN_POINT ( 'NONE',  ( 40.00000000000000000, 0.000000000000000000, 0.000000000000000000 ) ) ;
#1869 = CARTESIAN_POINT ( 'NONE',  ( -4.158793988720989709, -0.000000000000000000, 19.99999999999999645 ) ) ;
#1870 = CARTESIAN_POINT ( 'NONE',  ( -18.91850071109582743, 2.500000000000000000, -35.98266712575282611 ) ) ;
#1871 = VERTEX_POINT ( 'NONE', #1667 ) ;
#1872 = CARTESIAN_POINT ( 'NONE',  ( -13.13235692132919397, 7.499999999999997335, 37.01095954527223597 ) ) ;
#1873 = EDGE_CURVE ( 'NONE', #1797, #1249, #291, .T. ) ;
#1874 = CARTESIAN_POINT ( 'NONE',  ( -18.00108699324850292, 2.500000000000000888, 20.38810790606786938 ) ) ;
#1875 = CARTESIAN_POINT ( 'NONE',  ( -29.63858856292124244, 0.000000000000000000, -33.77154584013355532 ) ) ;
#1876 = ADVANCED_FACE ( 'NONE', ( #1848 ), #979, .T. ) ;
#1877 = DIRECTION ( 'NONE',  ( -1.000000000000000000, -0.000000000000000000, -0.000000000000000000 ) ) ;
#1878 = DIRECTION ( 'NONE',  ( 0.000000000000000000, 0.000000000000000000, -1.000000000000000000 ) ) ;
#1879 = CARTESIAN_POINT ( 'NONE',  ( -19.97917534397826600, -0.000000000000000000, 4.744877096931130467 ) ) ;
#1880 = VECTOR ( 'NONE', #1791, 999.9999999999998863 ) ;
#1881 = LINE ( 'NONE', #1739, #873 ) ;
#1882 = CARTESIAN_POINT ( 'NONE',  ( -15.78861499370206722, 7.499999999999995559, 36.63383901908698448 ) ) ;
#1883 =( NAMED_UNIT ( * ) PLANE_ANGLE_UNIT ( ) SI_UNIT ( $, .RADIAN. ) );
#1884 = CARTESIAN_POINT ( 'NONE',  ( -19.45367378920634494, -0.000000000000000000, -12.57680421933773118 ) ) ;
#1885 = EDGE_CURVE ( 'NONE', #1302, #250, #2024, .T. ) ;
#1886 = PLANE ( 'NONE',  #1537 ) ;
#1887 = CARTESIAN_POINT ( 'NONE',  ( -14.14068299497033010, 0.000000000000000000, 19.12706608730605495 ) ) ;
#1888 = CARTESIAN_POINT ( 'NONE',  ( -19.99999999999996447, 0.000000000000000000, -2.985335575510805306 ) ) ;
#1889 = VERTEX_POINT ( 'NONE', #1676 ) ;
#1890 = CARTESIAN_POINT ( 'NONE',  ( -25.07923610649492474, 2.500000000000001332, 33.63733871103980277 ) ) ;
#1891 = CARTESIAN_POINT ( 'NONE',  ( -9.679614546547107068, 2.499999999999999556, -22.27509586384636364 ) ) ;
#1892 = LINE ( 'NONE', #28, #735 ) ;
#1893 = CARTESIAN_POINT ( 'NONE',  ( -2.576382429930502926, 30.00000000000000000, 5.379404254019334530 ) ) ;
#1894 = EDGE_CURVE ( 'NONE', #1125, #1613, #1646, .T. ) ;
#1895 = AXIS2_PLACEMENT_3D ( 'NONE', #1656, #111, #804 ) ;
#1896 = CARTESIAN_POINT ( 'NONE',  ( 1.665224736056782236E-10, 0.000000000000000000, 20.00000003738384535 ) ) ;
#1897 = DIRECTION ( 'NONE',  ( -1.000000000000000000, 0.000000000000000000, -0.000000000000000000 ) ) ;
#1898 = CARTESIAN_POINT ( 'NONE',  ( -19.99999999999998934, 0.000000000000000000, 0.007616278319824883354 ) ) ;
#1899 = PRODUCT_DEFINITION ( 'æœ', '', #591, #2056 ) ;
#1900 = EDGE_LOOP ( 'NONE', ( #1151, #1746, #1860, #1262 ) ) ;
#1901 = CARTESIAN_POINT ( 'NONE',  ( -0.6672989526654888870, 2.500000000000002220, 37.50000000000000000 ) ) ;
#1902 = CARTESIAN_POINT ( 'NONE',  ( 40.00000000000000000, 0.000000000000000000, 40.00000000000000711 ) ) ;
#1903 = ORIENTED_EDGE ( 'NONE', *, *, #2087, .T. ) ;
#1904 = PLANE ( 'NONE',  #870 ) ;
#1905 = ORIENTED_EDGE ( 'NONE', *, *, #164, .T. ) ;
#1906 = CARTESIAN_POINT ( 'NONE',  ( -18.04851352803576248, 0.000000000000000000, 17.05506773928292219 ) ) ;
#1907 = CARTESIAN_POINT ( 'NONE',  ( 40.00000000000000000, 2.500000000000000444, 22.50000001869192090 ) ) ;
#1908 = CARTESIAN_POINT ( 'NONE',  ( -19.56566178467636163, 0.000000000000000000, -11.93344384000105052 ) ) ;
#1909 = CARTESIAN_POINT ( 'NONE',  ( -17.13850849324424885, 10.00000000000000000, 38.95702569657480296 ) ) ;
#1910 = DIRECTION ( 'NONE',  ( 1.000000000000000000, 0.000000000000000000, 0.000000000000000000 ) ) ;
#1911 = CARTESIAN_POINT ( 'NONE',  ( -26.41019543547676918, 10.00000000000000000, -35.87811053963739027 ) ) ;
#1912 = LINE ( 'NONE', #2048, #1157 ) ;
#1913 = ORIENTED_EDGE ( 'NONE', *, *, #684, .F. ) ;
#1914 = DIRECTION ( 'NONE',  ( 1.000000000000000000, 0.000000000000000000, 0.000000000000000000 ) ) ;
#1915 = ORIENTED_EDGE ( 'NONE', *, *, #610, .F. ) ;
#1916 = CARTESIAN_POINT ( 'NONE',  ( 22.20000000000000284, 20.00000000000000000, -7.582066662661627099 ) ) ;
#1917 = CARTESIAN_POINT ( 'NONE',  ( -2.985335575507197969, 10.00000000000000000, 19.99999999999997868 ) ) ;
#1918 = CARTESIAN_POINT ( 'NONE',  ( -19.89570088713155371, 2.500000000000000000, 18.76527489182583963 ) ) ;
#1919 = CARTESIAN_POINT ( 'NONE',  ( -8.755131849152848034, 2.500000000000000000, -22.33936537177978821 ) ) ;
#1920 = EDGE_LOOP ( 'NONE', ( #1704, #66, #1164, #2046 ) ) ;
#1921 = CARTESIAN_POINT ( 'NONE',  ( 40.00000000000000000, -0.8497180080144584036, -2.334581051913100502 ) ) ;
#1922 = CARTESIAN_POINT ( 'NONE',  ( -20.07773538314575745, 7.500000000000000000, -18.50967202224457608 ) ) ;
#1923 = VERTEX_POINT ( 'NONE', #633 ) ;
#1924 = CARTESIAN_POINT ( 'NONE',  ( -40.00119527118425111, 8.673617379884035472E-15, 1.569363616401953321 ) ) ;
#1925 = DIRECTION ( 'NONE',  ( -0.000000000000000000, -1.000000000000000000, -0.000000000000000000 ) ) ;
#1926 = CARTESIAN_POINT ( 'NONE',  ( -36.34409750386817706, 7.499999999999999112, 17.38192461122315535 ) ) ;
#1927 = EDGE_CURVE ( 'NONE', #419, #875, #643, .T. ) ;
#1928 = VECTOR ( 'NONE', #1403, 1000.000000000000000 ) ;
#1929 = ORIENTED_EDGE ( 'NONE', *, *, #1063, .F. ) ;
#1930 = VECTOR ( 'NONE', #1461, 1000.000000000000000 ) ;
#1931 = CARTESIAN_POINT ( 'NONE',  ( -5.985404203553948754, 10.00000000000000000, 20.01721439810948411 ) ) ;
#1932 = CARTESIAN_POINT ( 'NONE',  ( 0.002242487776871955260, 7.500000000000000000, 22.50000001869192090 ) ) ;
#1933 = VECTOR ( 'NONE', #1185, 1000.000000000000000 ) ;
#1934 = CARTESIAN_POINT ( 'NONE',  ( -22.25224637829819940, 7.500000000000000000, 9.980628195666371383 ) ) ;
#1935 = CARTESIAN_POINT ( 'NONE',  ( -12.64208755221829605, 2.500000000000000000, -21.95267892469631477 ) ) ;
#1936 = CARTESIAN_POINT ( 'NONE',  ( -30.41888849077795953, 7.500000000000000000, -29.54243912765184277 ) ) ;
#1937 = CARTESIAN_POINT ( 'NONE',  ( 40.00000000000000000, 5.990684827478855112, 16.45927137509536564 ) ) ;
#1938 = CARTESIAN_POINT ( 'NONE',  ( -14.16106628971443726, 2.500000000000000000, -21.67476056057333977 ) ) ;
#1939 = VERTEX_POINT ( 'NONE', #819 ) ;
#1940 = CARTESIAN_POINT ( 'NONE',  ( -27.41841852041231320, 8.673617379884035472E-15, 35.18290614456401499 ) ) ;
#1941 = CARTESIAN_POINT ( 'NONE',  ( -33.77154584013344873, 0.000000000000000000, 29.63858856292137389 ) ) ;
#1942 = VERTEX_POINT ( 'NONE', #1492 ) ;
#1943 = CARTESIAN_POINT ( 'NONE',  ( -20.98989223156937811, 2.500000000000003109, 35.48758737233941218 ) ) ;
#1944 = CARTESIAN_POINT ( 'NONE',  ( -16.96401706652098795, 10.00000000000000000, 18.10222200292478334 ) ) ;
#1945 = CARTESIAN_POINT ( 'NONE',  ( -19.89570088713155371, 7.500000000000000000, 18.76527489182583963 ) ) ;
#1946 = CARTESIAN_POINT ( 'NONE',  ( -40.00119527118427953, 10.00000000000000000, 1.569363616360654134 ) ) ;
#1947 = CARTESIAN_POINT ( 'NONE',  ( -36.52156818700293428, 7.499999999999997335, -16.48306283938093131 ) ) ;
#1948 = B_SPLINE_CURVE_WITH_KNOTS ( 'NONE', 3,
 ( #488, #1669, #113, #1013, #1142, #475, #646, #1658, #466, #1817, #293, #1165, #329, #137, #656, #807, #2018, #2169, #1475, #1506, #2183, #1484, #1649, #1678, #1303, #2149, #636, #128, #821, #1324, #2158, #1832, #306, #2008 ),
 .UNSPECIFIED., .F., .F.,
 ( 4, 2, 2, 2, 2, 2, 2, 2, 2, 2, 2, 2, 2, 2, 2, 2, 4 ),
 ( 0.000000000000000000, 0.004692822524186064485, 0.007039233786279095427, 0.009385645048372127236, 0.01173205631046515818, 0.01290526194151167538, 0.01407846757255819259, 0.01525167320360471153, 0.01642487883465123047, 0.01759808446569774767, 0.01877129009674426488, 0.01994449572779078556, 0.02111770135883730623, 0.02346411262093034411, 0.02815693514511643375, 0.03284975766930251645, 0.03754258019348859915 ),
 .UNSPECIFIED. ) ;
#1949 = CARTESIAN_POINT ( 'NONE',  ( -19.04708479433552171, 7.499999999999999112, 19.67787807527182053 ) ) ;
#1950 = CARTESIAN_POINT ( 'NONE',  ( -19.64547451005444856, 7.499999999999999112, -19.08013443168901446 ) ) ;
#1951 = ORIENTED_EDGE ( 'NONE', *, *, #47, .F. ) ;
#1952 = CARTESIAN_POINT ( 'NONE',  ( -37.49999999999999289, 2.500000000000000888, 0.0009520347816886039682 ) ) ;
#1953 = CARTESIAN_POINT ( 'NONE',  ( -13.11331455478106456, 2.500000000000003109, -37.06274122738894050 ) ) ;
#1954 = CARTESIAN_POINT ( 'NONE',  ( -36.98901057462348518, 2.499999999999998668, 13.41662432889077472 ) ) ;
#1955 = ORIENTED_EDGE ( 'NONE', *, *, #606, .T. ) ;
#1956 = CARTESIAN_POINT ( 'NONE',  ( -37.49999999999999289, 7.500000000000000000, 0.0009520347816921042065 ) ) ;
#1957 = CARTESIAN_POINT ( 'NONE',  ( -5.982878627444383035, 10.00000000000000000, 20.01738589272060764 ) ) ;
#1958 = CARTESIAN_POINT ( 'NONE',  ( -20.17192886152307807, 2.500000000000000444, 18.36588366551674412 ) ) ;
#1959 = CARTESIAN_POINT ( 'NONE',  ( -13.47334188120052900, 10.00000000000000000, -39.55357087834298113 ) ) ;
#1960 = EDGE_CURVE ( 'NONE', #356, #1515, #29, .T. ) ;
#1961 = CARTESIAN_POINT ( 'NONE',  ( -33.40929658995217721, 7.499999999999999112, -25.44234351316246290 ) ) ;
#1962 = CARTESIAN_POINT ( 'NONE',  ( -20.11529472474891378, 8.673617379884035472E-15, -38.27246341362247506 ) ) ;
#1963 = CARTESIAN_POINT ( 'NONE',  ( -20.28987898585538474, 7.500000000000000000, -18.15465494176356387 ) ) ;
#1964 = VERTEX_POINT ( 'NONE', #573 ) ;
#1965 = FACE_OUTER_BOUND ( 'NONE', #147, .T. ) ;
#1966 = CARTESIAN_POINT ( 'NONE',  ( -15.69243232305365510, 2.500000000000000444, -36.72990648478958065 ) ) ;
#1967 = ORIENTED_EDGE ( 'NONE', *, *, #2156, .T. ) ;
#1968 = CARTESIAN_POINT ( 'NONE',  ( -2.499999999999998668, 7.500000000000000000, -31.74802153426628593 ) ) ;
#1969 = ADVANCED_FACE ( 'NONE', ( #1965 ), #1416, .F. ) ;
#1970 = CARTESIAN_POINT ( 'NONE',  ( -21.33036539742148108, 7.500000000000000000, 15.66073193400351116 ) ) ;
#1971 = DIRECTION ( 'NONE',  ( 0.000000000000000000, 0.000000000000000000, 1.000000000000000000 ) ) ;
#1972 = ADVANCED_FACE ( 'NONE', ( #1589, #2117 ), #248, .T. ) ;
#1973 = CARTESIAN_POINT ( 'NONE',  ( -2.576382429930502926, 20.00000000000000000, 9.019106577989395745 ) ) ;
#1974 = CARTESIAN_POINT ( 'NONE',  ( -20.67830243245680677, 7.499999999999999112, -17.39129088000971990 ) ) ;
#1975 = ADVANCED_FACE ( 'NONE', ( #1601 ), #2178, .F. ) ;
#1976 = VECTOR ( 'NONE', #671, 1000.000000000000000 ) ;
#1977 = ORIENTED_EDGE ( 'NONE', *, *, #1731, .T. ) ;
#1978 = CARTESIAN_POINT ( 'NONE',  ( -19.68832846410170490, 10.00000000000000000, 38.37022890233612316 ) ) ;
#1979 = CARTESIAN_POINT ( 'NONE',  ( -15.69243232305365510, 7.500000000000000000, -36.72990648478958065 ) ) ;
#1980 = CARTESIAN_POINT ( 'NONE',  ( -31.78238100268373501, 7.499999999999995559, 27.97571104038048873 ) ) ;
#1981 = VERTEX_POINT ( 'NONE', #1153 ) ;
#1982 = CARTESIAN_POINT ( 'NONE',  ( -26.35660098502868465, 7.499999999999998224, 32.86839681584864792 ) ) ;
#1983 = CARTESIAN_POINT ( 'NONE',  ( -13.07814439474812751, 2.499999999999999112, 21.88707900975181886 ) ) ;
#1984 = PRODUCT_CONTEXT ( 'NONE', #313, 'mechanical' ) ;
#1985 = CARTESIAN_POINT ( 'NONE',  ( -17.90373848881060326, 10.00000000000000000, -17.29552694798186607 ) ) ;
#1986 = DIRECTION ( 'NONE',  ( -0.000000000000000000, -1.000000000000000000, -0.000000000000000000 ) ) ;
#1987 = ORIENTED_EDGE ( 'NONE', *, *, #2202, .T. ) ;
#1988 = CARTESIAN_POINT ( 'NONE',  ( -14.12141571046981880, 8.673617379884035472E-15, 39.46032066326856125 ) ) ;
#1989 = CARTESIAN_POINT ( 'NONE',  ( -37.49965463809093080, 2.500000000000000444, -1.253775139879635292 ) ) ;
#1990 = B_SPLINE_SURFACE_WITH_KNOTS ( 'NONE', 3, 1, ( 
 ( #1228, #225 ),
 ( #551, #881 ),
 ( #1089, #542 ),
 ( #1559, #2081 ),
 ( #1374, #564 ),
 ( #737, #33 ),
 ( #1712, #725 ),
 ( #22, #702 ),
 ( #1568, #371 ),
 ( #1906, #1064 ),
 ( #911, #577 ),
 ( #1420, #2095 ),
 ( #1722, #1395 ),
 ( #1406, #1218 ),
 ( #1735, #2051 ),
 ( #196, #1760 ),
 ( #1887, #213 ),
 ( #1581, #898 ),
 ( #924, #239 ),
 ( #2071, #1931 ),
 ( #396, #44 ),
 ( #1896, #1239 ) ),
 .UNSPECIFIED., .F., .F., .F.,
 ( 4, 2, 2, 2, 2, 2, 2, 2, 2, 2, 4 ),
 ( 2, 2 ),
 ( 0.000000000000000000, 0.2500000000000003331, 0.3750000000000004996, 0.4375000000000005551, 0.4687500000000005551, 0.5000000000000005551, 0.5312500000000005551, 0.5625000000000006661, 0.6250000000000004441, 0.7500000000000003331, 0.9997879387800066020 ),
 ( 0.000000000000000000, 1.000000000000000000 ),
 .UNSPECIFIED. ) ;
#1991 = CARTESIAN_POINT ( 'NONE',  ( -34.13128570873254120, 7.500000000000000888, 24.04803093928061841 ) ) ;
#1992 = PLANE ( 'NONE',  #926 ) ;
#1993 = CARTESIAN_POINT ( 'NONE',  ( -12.27261547590223500, 7.500000000000000000, 22.00669800594113212 ) ) ;
#1994 =( NAMED_UNIT ( * ) PLANE_ANGLE_UNIT ( ) SI_UNIT ( $, .RADIAN. ) );
#1995 = CARTESIAN_POINT ( 'NONE',  ( 40.00000000000000000, 0.000000000000000000, 40.00000000000000711 ) ) ;
#1996 = CARTESIAN_POINT ( 'NONE',  ( -5.043875163688168684, 2.500000000000002665, -37.48660214877839536 ) ) ;
#1997 = ORIENTED_EDGE ( 'NONE', *, *, #477, .F. ) ;
#1998 = CARTESIAN_POINT ( 'NONE',  ( -14.12141571046981880, 10.00000000000000000, 39.46032066326856125 ) ) ;
#1999 = CARTESIAN_POINT ( 'NONE',  ( -35.70985564723719108, 7.500000000000006217, -19.85230112876256925 ) ) ;
#2000 = CARTESIAN_POINT ( 'NONE',  ( -20.02482113556692056, 2.500000000000000444, 18.58401288515703698 ) ) ;
#2001 = DIRECTION ( 'NONE',  ( -0.000000000000000000, 1.869192300940625273E-09, 1.000000000000000000 ) ) ;
#2002 = CARTESIAN_POINT ( 'NONE',  ( -15.54947652767651078, 7.499999999999999112, 21.33775625863556868 ) ) ;
#2003 = CARTESIAN_POINT ( 'NONE',  ( -37.05703696311655904, 10.00000000000000000, -23.66620764920693176 ) ) ;
#2004 = CARTESIAN_POINT ( 'NONE',  ( -0.007616278192640069458, 10.00000000000000000, -19.99999999999989342 ) ) ;
#2005 = CARTESIAN_POINT ( 'NONE',  ( -22.51701816117188315, 7.499999999999999112, -5.609357563922020340 ) ) ;
#2006 = EDGE_LOOP ( 'NONE', ( #1677, #974, #212, #1399 ) ) ;
#2007 = VECTOR ( 'NONE', #1300, 1000.000000000000000 ) ;
#2008 = CARTESIAN_POINT ( 'NONE',  ( -22.50000000058769700, 7.500000000000000000, 0.006664490825390041381 ) ) ;
#2009 = CARTESIAN_POINT ( 'NONE',  ( -37.49793674479550987, 7.499999999999999112, -2.254031238054019948 ) ) ;
#2010 = CARTESIAN_POINT ( 'NONE',  ( -19.04708479413867295, 2.499999999999999556, 19.67787807543667000 ) ) ;
#2011 = CARTESIAN_POINT ( 'NONE',  ( -15.97675951791032212, 2.500000000000000000, 21.21251724233148650 ) ) ;
#2012 = CARTESIAN_POINT ( 'NONE',  ( 40.00000000000000000, 0.000000000000000000, 40.00000000000000711 ) ) ;
#2013 = CARTESIAN_POINT ( 'NONE',  ( -14.97110637927116983, 0.000000000000000000, -18.92203153219670142 ) ) ;
#2014 = CARTESIAN_POINT ( 'NONE',  ( 0.000000000000000000, 10.00000000000000000, 37.50000000000000711 ) ) ;
#2015 = ORIENTED_EDGE ( 'NONE', *, *, #364, .T. ) ;
#2016 = EDGE_CURVE ( 'NONE', #1377, #1728, #2193, .T. ) ;
#2017 = ORIENTED_EDGE ( 'NONE', *, *, #802, .T. ) ;
#2018 = CARTESIAN_POINT ( 'NONE',  ( -18.22895230449508830, 7.499999999999999112, -20.25875388881885897 ) ) ;
#2019 = CARTESIAN_POINT ( 'NONE',  ( -35.12867583259919257, 2.499999999999995115, -21.64287950966426166 ) ) ;
#2020 = CARTESIAN_POINT ( 'NONE',  ( -20.54727776159485231, 2.500000000000000444, 17.68374573296891938 ) ) ;
#2021 = CARTESIAN_POINT ( 'NONE',  ( 0.007616278319834358414, 7.500000000000000000, 22.50000000000000000 ) ) ;
#2022 = DIRECTION ( 'NONE',  ( 1.000000000000000000, 0.000000000000000000, 0.000000000000000000 ) ) ;
#2023 = DIRECTION ( 'NONE',  ( 0.000000000000000000, 0.9396926213504268599, -0.3420201417746668859 ) ) ;
#2024 = LINE ( 'NONE', #325, #1257 ) ;
#2025 = ORIENTED_EDGE ( 'NONE', *, *, #89, .T. ) ;
#2026 = LINE ( 'NONE', #510, #1364 ) ;
#2027 = CARTESIAN_POINT ( 'NONE',  ( -30.06290060360894500, 7.500000000000001776, -29.94905522430621758 ) ) ;
#2028 = DIRECTION ( 'NONE',  ( 0.000000000000000000, 0.000000000000000000, 1.000000000000000000 ) ) ;
#2029 = DIRECTION ( 'NONE',  ( 0.000000000000000000, -1.000000000000000000, 0.000000000000000000 ) ) ;
#2030 = DIRECTION ( 'NONE',  ( -0.000000000000000000, 0.000000000000000000, 1.000000000000000000 ) ) ;
#2031 = CARTESIAN_POINT ( 'NONE',  ( -8.964739929436985832, -0.000000000000000000, 19.81490760454786582 ) ) ;
#2032 = DIRECTION ( 'NONE',  ( -1.000000000000000000, -0.000000000000000000, -0.000000000000000000 ) ) ;
#2033 = CARTESIAN_POINT ( 'NONE',  ( -30.41888849077795953, 2.500000000000000444, -29.54243912765184277 ) ) ;
#2034 = VECTOR ( 'NONE', #1372, 1000.000000000000000 ) ;
#2035 = EDGE_CURVE ( 'NONE', #1131, #664, #675, .T. ) ;
#2036 = ORIENTED_EDGE ( 'NONE', *, *, #151, .F. ) ;
#2037 = VECTOR ( 'NONE', #2166, 1000.000000000000114 ) ;
#2038 = CARTESIAN_POINT ( 'NONE',  ( -5.619104071191546090, 2.500000000000001332, 37.46463877810526810 ) ) ;
#2039 = FACE_OUTER_BOUND ( 'NONE', #1900, .T. ) ;
#2040 = CARTESIAN_POINT ( 'NONE',  ( -17.62653164369002212, 2.500000000000000888, 20.57502099149083463 ) ) ;
#2041 = CARTESIAN_POINT ( 'NONE',  ( -39.46032066326849730, 0.000000000000000000, -14.12141571046995736 ) ) ;
#2042 = AXIS2_PLACEMENT_3D ( 'NONE', #694, #942, #790 ) ;
#2043 = CARTESIAN_POINT ( 'NONE',  ( -38.37022890233604500, 8.673617379884035472E-15, -19.68832846410183990 ) ) ;
#2044 = CARTESIAN_POINT ( 'NONE',  ( -20.00229179247077482, 10.00000000000000000, 3.016687162991559035 ) ) ;
#2045 = CARTESIAN_POINT ( 'NONE',  ( -20.01738589272179425, 10.00000000000000000, -5.982878627418636519 ) ) ;
#2046 = ORIENTED_EDGE ( 'NONE', *, *, #634, .T. ) ;
#2047 = CARTESIAN_POINT ( 'NONE',  ( -22.08817264324455110, 7.500000000000000000, 11.66045136133390159 ) ) ;
#2048 = CARTESIAN_POINT ( 'NONE',  ( -31.74799147387506792, 2.500000000000000000, -0.8933342641630342973 ) ) ;
#2049 = DIRECTION ( 'NONE',  ( 0.000000000000000000, 1.000000000000000000, 0.000000000000000000 ) ) ;
#2050 = B_SPLINE_SURFACE_WITH_KNOTS ( 'NONE', 3, 1, ( 
 ( #290, #2004 ),
 ( #507, #324 ),
 ( #839, #1162 ),
 ( #1513, #1020 ),
 ( #169, #134 ),
 ( #642, #1311 ),
 ( #2013, #857 ),
 ( #1826, #1838 ),
 ( #1523, #997 ),
 ( #2201, #1666 ),
 ( #303, #145 ),
 ( #1655, #1985 ),
 ( #826, #978 ),
 ( #462, #553 ),
 ( #1220, #205 ),
 ( #1066, #693 ),
 ( #355, #35 ),
 ( #1908, #215 ),
 ( #1693, #1366 ),
 ( #1031, #2045 ),
 ( #1888, #890 ),
 ( #384, #874 ) ),
 .UNSPECIFIED., .F., .F., .F.,
 ( 4, 2, 2, 2, 2, 2, 2, 2, 2, 2, 4 ),
 ( 2, 2 ),
 ( 0.000000000000000000, 0.2500000000000001110, 0.3750000000000001110, 0.4375000000000002220, 0.4687500000000001665, 0.5000000000000001110, 0.5312500000000000000, 0.5624999999999998890, 0.6249999999999997780, 0.7499999999999998890, 1.000000000000000000 ),
 ( 0.000000000000000000, 1.000000000000000000 ),
 .UNSPECIFIED. ) ;
#2051 = CARTESIAN_POINT ( 'NONE',  ( -15.94170275016808525, 10.00000000000000000, 18.57830146202416444 ) ) ;
#2052 = CARTESIAN_POINT ( 'NONE',  ( 24.30000000000000426, 20.00000000000000000, 6.919106577989396989 ) ) ;
#2053 = CARTESIAN_POINT ( 'NONE',  ( -19.65429548765840551, -0.000000000000000000, 11.33236864720269566 ) ) ;
#2054 = ORIENTED_EDGE ( 'NONE', *, *, #151, .T. ) ;
#2055 = CARTESIAN_POINT ( 'NONE',  ( -4.903393508025782666, 7.500000000000000000, 37.47640687977175844 ) ) ;
#2056 = PRODUCT_DEFINITION_CONTEXT ( 'detailed design', #2063, 'design' ) ;
#2057 = FACE_OUTER_BOUND ( 'NONE', #1591, .T. ) ;
#2058 = DIRECTION ( 'NONE',  ( 0.000000000000000000, 0.000000000000000000, -1.000000000000000000 ) ) ;
#2059 = CARTESIAN_POINT ( 'NONE',  ( -34.13128570873247725, 2.499999999999998224, 24.04803093928081381 ) ) ;
#2060 = CARTESIAN_POINT ( 'NONE',  ( -18.92203153215974609, 10.00000000000000000, 14.97110637940016531 ) ) ;
#2061 = CARTESIAN_POINT ( 'NONE',  ( -19.86418001972503689, -0.000000000000000000, 8.141520156492251914 ) ) ;
#2062 = LINE ( 'NONE', #387, #120 ) ;
#2063 = APPLICATION_CONTEXT ( 'automotive_design' ) ;
#2064 = CARTESIAN_POINT ( 'NONE',  ( -15.13573592266205203, 7.500000000000001776, 36.74138572969978611 ) ) ;
#2065 = CARTESIAN_POINT ( 'NONE',  ( -5.341942902699372553, 7.499999999999998224, -22.48038363134398310 ) ) ;
#2066 = CARTESIAN_POINT ( 'NONE',  ( -19.99999999999998934, 0.000000000000000000, 0.007616278319824883354 ) ) ;
#2067 = ORIENTED_EDGE ( 'NONE', *, *, #167, .T. ) ;
#2068 = DIRECTION ( 'NONE',  ( 0.000000000000000000, 0.000000000000000000, -1.000000000000000000 ) ) ;
#2069 = CARTESIAN_POINT ( 'NONE',  ( -35.31035027538418092, 2.500000000000001332, 21.18912076205544182 ) ) ;
#2070 = ORIENTED_EDGE ( 'NONE', *, *, #1960, .T. ) ;
#2071 = CARTESIAN_POINT ( 'NONE',  ( -5.985404203553948754, 0.000000000000000000, 20.01721439810948411 ) ) ;
#2072 = DIRECTION ( 'NONE',  ( -1.000000000000000000, -0.000000000000000000, -0.000000000000000000 ) ) ;
#2073 = CARTESIAN_POINT ( 'NONE',  ( -9.022471560869830043, -0.000000000000000000, 19.81095488343078870 ) ) ;
#2074 = DIRECTION ( 'NONE',  ( -1.000000000000000000, -0.000000000000000000, -0.000000000000000000 ) ) ;
#2075 = ORIENTED_EDGE ( 'NONE', *, *, #87, .T. ) ;
#2076 = CARTESIAN_POINT ( 'NONE',  ( -2.780314241113954638E-13, 2.500000000000000444, 37.50000000000000000 ) ) ;
#2077 = EDGE_LOOP ( 'NONE', ( #1141, #2054, #1955, #895 ) ) ;
#2078 = DIRECTION ( 'NONE',  ( 0.000000000000000000, 0.000000000000000000, -1.000000000000000000 ) ) ;
#2079 = CARTESIAN_POINT ( 'NONE',  ( -37.25004116953187605, 7.500000000000002665, 10.71456464939925191 ) ) ;
#2080 = EDGE_LOOP ( 'NONE', ( #954, #937, #1419, #1060 ) ) ;
#2081 = CARTESIAN_POINT ( 'NONE',  ( -19.70885026754302416, 10.00000000000000000, 10.53069364847998912 ) ) ;
#2082 = DIRECTION ( 'NONE',  ( -1.000000000000000000, -0.000000000000000000, -0.000000000000000000 ) ) ;
#2083 = CARTESIAN_POINT ( 'NONE',  ( -18.74557644945195989, 7.500000000000000000, 19.91785776939764929 ) ) ;
#2084 = CARTESIAN_POINT ( 'NONE',  ( -18.22895230449515225, 2.500000000000000000, -20.25875388881883765 ) ) ;
#2085 = VECTOR ( 'NONE', #792, 1000.000000000000114 ) ;
#2086 = ORIENTED_EDGE ( 'NONE', *, *, #159, .F. ) ;
#2087 = EDGE_CURVE ( 'NONE', #741, #381, #1948, .T. ) ;
#2088 = CARTESIAN_POINT ( 'NONE',  ( -19.64135071018291612, 7.499999999999996447, 19.08982261193290242 ) ) ;
#2089 = CARTESIAN_POINT ( 'NONE',  ( -18.45991518776385121, 2.500000000000000444, -20.10898569231568089 ) ) ;
#2090 = EDGE_LOOP ( 'NONE', ( #1905, #883, #1211, #1716, #1816, #2119, #1466 ) ) ;
#2091 = CARTESIAN_POINT ( 'NONE',  ( 24.30000000000000426, -9.193499201483760430, 17.54467126683525535 ) ) ;
#2092 = LINE ( 'NONE', #211, #1434 ) ;
#2093 = CARTESIAN_POINT ( 'NONE',  ( -33.80779567673388186, 7.499999999999993783, 24.75510784985128510 ) ) ;
#2094 = EDGE_LOOP ( 'NONE', ( #305, #1463, #586, #1112 ) ) ;
#2095 = CARTESIAN_POINT ( 'NONE',  ( -17.29552694789736123, 10.00000000000000000, 17.90373848886802932 ) ) ;
#2096 = FACE_OUTER_BOUND ( 'NONE', #430, .T. ) ;
#2097 = CARTESIAN_POINT ( 'NONE',  ( -22.25224637829819940, 2.500000000000000888, 9.980628195666371383 ) ) ;
#2098 = CARTESIAN_POINT ( 'NONE',  ( -31.52431805716381064, 10.00000000000000000, 32.08981766932158308 ) ) ;
#2099 = CARTESIAN_POINT ( 'NONE',  ( -25.98090416587666951, 7.500000000000006217, -33.12825208619263151 ) ) ;
#2100 = LINE ( 'NONE', #1921, #1880 ) ;
#2101 = CARTESIAN_POINT ( 'NONE',  ( -20.35372973841530708, 7.500000000000000000, -18.03988049697216667 ) ) ;
#2102 = VERTEX_POINT ( 'NONE', #1841 ) ;
#2103 = CARTESIAN_POINT ( 'NONE',  ( -38.97762941599553699, 8.673617379884035472E-15, 17.05361165404575274 ) ) ;
#2104 = CARTESIAN_POINT ( 'NONE',  ( 22.20000000000000284, 30.00000000000000000, 5.379404254019332754 ) ) ;
#2105 = AXIS2_PLACEMENT_3D ( 'NONE', #700, #1380, #2058 ) ;
#2106 = ORIENTED_EDGE ( 'NONE', *, *, #1864, .T. ) ;
#2107 = AXIS2_PLACEMENT_3D ( 'NONE', #1789, #1450, #231 ) ;
#2108 = CARTESIAN_POINT ( 'NONE',  ( -6.615454471510943790, 2.500000000000003997, 37.44831396470422646 ) ) ;
#2109 = CARTESIAN_POINT ( 'NONE',  ( 20.00000000000000355, 10.00000000000000000, 19.99999999999999645 ) ) ;
#2110 = CARTESIAN_POINT ( 'NONE',  ( -22.51900567773540374, 2.500000000000000000, 6.075111890435507256 ) ) ;
#2111 = CARTESIAN_POINT ( 'NONE',  ( -11.09466788498202305, 2.500000000000000000, -22.15067684938290782 ) ) ;
#2112 = CARTESIAN_POINT ( 'NONE',  ( -18.91850071109582743, 7.499999999999999112, -35.98266712575282611 ) ) ;
#2113 = CARTESIAN_POINT ( 'NONE',  ( -20.02482113570095734, 7.500000000000000000, 18.58401288495833725 ) ) ;
#2114 = CARTESIAN_POINT ( 'NONE',  ( -17.13657886720504919, 2.500000000000000444, -20.78812260855692529 ) ) ;
#2115 = ADVANCED_FACE ( 'NONE', ( #991 ), #317, .T. ) ;
#2116 = EDGE_LOOP ( 'NONE', ( #600, #805, #1335, #613, #1270, #548, #2148, #1197, #1967, #560 ) ) ;
#2117 = FACE_OUTER_BOUND ( 'NONE', #794, .T. ) ;
#2118 = CARTESIAN_POINT ( 'NONE',  ( -40.00000000000000000, 0.000000000000000000, -2.793185071074506684E-13 ) ) ;
#2119 = ORIENTED_EDGE ( 'NONE', *, *, #2171, .T. ) ;
#2120 = CARTESIAN_POINT ( 'NONE',  ( -12.55395235379161356, 2.499999999999994671, 37.07350605959737067 ) ) ;
#2121 = CARTESIAN_POINT ( 'NONE',  ( -16.03999868446801713, 10.00000000000000000, -18.54047131192913866 ) ) ;
#2122 = CARTESIAN_POINT ( 'NONE',  ( -19.02275919872423060, 7.500000000000000000, 19.71113237084820824 ) ) ;
#2123 = CARTESIAN_POINT ( 'NONE',  ( -17.88355117221230728, 2.500000000000000000, -20.44559870353800335 ) ) ;
#2124 = CARTESIAN_POINT ( 'NONE',  ( 35.70000000000000284, 30.00000000000000000, 3.279404254019333553 ) ) ;
#2125 = CARTESIAN_POINT ( 'NONE',  ( -13.23077208534411042, 7.499999999999999112, 21.90735103010066354 ) ) ;
#2126 = CARTESIAN_POINT ( 'NONE',  ( -19.64547451005444856, 2.499999999999999556, -19.08013443168901446 ) ) ;
#2127 = ORIENTED_EDGE ( 'NONE', *, *, #1873, .T. ) ;
#2128 = CARTESIAN_POINT ( 'NONE',  ( -33.40929658995217721, 2.499999999999999556, -25.44234351316246290 ) ) ;
#2129 = CARTESIAN_POINT ( 'NONE',  ( 0.000000000000000000, 0.000000000000000000, 40.00000000000000000 ) ) ;
#2130 = EDGE_CURVE ( 'NONE', #1131, #259, #2026, .T. ) ;
#2131 = VERTEX_POINT ( 'NONE', #1067 ) ;
#2132 = CARTESIAN_POINT ( 'NONE',  ( -12.55395235379172547, 7.500000000000000888, 37.07350605959734224 ) ) ;
#2133 = CARTESIAN_POINT ( 'NONE',  ( -8.815031395579424611, 0.000000000000000000, -39.93383091286295894 ) ) ;
#2134 = CARTESIAN_POINT ( 'NONE',  ( -18.22437120417538026, 2.500000000000000000, 20.24950555798259799 ) ) ;
#2135 = DIRECTION ( 'NONE',  ( -1.000000000000000000, -0.000000000000000000, -0.000000000000000000 ) ) ;
#2136 = DIRECTION ( 'NONE',  ( 0.000000000000000000, -0.000000000000000000, 1.000000000000000000 ) ) ;
#2137 = CARTESIAN_POINT ( 'NONE',  ( -20.52358445921990793, 7.500000000000000000, -17.71365770950119511 ) ) ;
#2138 = ORIENTED_EDGE ( 'NONE', *, *, #1566, .T. ) ;
#2139 = CARTESIAN_POINT ( 'NONE',  ( -23.66620764920680386, 8.673617379884035472E-15, 37.05703696311665141 ) ) ;
#2140 = DIRECTION ( 'NONE',  ( -0.000000000000000000, 1.000000000000000000, -0.000000000000000000 ) ) ;
#2141 = ORIENTED_EDGE ( 'NONE', *, *, #227, .F. ) ;
#2142 = CARTESIAN_POINT ( 'NONE',  ( -32.85560772742203284, 2.500000000000000000, 26.37689419983149008 ) ) ;
#2143 = CARTESIAN_POINT ( 'NONE',  ( -16.62085176444592705, 7.500000000000000000, 20.98758588216455223 ) ) ;
#2144 = AXIS2_PLACEMENT_3D ( 'NONE', #36, #2074, #1738 ) ;
#2145 = CARTESIAN_POINT ( 'NONE',  ( -14.53659315014803077, 7.500000000000002665, -36.82915044026001539 ) ) ;
#2146 = CARTESIAN_POINT ( 'NONE',  ( -21.62283632437764425, 2.500000000000000000, -14.39716627792232551 ) ) ;
#2147 = VECTOR ( 'NONE', #2032, 1000.000000000000000 ) ;
#2148 = ORIENTED_EDGE ( 'NONE', *, *, #1894, .F. ) ;
#2149 = CARTESIAN_POINT ( 'NONE',  ( -21.37658688818389408, 7.500000000000000000, -15.46546661721930249 ) ) ;
#2150 = CARTESIAN_POINT ( 'NONE',  ( -20.62191193926304678, 7.499999999999997335, -35.49672271945260604 ) ) ;
#2151 = CARTESIAN_POINT ( 'NONE',  ( -31.75340451173158129, 2.500000000000000444, 28.01902207065834105 ) ) ;
#2152 = CARTESIAN_POINT ( 'NONE',  ( -8.141520156379392859, -0.000000000000000000, -19.86418001973114400 ) ) ;
#2153 = FACE_OUTER_BOUND ( 'NONE', #820, .T. ) ;
#2154 = LINE ( 'NONE', #1171, #1976 ) ;
#2155 = CARTESIAN_POINT ( 'NONE',  ( -21.77647528756110873, 7.499999999999998224, -13.64244766369478334 ) ) ;
#2156 = EDGE_CURVE ( 'NONE', #422, #1797, #1072, .T. ) ;
#2157 = VERTEX_POINT ( 'NONE', #728 ) ;
#2158 = CARTESIAN_POINT ( 'NONE',  ( -22.45748957957364311, 7.500000000000000000, -6.222701246015485133 ) ) ;
#2159 = CARTESIAN_POINT ( 'NONE',  ( -37.21847033900877477, 2.500000000000001332, -10.95952609100915609 ) ) ;
#2160 = VECTOR ( 'NONE', #64, 1000.000000000000000 ) ;
#2161 = CARTESIAN_POINT ( 'NONE',  ( 37.50000000000000000, 2.500000000000000000, -0.8933342641630361847 ) ) ;
#2162 = DIRECTION ( 'NONE',  ( -1.000000000000000000, 0.000000000000000000, 0.000000000000000000 ) ) ;
#2163 = CARTESIAN_POINT ( 'NONE',  ( -14.71048711497312134, 7.500000000000000000, 21.54982927758603140 ) ) ;
#2164 = CARTESIAN_POINT ( 'NONE',  ( -37.77846372723085722, 10.00000000000000000, -21.69105786472523789 ) ) ;
#2165 = CARTESIAN_POINT ( 'NONE',  ( -23.12197959208561215, 10.00000000000000000, -37.33390167528362014 ) ) ;
#2166 = DIRECTION ( 'NONE',  ( 0.000000000000000000, 0.9396926213504268599, -0.3420201417746669970 ) ) ;
#2167 = CARTESIAN_POINT ( 'NONE',  ( -22.25594239997332124, 7.500000000000000000, -9.929603452674561126 ) ) ;
#2168 = EDGE_LOOP ( 'NONE', ( #1657, #1780, #1573, #2181 ) ) ;
#2169 = CARTESIAN_POINT ( 'NONE',  ( -18.88621900289827948, 7.500000000000000000, -19.81831350103788125 ) ) ;
#2170 = CARTESIAN_POINT ( 'NONE',  ( -36.03901638336201785, 2.500000000000000444, -18.63119661795591497 ) ) ;
#2171 = EDGE_CURVE ( 'NONE', #635, #500, #2182, .T. ) ;
#2172 = CARTESIAN_POINT ( 'NONE',  ( -20.87962504036240219, 2.500000000000000000, 16.92683305050386267 ) ) ;
#2173 = CARTESIAN_POINT ( 'NONE',  ( -16.51470773523706725, 7.500000000000000000, 21.02574903488150326 ) ) ;
#2174 = CARTESIAN_POINT ( 'NONE',  ( 0.000000000000000000, 0.000000000000000000, 0.000000000000000000 ) ) ;
#2175 = CARTESIAN_POINT ( 'NONE',  ( -38.37022890233604500, 10.00000000000000000, -19.68832846410183990 ) ) ;
#2176 = EDGE_CURVE ( 'NONE', #1923, #923, #1727, .T. ) ;
#2177 = DIRECTION ( 'NONE',  ( -0.000000000000000000, 1.869192300940625273E-09, 1.000000000000000000 ) ) ;
#2178 = B_SPLINE_SURFACE_WITH_KNOTS ( 'NONE', 4, 1, ( 
 ( #443, #1123 ),
 ( #79, #1924 ),
 ( #54, #769 ),
 ( #906, #1795 ),
 ( #431, #105 ),
 ( #1084, #2103 ),
 ( #614, #1464 ),
 ( #456, #1110 ),
 ( #1781, #1098 ),
 ( #272, #1428 ),
 ( #260, #235 ),
 ( #920, #67 ),
 ( #758, #1940 ),
 ( #949, #963 ),
 ( #1626, #2139 ),
 ( #623, #1292 ),
 ( #1978, #1132 ),
 ( #842, #1001 ),
 ( #1998, #1988 ),
 ( #1188, #972 ),
 ( #832, #162 ),
 ( #1636, #982 ),
 ( #851, #148 ),
 ( #1338, #1516 ) ),
 .UNSPECIFIED., .F., .F., .F.,
 ( 5, 1, 1, 1, 1, 1, 1, 1, 1, 1, 1, 1, 1, 1, 1, 1, 1, 1, 1, 1, 5 ),
 ( 2, 2 ),
 ( 0.05598378939387908815, 0.1438434350946110052, 0.2295776819181162831, 0.2879854558222758043, 0.3173365680213706130, 0.3466825347547381475, 0.4053812968129854588, 0.4640790138278863552, 0.5178832292953404748, 0.5614407115022000960, 0.5907904099055740765, 0.6201398579447698900, 0.6494894125024174292, 0.6788391061139178451, 0.7081886800740279098, 0.7375382592651129610, 0.7668879200446155897, 0.8239022218958610422, 0.8826014781629870631, 0.9413007387147187544, 1.000000000000000000 ),
 ( 0.000000000000000000, 1.000000000000000000 ),
 .UNSPECIFIED. ) ;
#2179 = CARTESIAN_POINT ( 'NONE',  ( -22.49999999999998934, 2.500000000000000000, 0.007616278319808297663 ) ) ;
#2180 = EDGE_LOOP ( 'NONE', ( #198, #1526, #520, #1580 ) ) ;
#2181 = ORIENTED_EDGE ( 'NONE', *, *, #1762, .F. ) ;
#2182 = CIRCLE ( 'NONE', #2144, 5.000000000000000888 ) ;
#2183 = CARTESIAN_POINT ( 'NONE',  ( -19.96606257845124688, 7.500000000000000000, -18.68514736944781518 ) ) ;
#2184 = CARTESIAN_POINT ( 'NONE',  ( -37.50003237839618464, 7.500000000000000000, -0.2732294224825501106 ) ) ;
#2185 = EDGE_CURVE ( 'NONE', #1125, #422, #1363, .T. ) ;
#2186 = PLANE ( 'NONE',  #1078 ) ;
#2187 = CARTESIAN_POINT ( 'NONE',  ( -11.08103084631173552, 7.499999999999999112, 22.14545068695447583 ) ) ;
#2188 = ADVANCED_FACE ( 'NONE', ( #1148, #2153 ), #267, .T. ) ;
#2189 = CARTESIAN_POINT ( 'NONE',  ( -36.19470888117292162, 10.00000000000000000, -25.57830364538268952 ) ) ;
#2190 = CARTESIAN_POINT ( 'NONE',  ( -2.499999999999936939, 2.500000000000002220, -37.49711340226204470 ) ) ;
#2191 = LINE ( 'NONE', #2014, #986 ) ;
#2192 = ORIENTED_EDGE ( 'NONE', *, *, #1762, .T. ) ;
#2193 = LINE ( 'NONE', #1315, #123 ) ;
#2194 = CARTESIAN_POINT ( 'NONE',  ( -37.49999999999999289, 7.500000000000000000, 0.04756935839716774223 ) ) ;
#2195 = CARTESIAN_POINT ( 'NONE',  ( -19.79792385001434241, -0.000000000000000000, -9.207928419192008107 ) ) ;
#2196 = CARTESIAN_POINT ( 'NONE',  ( -8.293720225543408375, 2.499999999999999112, 22.38287490473462071 ) ) ;
#2197 = CARTESIAN_POINT ( 'NONE',  ( -39.80884687632102725, 0.000000000000000000, -10.37431113932559512 ) ) ;
#2198 = DIRECTION ( 'NONE',  ( 1.000000000000000000, 0.000000000000000000, 0.000000000000000000 ) ) ;
#2199 = EDGE_CURVE ( 'NONE', #2131, #1617, #1192, .T. ) ;
#2200 = CARTESIAN_POINT ( 'NONE',  ( 0.000000000000000000, -1.000000000000000444, 100.0000000000000000 ) ) ;
#2201 = CARTESIAN_POINT ( 'NONE',  ( -17.05506773917630881, 0.000000000000000000, -18.04851352810016252 ) ) ;
#2202 = EDGE_CURVE ( 'NONE', #1402, #1275, #951, .T. ) ;
#2203 = CARTESIAN_POINT ( 'NONE',  ( -20.14305191323930444, 2.500000000000000000, -35.64502963141462288 ) ) ;
#2204 = ORIENTED_EDGE ( 'NONE', *, *, #392, .T. ) ;
#2205 = CARTESIAN_POINT ( 'NONE',  ( -7.018098666306967992, 2.500000000000003109, 37.42953039054339115 ) ) ;
#2206 = CARTESIAN_POINT ( 'NONE',  ( -34.19989826941268518, 2.499999999999998668, -23.95324426786805816 ) ) ;
#2207 = CARTESIAN_POINT ( 'NONE',  ( -19.81460484826570934, -0.000000000000000000, -8.969186110131934342 ) ) ;
ENDSEC;
END-ISO-10303-21;
