ISO-10303-21;
HEADER;
FILE_DESCRIPTION (( 'STEP AP214' ),
    '1' );
FILE_NAME ('±Û.STEP',
    '2024-11-02T11:03:59',
    ( '' ),
    ( '' ),
    'SwSTEP 2.0',
    'SolidWorks 2024',
    '' );
FILE_SCHEMA (( 'AUTOMOTIVE_DESIGN' ));
ENDSEC;

DATA;
#1 = APPLICATION_PROTOCOL_DEFINITION ( 'draft international standard', 'automotive_design', 1998, #3366 ) ;
#2 = CARTESIAN_POINT ( 'NONE',  ( 20.00000000000000000, -7.885378254366919748, -3.110230222913257681 ) ) ;
#3 = ORIENTED_EDGE ( 'NONE', *, *, #3343, .F. ) ;
#4 = CARTESIAN_POINT ( 'NONE',  ( 11.00000000000000355, 7.574189924463265555, -4.696414481258343265 ) ) ;
#5 = DIRECTION ( 'NONE',  ( 1.000000000000000000, -0.000000000000000000, -0.000000000000000000 ) ) ;
#6 = DIRECTION ( 'NONE',  ( -0.000000000000000000, 0.000000000000000000, 1.000000000000000000 ) ) ;
#7 = CARTESIAN_POINT ( 'NONE',  ( 2.000000000000001776, -4.957857196099113573, -7.502246721811954622 ) ) ;
#8 = CARTESIAN_POINT ( 'NONE',  ( 0.000000000000000000, -7.656261220913871846, -4.388453230966482543 ) ) ;
#9 = CARTESIAN_POINT ( 'NONE',  ( 6.500000000000001776, 7.983313762654070445, 1.702190156616706807 ) ) ;
#10 = EDGE_LOOP ( 'NONE', ( #3005, #1171, #1298, #655 ) ) ;
#11 = ORIENTED_EDGE ( 'NONE', *, *, #412, .F. ) ;
#12 = CARTESIAN_POINT ( 'NONE',  ( 20.00000000000000000, 7.991542015890466644, 1.370157565731196847 ) ) ;
#13 = CARTESIAN_POINT ( 'NONE',  ( -3.469446951953614189E-15, -7.960567960112083341, -2.177562438471835726 ) ) ;
#14 = CARTESIAN_POINT ( 'NONE',  ( 5.000000000000001776, 7.504433758415631317, -4.899417217456330853 ) ) ;
#15 = DIRECTION ( 'NONE',  ( 1.000000000000000000, -0.000000000000000000, -0.000000000000000000 ) ) ;
#16 = VERTEX_POINT ( 'NONE', #1949 ) ;
#17 = CARTESIAN_POINT ( 'NONE',  ( 13.00000000000000178, 8.000001245960866925, 0.3341008311379889961 ) ) ;
#18 = EDGE_CURVE ( 'NONE', #3886, #611, #3806, .T. ) ;
#19 = CARTESIAN_POINT ( 'NONE',  ( 0.000000000000000000, 3.271255876954616060, 7.885017484777672614 ) ) ;
#20 = CARTESIAN_POINT ( 'NONE',  ( 20.00000000000000000, -7.996953489107078816, -1.489452350168558167E-13 ) ) ;
#21 = VECTOR ( 'NONE', #4077, 1000.000000000000000 ) ;
#22 = ORIENTED_EDGE ( 'NONE', *, *, #3041, .F. ) ;
#23 = CARTESIAN_POINT ( 'NONE',  ( 10.99999999999999822, 1.990622524527502657, -7.971918717970298829 ) ) ;
#24 = EDGE_CURVE ( 'NONE', #1644, #354, #2901, .T. ) ;
#25 = CARTESIAN_POINT ( 'NONE',  ( 4.999999999999999112, -0.6799406239589863565, 8.500517426721835079 ) ) ;
#26 = ADVANCED_FACE ( 'NONE', ( #369 ), #2319, .F. ) ;
#27 = LINE ( 'NONE', #614, #1193 ) ;
#28 = CARTESIAN_POINT ( 'NONE',  ( 2.000000000000001776, -7.361714456440171084, -5.257907453389651486 ) ) ;
#29 = DIRECTION ( 'NONE',  ( 1.000000000000000000, 0.000000000000000000, 0.000000000000000000 ) ) ;
#30 = CARTESIAN_POINT ( 'NONE',  ( 11.00000000000000000, 7.504433758415617994, 4.899417217456576878 ) ) ;
#31 = ORIENTED_EDGE ( 'NONE', *, *, #1453, .T. ) ;
#32 = ORIENTED_EDGE ( 'NONE', *, *, #2445, .F. ) ;
#33 = CARTESIAN_POINT ( 'NONE',  ( 6.500000000000000888, 1.026574285919058110E-13, 8.499999564942370966 ) ) ;
#34 = CARTESIAN_POINT ( 'NONE',  ( 20.00000000000000000, 8.000000000000005329, 0.1658497824139799626 ) ) ;
#35 = DIRECTION ( 'NONE',  ( 0.000000000000000000, -0.000000000000000000, 1.000000000000000000 ) ) ;
#36 = CARTESIAN_POINT ( 'NONE',  ( 2.000000000000001776, -8.500000000000033751, -0.9499999999998013367 ) ) ;
#37 = CARTESIAN_POINT ( 'NONE',  ( 2.000000000000002220, -54.99999999999965894, -7.750075612333780839 ) ) ;
#38 = ORIENTED_EDGE ( 'NONE', *, *, #460, .T. ) ;
#39 = EDGE_LOOP ( 'NONE', ( #249, #811, #2525, #2009 ) ) ;
#40 = DIRECTION ( 'NONE',  ( 1.000000000000000000, 0.000000000000000000, 0.000000000000000000 ) ) ;
#41 = CARTESIAN_POINT ( 'NONE',  ( 11.00000000000000000, -6.519747295085047689, -6.522789215968461285 ) ) ;
#42 = CARTESIAN_POINT ( 'NONE',  ( 13.00000000000000178, -7.996953489107078816, -1.489452350168558167E-13 ) ) ;
#43 = ORIENTED_EDGE ( 'NONE', *, *, #2012, .F. ) ;
#44 = B_SPLINE_CURVE_WITH_KNOTS ( 'NONE', 3,
 ( #1043, #1729, #2988, #3961, #1399, #1686, #2019, #3317, #3875, #1420, #3008, #2370, #149, #2967, #3917, #3563, #173, #2679, #88, #2304, #3276, #1440, #3937, #3627, #729, #130, #1127, #3235, #2657, #2701, #3254, #1103 ),
 .UNSPECIFIED., .F., .F.,
 ( 4, 2, 2, 2, 2, 2, 2, 2, 2, 2, 2, 2, 2, 2, 2, 4 ),
 ( 0.2613966955136633463, 0.3750000000000001110, 0.5000000000000001110, 0.6250000000000001110, 0.6562500000000001110, 0.6875000000000002220, 0.7187500000000001110, 0.7500000000000002220, 0.7812500000000002220, 0.8125000000000002220, 0.8437500000000002220, 0.8750000000000002220, 0.9062500000000002220, 0.9375000000000002220, 0.9687500000000002220, 1.000000000000000000 ),
 .UNSPECIFIED. ) ;
#45 = CARTESIAN_POINT ( 'NONE',  ( 10.99999999999999645, -2.253677708791899548, 7.959277874275501929 ) ) ;
#46 = ADVANCED_FACE ( 'NONE', ( #1598 ), #2282, .F. ) ;
#47 = CARTESIAN_POINT ( 'NONE',  ( 11.00000000000000178, 3.809975306533155859, -7.784887737752658410 ) ) ;
#48 = VECTOR ( 'NONE', #3612, 1000.000000000000000 ) ;
#49 = CARTESIAN_POINT ( 'NONE',  ( 6.500000000000000888, 0.000000000000000000, 0.000000000000000000 ) ) ;
#50 = ORIENTED_EDGE ( 'NONE', *, *, #3778, .T. ) ;
#51 = CARTESIAN_POINT ( 'NONE',  ( 6.500000000000000888, 7.624384212064461153, -4.518215179557856231 ) ) ;
#52 = CARTESIAN_POINT ( 'NONE',  ( 6.500000000000000888, -5.096078780529301078, 7.992518567707596944 ) ) ;
#53 = CARTESIAN_POINT ( 'NONE',  ( 0.000000000000000000, -1.313793428908785810, -7.993584671337241154 ) ) ;
#54 = CARTESIAN_POINT ( 'NONE',  ( 11.00000000000000000, 7.724210963675129271, 4.116547995452084052 ) ) ;
#55 = AXIS2_PLACEMENT_3D ( 'NONE', #615, #322, #2834 ) ;
#56 = CARTESIAN_POINT ( 'NONE',  ( 6.500000000000000888, 5.643552600981589507, 7.832188056507720653 ) ) ;
#57 = CARTESIAN_POINT ( 'NONE',  ( 20.00000000000000000, 7.919495878587492932, 2.802433418976869373 ) ) ;
#58 = CARTESIAN_POINT ( 'NONE',  ( 5.000000000000000000, 2.073275153093621537, -8.498808627325052711 ) ) ;
#59 = CARTESIAN_POINT ( 'NONE',  ( 5.000000000000001776, 1.671588706517518563, -7.986163835448020443 ) ) ;
#60 = CARTESIAN_POINT ( 'NONE',  ( 6.500000000000000888, -3.986703887527480727, -7.750075612333798603 ) ) ;
#61 = ORIENTED_EDGE ( 'NONE', *, *, #2664, .T. ) ;
#62 = CARTESIAN_POINT ( 'NONE',  ( 13.00000000000000178, 8.000000000000005329, 0.1658497824139799626 ) ) ;
#63 = CARTESIAN_POINT ( 'NONE',  ( 0.000000000000000000, 7.104206476702529471, 5.820499722137419063 ) ) ;
#64 = VECTOR ( 'NONE', #3257, 1000.000000000000000 ) ;
#65 = CARTESIAN_POINT ( 'NONE',  ( 13.00000000000000178, -7.410259770593713213, -5.141652362973361257 ) ) ;
#66 = ORIENTED_EDGE ( 'NONE', *, *, #2159, .F. ) ;
#67 = CARTESIAN_POINT ( 'NONE',  ( 10.99999999999999467, -1.701313570347394499, 7.983042777119116806 ) ) ;
#68 = CARTESIAN_POINT ( 'NONE',  ( 2.000000000000001776, -7.988495504997545460, 1.370157565731179972 ) ) ;
#69 = CARTESIAN_POINT ( 'NONE',  ( 13.42074368738218837, 0.000000000000000000, 7.000000000000005329 ) ) ;
#70 = FACE_OUTER_BOUND ( 'NONE', #1796, .T. ) ;
#71 = CARTESIAN_POINT ( 'NONE',  ( 6.500000000000000888, 6.945255748662851225, -6.945581049634229842 ) ) ;
#72 = CARTESIAN_POINT ( 'NONE',  ( 6.500000000000002665, 7.724210963675156805, -4.116547995451774078 ) ) ;
#73 = CARTESIAN_POINT ( 'NONE',  ( 11.00000000000000000, 7.977894848674115025, 1.862506083702145210 ) ) ;
#74 = EDGE_CURVE ( 'NONE', #1720, #1150, #4073, .T. ) ;
#75 = CARTESIAN_POINT ( 'NONE',  ( 11.00000000000000000, 0.8183315972652314141, -5.500293231853421005 ) ) ;
#76 = CARTESIAN_POINT ( 'NONE',  ( 20.00000000000000000, 7.104206476702529471, 5.820499722137419063 ) ) ;
#77 = CARTESIAN_POINT ( 'NONE',  ( 20.00000000000000000, 10.00000000000000355, -4.793002917534356401E-14 ) ) ;
#78 = CARTESIAN_POINT ( 'NONE',  ( 20.00000000000000000, 7.659307731806804576, -4.388453230966465668 ) ) ;
#79 = CARTESIAN_POINT ( 'NONE',  ( 11.00000000000000000, 7.000000000000004441, -0.9500000000000000666 ) ) ;
#80 = VERTEX_POINT ( 'NONE', #3784 ) ;
#81 = ORIENTED_EDGE ( 'NONE', *, *, #764, .T. ) ;
#82 = EDGE_CURVE ( 'NONE', #2412, #1075, #3643, .T. ) ;
#83 = CARTESIAN_POINT ( 'NONE',  ( 0.000000000000000000, 7.977894848674115025, 1.862506083702145210 ) ) ;
#84 = CARTESIAN_POINT ( 'NONE',  ( 20.00000000000000000, 0.001523255446470592970, -8.000000580076788381 ) ) ;
#85 = ORIENTED_EDGE ( 'NONE', *, *, #2434, .T. ) ;
#86 = CARTESIAN_POINT ( 'NONE',  ( 0.000000000000000000, 4.919808755959492075, 7.521274650041060106 ) ) ;
#87 = DIRECTION ( 'NONE',  ( 1.000000000000000000, -0.000000000000000000, -0.000000000000000000 ) ) ;
#88 = CARTESIAN_POINT ( 'NONE',  ( 18.00000000000000355, -7.885378254366919748, -3.110230222913257681 ) ) ;
#89 = VERTEX_POINT ( 'NONE', #1537 ) ;
#90 = CARTESIAN_POINT ( 'NONE',  ( 13.00000000000000178, -0.6969914058154288439, 8.000532588362304409 ) ) ;
#91 = CARTESIAN_POINT ( 'NONE',  ( 6.500000000000000888, 5.059279089555468803E-13, -8.499999564942138264 ) ) ;
#92 = CARTESIAN_POINT ( 'NONE',  ( 6.500000000000002665, 3.271255876954762609, -7.885017484777410601 ) ) ;
#93 = CARTESIAN_POINT ( 'NONE',  ( -6.938893903907228378E-15, 9.994226508186198288, -1.603055307975489008 ) ) ;
#94 = AXIS2_PLACEMENT_3D ( 'NONE', #1785, #2981, #850 ) ;
#95 = CARTESIAN_POINT ( 'NONE',  ( 5.000000000000000888, 7.996971776485941596, 0.9500000000000000666 ) ) ;
#96 = CARTESIAN_POINT ( 'NONE',  ( 11.00000000000000000, 0.0005077517871151657680, 5.500000627908598894 ) ) ;
#97 = CARTESIAN_POINT ( 'NONE',  ( 5.000000000000000000, 3.961258559890878939, -8.324856479216368399 ) ) ;
#98 = CARTESIAN_POINT ( 'NONE',  ( 13.00000000000000178, 7.999048912134699485, -0.6768666228592550294 ) ) ;
#99 = CARTESIAN_POINT ( 'NONE',  ( 13.42074368738218837, 7.000000000000005329, 0.9499999999999998446 ) ) ;
#100 = ORIENTED_EDGE ( 'NONE', *, *, #901, .T. ) ;
#101 = ORIENTED_EDGE ( 'NONE', *, *, #3094, .T. ) ;
#102 = ADVANCED_FACE ( 'NONE', ( #619 ), #3274, .F. ) ;
#103 = CARTESIAN_POINT ( 'NONE',  ( 0.000000000000000000, 7.994340404933870659, 1.198537620874813303 ) ) ;
#104 = EDGE_CURVE ( 'NONE', #3427, #1597, #2215, .T. ) ;
#105 = FACE_OUTER_BOUND ( 'NONE', #1180, .T. ) ;
#106 = ORIENTED_EDGE ( 'NONE', *, *, #2198, .F. ) ;
#107 = CARTESIAN_POINT ( 'NONE',  ( 5.000000000000000888, 7.104206476702529471, 5.820499722137419063 ) ) ;
#108 = EDGE_CURVE ( 'NONE', #2010, #1013, #2527, .T. ) ;
#109 = CARTESIAN_POINT ( 'NONE',  ( 11.00000000000000000, 5.500026894713686332, 0.8166491829174142847 ) ) ;
#110 = CARTESIAN_POINT ( 'NONE',  ( 20.00000000000000000, 10.00000000000000711, 0.2474538092382215781 ) ) ;
#111 = ORIENTED_EDGE ( 'NONE', *, *, #2681, .T. ) ;
#112 = CARTESIAN_POINT ( 'NONE',  ( 11.00000000000000000, -6.519747295085047689, -7.750075612333780839 ) ) ;
#113 = CARTESIAN_POINT ( 'NONE',  ( 5.000000000000000000, 0.6799406239595987556, -8.500517426721573955 ) ) ;
#114 = CARTESIAN_POINT ( 'NONE',  ( 11.00000000000000000, 1.671588706517518563, -7.986163835448020443 ) ) ;
#115 = CARTESIAN_POINT ( 'NONE',  ( 20.00000000000000000, 7.935626209784367724, -7.946779887101810047 ) ) ;
#116 = CARTESIAN_POINT ( 'NONE',  ( 11.00000000000000000, 1.007916273998539225, 7.996543082467085561 ) ) ;
#117 = B_SPLINE_CURVE_WITH_KNOTS ( 'NONE', 4,
 ( #1185, #3728, #1231, #2740, #1166, #3749, #2182, #607, #1872, #1249, #2451, #2763, #871, #2428, #3067, #893, #3132, #565, #3459, #1831, #623, #1520, #2783, #3555, #2567, #331, #701, #388 ),
 .UNSPECIFIED., .F., .F.,
 ( 5, 1, 1, 1, 1, 1, 1, 1, 1, 1, 1, 1, 1, 1, 1, 1, 1, 1, 1, 1, 1, 1, 1, 1, 5 ),
 ( 0.05598378939387900488, 0.1146830506791669951, 0.1733823112309057501, 0.2320815674980390431, 0.2890958693492904907, 0.3184455301287962281, 0.3477951093198838883, 0.3771446832799967841, 0.4064943768914995315, 0.4358439314491492356, 0.4651933794883472140, 0.4945430778917229153, 0.5185341584752324318, 0.5381005600985855342, 0.5625545175290116440, 0.5919047755660431509, 0.6212535750031701332, 0.6506024925809477111, 0.6799529978917867590, 0.7093012546392009066, 0.7386472213725718827, 0.7679983335716702442, 0.8264061074758516368, 0.9121403542993368196, 1.000000000000000000 ),
 .UNSPECIFIED. ) ;
#118 = CARTESIAN_POINT ( 'NONE',  ( 13.00000000000000178, 3.271255876954616060, 7.885017484777672614 ) ) ;
#119 = LINE ( 'NONE', #3573, #1573 ) ;
#120 = CARTESIAN_POINT ( 'NONE',  ( 20.00000000000000000, 3.271255876954762609, -7.885017484777410601 ) ) ;
#121 = LINE ( 'NONE', #3267, #2813 ) ;
#122 = ORIENTED_EDGE ( 'NONE', *, *, #2415, .F. ) ;
#123 = CARTESIAN_POINT ( 'NONE',  ( 20.00000000000000000, 7.983313762654070445, 1.702190156616706807 ) ) ;
#124 = CARTESIAN_POINT ( 'NONE',  ( 13.00000000000000178, 7.994340404933882205, -1.198537620874680965 ) ) ;
#125 = CARTESIAN_POINT ( 'NONE',  ( 5.000000000000000888, -7.993440992221191976, 1.000006010922365851 ) ) ;
#126 = ORIENTED_EDGE ( 'NONE', *, *, #2945, .T. ) ;
#127 = CARTESIAN_POINT ( 'NONE',  ( 6.500000000000000888, 0.9499999999999705347, 8.500000000000007105 ) ) ;
#128 = AXIS2_PLACEMENT_3D ( 'NONE', #631, #3777, #356 ) ;
#129 = CARTESIAN_POINT ( 'NONE',  ( 11.00000000000000000, 2.841865705817353760, 5.408720727106946846 ) ) ;
#130 = CARTESIAN_POINT ( 'NONE',  ( 18.00000000000000355, -7.988495504997550789, -1.370157565731070060 ) ) ;
#131 = ORIENTED_EDGE ( 'NONE', *, *, #412, .T. ) ;
#132 = CARTESIAN_POINT ( 'NONE',  ( 13.00000000000000178, -3.884840245354650001, 7.770442490215446085 ) ) ;
#133 = FACE_OUTER_BOUND ( 'NONE', #2725, .T. ) ;
#134 = CARTESIAN_POINT ( 'NONE',  ( 11.00000000000000000, 7.870589382685947655, -3.260513804450900111 ) ) ;
#135 = CARTESIAN_POINT ( 'NONE',  ( 20.00000000000000000, 5.897795986540787183, -9.271724392458896347 ) ) ;
#136 = CARTESIAN_POINT ( 'NONE',  ( 5.000000000000000000, 7.996487503114116713, 1.000006010922311228 ) ) ;
#137 = CARTESIAN_POINT ( 'NONE',  ( 20.00000000000000000, 4.919808755959492075, 7.521274650041060106 ) ) ;
#138 = CARTESIAN_POINT ( 'NONE',  ( 6.500000000000000888, 7.996971776485941596, 0.9500000000000000666 ) ) ;
#139 = CARTESIAN_POINT ( 'NONE',  ( 13.00000000000000178, 7.983313762654077550, -1.702190156616459227 ) ) ;
#140 = DIRECTION ( 'NONE',  ( 0.000000000000000000, -1.256228917186600745E-13, -1.000000000000000000 ) ) ;
#141 = ORIENTED_EDGE ( 'NONE', *, *, #3895, .F. ) ;
#142 = CARTESIAN_POINT ( 'NONE',  ( 20.00000000000000000, 7.994340404933870659, 1.198537620874813303 ) ) ;
#143 = LINE ( 'NONE', #3332, #4079 ) ;
#144 = CARTESIAN_POINT ( 'NONE',  ( 13.00000000000000178, 7.999999999999998224, 7.126224442713237591E-14 ) ) ;
#145 = CARTESIAN_POINT ( 'NONE',  ( 0.000000000000000000, 8.500000000000003553, -0.9500000000000001776 ) ) ;
#146 = VERTEX_POINT ( 'NONE', #3824 ) ;
#147 = CARTESIAN_POINT ( 'NONE',  ( 0.000000000000000000, 7.504433758415617994, 4.899417217456576878 ) ) ;
#148 = CARTESIAN_POINT ( 'NONE',  ( 2.000000000000001776, -7.929639119121005386, 2.645739012952750713 ) ) ;
#149 = CARTESIAN_POINT ( 'NONE',  ( 18.00000000000000355, -7.656261220913871846, -4.388453230966482543 ) ) ;
#150 = ORIENTED_EDGE ( 'NONE', *, *, #2198, .T. ) ;
#151 = CARTESIAN_POINT ( 'NONE',  ( 13.00000000000000178, 3.263498545960469954, -5.357729545476878741 ) ) ;
#152 = CARTESIAN_POINT ( 'NONE',  ( 2.000000000000001776, -7.993925265593016860, 0.9500000000001986855 ) ) ;
#153 = EDGE_CURVE ( 'NONE', #559, #1988, #3201, .T. ) ;
#154 = CARTESIAN_POINT ( 'NONE',  ( 6.500000000000002665, 7.504433758415631317, -4.899417217456330853 ) ) ;
#155 = CARTESIAN_POINT ( 'NONE',  ( 20.00000000000000000, 10.00001601634445336, -0.7583038693810123521 ) ) ;
#156 = ADVANCED_FACE ( 'NONE', ( #3265 ), #3867, .F. ) ;
#157 = AXIS2_PLACEMENT_3D ( 'NONE', #2382, #3638, #3885 ) ;
#158 = CARTESIAN_POINT ( 'NONE',  ( 5.000000000000000000, 7.364760967333056740, 5.257907453389946362 ) ) ;
#159 = DIRECTION ( 'NONE',  ( -1.000000000000000000, 0.000000000000000000, -0.000000000000000000 ) ) ;
#160 = DIRECTION ( 'NONE',  ( -1.000000000000000000, -0.000000000000000000, -0.000000000000000000 ) ) ;
#161 = CARTESIAN_POINT ( 'NONE',  ( 13.00000000000000178, 7.954734997325225265, -2.333320861749365704 ) ) ;
#162 = CARTESIAN_POINT ( 'NONE',  ( 5.000000000000000000, -0.9500000000000272671, 7.750075612333781727 ) ) ;
#163 = EDGE_CURVE ( 'NONE', #174, #89, #3907, .T. ) ;
#164 = VERTEX_POINT ( 'NONE', #3510 ) ;
#165 = CARTESIAN_POINT ( 'NONE',  ( 13.00000000000000178, 7.983313762654070445, 1.702190156616706807 ) ) ;
#166 = ADVANCED_FACE ( 'NONE', ( #2271 ), #3534, .F. ) ;
#167 = CARTESIAN_POINT ( 'NONE',  ( 0.000000000000000000, 7.983313762654077550, -1.702190156616459227 ) ) ;
#168 = CARTESIAN_POINT ( 'NONE',  ( 11.00000000000000000, -3.268209366061821886, -7.885017484777416819 ) ) ;
#169 = CARTESIAN_POINT ( 'NONE',  ( 13.00000000000000178, -2.657066463029897907, -7.942065616297995234 ) ) ;
#170 = ORIENTED_EDGE ( 'NONE', *, *, #1251, .T. ) ;
#171 = CARTESIAN_POINT ( 'NONE',  ( 20.00000000000000000, 7.364760967333106478, -5.257907453389635499 ) ) ;
#172 = LINE ( 'NONE', #2391, #217 ) ;
#173 = CARTESIAN_POINT ( 'NONE',  ( 18.00000000000000355, -7.826697700378039357, -3.551969690029617599 ) ) ;
#174 = VERTEX_POINT ( 'NONE', #679 ) ;
#175 = EDGE_CURVE ( 'NONE', #344, #2573, #2935, .T. ) ;
#176 = CARTESIAN_POINT ( 'NONE',  ( 11.00000000000000000, -3.928067186189391435, 7.761929099952453726 ) ) ;
#177 = CARTESIAN_POINT ( 'NONE',  ( 13.00000000000000178, -4.398425283540267294, 7.675014244674405184 ) ) ;
#178 = CARTESIAN_POINT ( 'NONE',  ( 11.00000000000000000, 3.244071727962475116, 5.360521218167641599 ) ) ;
#179 = CARTESIAN_POINT ( 'NONE',  ( -6.938893903907228378E-15, 2.203757848894352556, -9.983457728215773486 ) ) ;
#180 = VECTOR ( 'NONE', #1737, 1000.000000000000114 ) ;
#181 = DIRECTION ( 'NONE',  ( 1.000000000000000000, -0.000000000000000000, 0.000000000000000000 ) ) ;
#182 = PLANE ( 'NONE',  #3093 ) ;
#183 = CARTESIAN_POINT ( 'NONE',  ( 20.00000000000000000, -5.818228617127631175, -7.103874531599259079 ) ) ;
#184 = CARTESIAN_POINT ( 'NONE',  ( 18.00000000000000355, -7.621337701171542633, 4.518215179558059624 ) ) ;
#185 = ORIENTED_EDGE ( 'NONE', *, *, #2012, .T. ) ;
#186 = VECTOR ( 'NONE', #2876, 1000.000000000000000 ) ;
#187 = CARTESIAN_POINT ( 'NONE',  ( 13.00000000000000178, 7.546993110261257520, 4.773512810947254437 ) ) ;
#188 = CARTESIAN_POINT ( 'NONE',  ( 6.500000000000000888, 0.000000000000000000, 7.000000000000005329 ) ) ;
#189 = FACE_OUTER_BOUND ( 'NONE', #3495, .T. ) ;
#190 = CARTESIAN_POINT ( 'NONE',  ( 13.00000000000000178, 7.870589382685947655, -3.260513804450900111 ) ) ;
#191 = CARTESIAN_POINT ( 'NONE',  ( 0.000000000000000000, -4.916762245066584214, 7.521274650041049448 ) ) ;
#192 = ORIENTED_EDGE ( 'NONE', *, *, #3539, .F. ) ;
#193 = CARTESIAN_POINT ( 'NONE',  ( 0.000000000000000000, 7.977894848674115025, 1.862506083702145210 ) ) ;
#194 = CARTESIAN_POINT ( 'NONE',  ( 5.000000000000000000, -0.6799406239591428980, -8.500517426720927361 ) ) ;
#195 = CARTESIAN_POINT ( 'NONE',  ( 0.000000000000000000, 8.795726536140829666, 6.854604630103548146 ) ) ;
#196 = ORIENTED_EDGE ( 'NONE', *, *, #913, .T. ) ;
#197 = CARTESIAN_POINT ( 'NONE',  ( 20.00000000000000000, -7.867542871793014037, 3.260513804451135922 ) ) ;
#198 = CARTESIAN_POINT ( 'NONE',  ( 12.99999999999999467, 3.840150750097256704, 5.220663184251984390 ) ) ;
#199 = CARTESIAN_POINT ( 'NONE',  ( 6.500000000000000888, 6.203022691289977963, 6.842559245454959971 ) ) ;
#200 = VECTOR ( 'NONE', #1525, 1000.000000000000000 ) ;
#201 = CARTESIAN_POINT ( 'NONE',  ( 10.99999999999999822, 7.797798316528208318, 3.738534345966299632 ) ) ;
#202 = B_SPLINE_CURVE_WITH_KNOTS ( 'NONE', 3,
 ( #33, #677, #4063, #2495, #56, #897, #1942, #919, #384, #567, #1873 ),
 .UNSPECIFIED., .F., .F.,
 ( 4, 1, 1, 1, 1, 1, 1, 1, 4 ),
 ( 0.05598378939387904651, 0.1739938105616162245, 0.2920038317293534025, 0.4100138528970905805, 0.5280238740648277584, 0.6460338952325649364, 0.7640439164003021144, 0.8820539375680392924, 1.000063958735776470 ),
 .UNSPECIFIED. ) ;
#203 = CARTESIAN_POINT ( 'NONE',  ( 11.00000000000000000, 4.907137263765679158, -4.599116112039892457 ) ) ;
#204 = CARTESIAN_POINT ( 'NONE',  ( 20.00000000000000000, -3.268209366061821886, -7.885017484777416819 ) ) ;
#205 = DIRECTION ( 'NONE',  ( -1.000000000000000000, 0.000000000000000000, 0.000000000000000000 ) ) ;
#206 = VERTEX_POINT ( 'NONE', #2916 ) ;
#207 = CARTESIAN_POINT ( 'NONE',  ( 20.00000000000000000, 7.919495878587492932, 2.802433418976869373 ) ) ;
#208 = CARTESIAN_POINT ( 'NONE',  ( 20.00000000000000000, -7.996953489107073487, 5.437054339571344614E-14 ) ) ;
#209 = CARTESIAN_POINT ( 'NONE',  ( 0.000000000000000000, 7.624384212064461153, -4.518215179557856231 ) ) ;
#210 = CARTESIAN_POINT ( 'NONE',  ( 5.000000000000001776, 7.996487503113854700, -1.000006010947310120 ) ) ;
#211 = CARTESIAN_POINT ( 'NONE',  ( 0.000000000000000000, -7.751014368456739412, 3.975098189427029638 ) ) ;
#212 = CARTESIAN_POINT ( 'NONE',  ( 12.99999999999999467, 3.840150750097256704, 5.220663184251984390 ) ) ;
#213 = EDGE_CURVE ( 'NONE', #1095, #688, #2604, .T. ) ;
#214 = CARTESIAN_POINT ( 'NONE',  ( 0.000000000000000000, 7.829744211270962317, 3.551969690029802340 ) ) ;
#215 = DIRECTION ( 'NONE',  ( 0.000000000000000000, 3.469446951953614978E-15, -1.000000000000000000 ) ) ;
#216 = DIRECTION ( 'NONE',  ( 0.000000000000000000, -1.256228917186600745E-13, -1.000000000000000000 ) ) ;
#217 = VECTOR ( 'NONE', #3648, 1000.000000000000114 ) ;
#218 = EDGE_LOOP ( 'NONE', ( #2327, #1639, #522, #2619 ) ) ;
#219 = CARTESIAN_POINT ( 'NONE',  ( 13.42074368738218837, 0.9499999999999757527, 7.000000000000007994 ) ) ;
#220 = CARTESIAN_POINT ( 'NONE',  ( 12.99999999999999467, 2.841865705817353760, 5.408720727106946846 ) ) ;
#221 = CARTESIAN_POINT ( 'NONE',  ( 11.00000000000000000, 7.973266505939852422, -1.962882151584798951 ) ) ;
#222 = CARTESIAN_POINT ( 'NONE',  ( 5.000000000000000000, 2.660112973922839075, -7.942065616297989905 ) ) ;
#223 = CARTESIAN_POINT ( 'NONE',  ( 11.00000000000000000, 6.804495858413924125, 6.241149343855975751 ) ) ;
#224 = CARTESIAN_POINT ( 'NONE',  ( 13.00000000000000178, 5.486718253736335704, -1.626499314788049544 ) ) ;
#225 = CARTESIAN_POINT ( 'NONE',  ( 5.000000000000000000, 8.499999999999998224, 5.053919964287874018E-14 ) ) ;
#226 = PLANE ( 'NONE',  #3792 ) ;
#227 = ORIENTED_EDGE ( 'NONE', *, *, #2914, .T. ) ;
#228 = VECTOR ( 'NONE', #3986, 1000.000000000000000 ) ;
#229 = CARTESIAN_POINT ( 'NONE',  ( 0.000000000000000000, 9.994226508186189406, 1.603055307975665533 ) ) ;
#230 = CARTESIAN_POINT ( 'NONE',  ( 13.00000000000000178, -7.916449367694573525, 2.802433418976852497 ) ) ;
#231 = CARTESIAN_POINT ( 'NONE',  ( 0.000000000000000000, 7.996962117353913158, -0.9500000000000001776 ) ) ;
#232 = FACE_OUTER_BOUND ( 'NONE', #2115, .T. ) ;
#233 = CARTESIAN_POINT ( 'NONE',  ( 0.000000000000000000, -7.410259770593721207, 5.141652362973576196 ) ) ;
#234 = EDGE_CURVE ( 'NONE', #1876, #2318, #1041, .T. ) ;
#235 = CARTESIAN_POINT ( 'NONE',  ( 0.000000000000000000, -4.398425283540267294, 7.675014244674405184 ) ) ;
#236 = CARTESIAN_POINT ( 'NONE',  ( 5.000000000000000000, -5.603660037479332168, 7.755597863029947803 ) ) ;
#237 = CARTESIAN_POINT ( 'NONE',  ( 6.500000000000000888, 7.000000000000004441, -0.9500000000000000666 ) ) ;
#238 = DIRECTION ( 'NONE',  ( 0.000000000000000000, 1.000000000000000000, -7.228014483236698281E-17 ) ) ;
#239 = ORIENTED_EDGE ( 'NONE', *, *, #2653, .T. ) ;
#240 = EDGE_CURVE ( 'NONE', #1056, #722, #2955, .T. ) ;
#241 = CARTESIAN_POINT ( 'NONE',  ( 20.00000000000000000, -7.929639119121005386, 2.645739012952750713 ) ) ;
#242 = CARTESIAN_POINT ( 'NONE',  ( 12.99999999999999467, 0.4081851485557323467, 5.500309580042261004 ) ) ;
#243 = CARTESIAN_POINT ( 'NONE',  ( 6.500000000000000888, 7.624384212064456712, 4.518215179558075612 ) ) ;
#244 = CARTESIAN_POINT ( 'NONE',  ( 5.000000000000000000, 6.203022691290034807, -6.842559245454685524 ) ) ;
#245 = DIRECTION ( 'NONE',  ( 0.000000000000000000, 3.971603747630718475E-14, 1.000000000000000000 ) ) ;
#246 = CARTESIAN_POINT ( 'NONE',  ( 13.00000000000000178, 5.408736163148613052, -2.840122101027795498 ) ) ;
#247 = CARTESIAN_POINT ( 'NONE',  ( 20.00000000000000000, -7.916449367694571748, -2.802433418976642443 ) ) ;
#248 = FACE_OUTER_BOUND ( 'NONE', #1360, .T. ) ;
#249 = ORIENTED_EDGE ( 'NONE', *, *, #1764, .F. ) ;
#250 = CARTESIAN_POINT ( 'NONE',  ( -3.469446951953614189E-15, -5.818228617127631175, -7.103874531599259079 ) ) ;
#251 = B_SPLINE_CURVE_WITH_KNOTS ( 'NONE', 3,
 ( #257, #279, #2080, #1521, #3644, #4041, #896, #830, #2429, #1853, #2100, #3356, #3114, #2696, #809, #3047, #212, #3689, #4061, #1232, #1542, #2807, #2494, #3750 ),
 .UNSPECIFIED., .F., .F.,
 ( 4, 2, 2, 2, 2, 2, 2, 2, 2, 2, 2, 4 ),
 ( 0.000000000000000000, 0.1249999999999997780, 0.2499999999999995559, 0.3749999999999993339, 0.4374999999999992784, 0.4687499999999993894, 0.4999999999999994449, 0.5624999999999994449, 0.6249999999999994449, 0.7499999999999995559, 0.8749999999999997780, 1.000000000000000000 ),
 .UNSPECIFIED. ) ;
#252 = CARTESIAN_POINT ( 'NONE',  ( 20.00000000000000000, -7.656261220913877175, 4.388453230966693042 ) ) ;
#253 = CARTESIAN_POINT ( 'NONE',  ( 20.00000000000000000, 5.897795986540787183, -9.271724392458896347 ) ) ;
#254 = CARTESIAN_POINT ( 'NONE',  ( -8.673617379884035472E-16, 7.888424765259851590, -3.110230222913241249 ) ) ;
#255 = CARTESIAN_POINT ( 'NONE',  ( 0.000000000000000000, -7.951688486432296088, 2.333320861749602404 ) ) ;
#256 = VECTOR ( 'NONE', #3925, 1000.000000000000000 ) ;
#257 = CARTESIAN_POINT ( 'NONE',  ( 13.00000000000000000, 5.500000000000003553, -2.888314587501383812E-13 ) ) ;
#258 = CARTESIAN_POINT ( 'NONE',  ( 6.500000000000000888, -1.669507142569573999, 7.986120789017077115 ) ) ;
#259 = VECTOR ( 'NONE', #3857, 1000.000000000000000 ) ;
#260 = LINE ( 'NONE', #1524, #877 ) ;
#261 = EDGE_CURVE ( 'NONE', #2609, #2106, #119, .T. ) ;
#262 = LINE ( 'NONE', #2165, #1983 ) ;
#263 = EDGE_LOOP ( 'NONE', ( #1993, #3287, #1611, #3272 ) ) ;
#264 = CARTESIAN_POINT ( 'NONE',  ( 13.00000000000000178, -2.657066463029922332, 7.942065616298222608 ) ) ;
#265 = CARTESIAN_POINT ( 'NONE',  ( 11.00000000000000000, -3.868649317255500542, -7.773427696812086118 ) ) ;
#266 = DIRECTION ( 'NONE',  ( 1.000000000000000000, -0.000000000000000000, -0.000000000000000000 ) ) ;
#267 = CARTESIAN_POINT ( 'NONE',  ( 5.000000000000000000, 7.963614471005013407, -2.177562438471818851 ) ) ;
#268 = CARTESIAN_POINT ( 'NONE',  ( 11.00000000000000000, 7.996961519839931753, 0.9499999999999999556 ) ) ;
#269 = MECHANICAL_DESIGN_GEOMETRIC_PRESENTATION_REPRESENTATION (  '', ( #2973 ), #3113 ) ;
#270 = CARTESIAN_POINT ( 'NONE',  ( 13.00000000000000178, 7.963614471005002748, 2.177562438472038231 ) ) ;
#271 = CARTESIAN_POINT ( 'NONE',  ( 20.00000000000000000, -7.980267251761149261, -1.702190156616476102 ) ) ;
#272 = DIRECTION ( 'NONE',  ( -1.000000000000000000, 0.000000000000000000, 0.000000000000000000 ) ) ;
#273 = VERTEX_POINT ( 'NONE', #2006 ) ;
#274 = CARTESIAN_POINT ( 'NONE',  ( 0.000000000000000000, 5.897795986540761426, 9.271724392459137931 ) ) ;
#275 = CARTESIAN_POINT ( 'NONE',  ( 13.00000000000000178, -7.501387247522704804, 4.899417217456560891 ) ) ;
#276 = CARTESIAN_POINT ( 'NONE',  ( 5.000000000000000888, -7.960567960112083341, -2.177562438471835726 ) ) ;
#277 = CARTESIAN_POINT ( 'NONE',  ( 5.000000000000001776, 7.932685630013931899, -2.645739012952588176 ) ) ;
#278 = CARTESIAN_POINT ( 'NONE',  ( 0.000000000000000000, -4.916762245066584214, 7.521274650041049448 ) ) ;
#279 = CARTESIAN_POINT ( 'NONE',  ( 12.99999999999999467, 5.500000000000020428, 0.4083238538074149271 ) ) ;
#280 = CARTESIAN_POINT ( 'NONE',  ( 11.00000000000000000, 4.907137263765679158, -4.599116112039892457 ) ) ;
#281 = FACE_OUTER_BOUND ( 'NONE', #3019, .T. ) ;
#282 = CARTESIAN_POINT ( 'NONE',  ( 6.500000000000000888, 0.000000000000000000, -7.750075612333780839 ) ) ;
#283 = VERTEX_POINT ( 'NONE', #2380 ) ;
#284 = CARTESIAN_POINT ( 'NONE',  ( 13.00000000000000178, -6.199976180397069214, 6.842559245454946648 ) ) ;
#285 = CARTESIAN_POINT ( 'NONE',  ( 11.00000000000000000, 1.022007659294098758, -7.996389516270865805 ) ) ;
#286 = CARTESIAN_POINT ( 'NONE',  ( 0.000000000000000000, 8.795726536140849205, -6.854604630103299456 ) ) ;
#287 = CARTESIAN_POINT ( 'NONE',  ( 11.00000000000000000, 1.058791184067875424E-19, 5.500001013597577426 ) ) ;
#288 = CARTESIAN_POINT ( 'NONE',  ( 13.00000000000000178, 5.007504352881252174, -4.413953308678520315 ) ) ;
#289 = EDGE_CURVE ( 'NONE', #1876, #3049, #3305, .T. ) ;
#290 = CARTESIAN_POINT ( 'NONE',  ( 0.000000000000000000, -7.929639119121001833, -2.645739012952605052 ) ) ;
#291 = CARTESIAN_POINT ( 'NONE',  ( 13.00000000000000178, -3.884840245354281851, -7.770442490215291542 ) ) ;
#292 = ORIENTED_EDGE ( 'NONE', *, *, #2816, .T. ) ;
#293 = CARTESIAN_POINT ( 'NONE',  ( 5.000000000000000888, -4.916762245066340853, -7.521274650040950860 ) ) ;
#294 = CARTESIAN_POINT ( 'NONE',  ( 13.00000000000000178, -7.996953489107073487, 5.437054339571344614E-14 ) ) ;
#295 = CARTESIAN_POINT ( 'NONE',  ( -3.469446951953614189E-15, -7.993925265593027518, -0.9499999999998021138 ) ) ;
#296 = CARTESIAN_POINT ( 'NONE',  ( 5.000000000000000000, 8.500000000000021316, 0.6810074227074479625 ) ) ;
#297 = CARTESIAN_POINT ( 'NONE',  ( 13.00000000000000178, 1.376401242066048969, -7.999332193501475174 ) ) ;
#298 = EDGE_CURVE ( 'NONE', #206, #2559, #1789, .T. ) ;
#299 = VECTOR ( 'NONE', #1148, 1000.000000000000000 ) ;
#300 = CARTESIAN_POINT ( 'NONE',  ( 11.00000000000000000, -3.935974350749863238, 7.760463980255734917 ) ) ;
#301 = CARTESIAN_POINT ( 'NONE',  ( 13.00000000000000178, -3.268209366061821886, -7.885017484777416819 ) ) ;
#302 = VERTEX_POINT ( 'NONE', #802 ) ;
#303 = B_SPLINE_CURVE_WITH_KNOTS ( 'NONE', 3,
 ( #2103, #194, #3404, #568, #2123, #3337, #3028 ),
 .UNSPECIFIED., .F., .F.,
 ( 4, 1, 1, 1, 4 ),
 ( 0.05591983065818809107, 0.1739298518259145832, 0.2919398729936409920, 0.4099498941613675118, 0.4127468867580256218 ),
 .UNSPECIFIED. ) ;
#304 = DIRECTION ( 'NONE',  ( 0.000000000000000000, 0.000000000000000000, 1.000000000000000000 ) ) ;
#305 = LINE ( 'NONE', #939, #2452 ) ;
#306 = DIRECTION ( 'NONE',  ( 0.000000000000000000, 0.000000000000000000, -1.000000000000000000 ) ) ;
#307 = CARTESIAN_POINT ( 'NONE',  ( 2.000000000000001776, -7.621337701171527534, -4.518215179557873107 ) ) ;
#308 = FACE_OUTER_BOUND ( 'NONE', #2768, .T. ) ;
#309 = CARTESIAN_POINT ( 'NONE',  ( 6.500000000000001776, 7.870589382685932556, 3.260513804451152353 ) ) ;
#310 = ORIENTED_EDGE ( 'NONE', *, *, #2565, .F. ) ;
#311 = CARTESIAN_POINT ( 'NONE',  ( 0.000000000000000000, 7.256833203547834898, 8.528140683638138597 ) ) ;
#312 = CARTESIAN_POINT ( 'NONE',  ( 20.00000000000000000, 5.821275128020391598, 7.103874531599575270 ) ) ;
#313 = CARTESIAN_POINT ( 'NONE',  ( -3.469446951953614189E-15, -7.721164452782224075, -4.116547995451790065 ) ) ;
#314 = CARTESIAN_POINT ( 'NONE',  ( 5.000000000000000000, 2.073275153093287582, 8.498808627325306730 ) ) ;
#315 = PLANE ( 'NONE',  #3590 ) ;
#316 = CARTESIAN_POINT ( 'NONE',  ( 13.00000000000000178, -7.501387247522696811, -4.899417217456346840 ) ) ;
#317 = EDGE_CURVE ( 'NONE', #660, #1372, #1717, .T. ) ;
#318 = ORIENTED_EDGE ( 'NONE', *, *, #1020, .T. ) ;
#319 = CARTESIAN_POINT ( 'NONE',  ( 11.00000000000000178, 1.078993488245939325, -7.995738009533155832 ) ) ;
#320 = CARTESIAN_POINT ( 'NONE',  ( 6.500000000000000888, -5.615376137767259301, 7.750075613647610773 ) ) ;
#321 = CARTESIAN_POINT ( 'NONE',  ( 6.500000000000000888, 7.977894848674130124, -1.862506083701936932 ) ) ;
#322 = DIRECTION ( 'NONE',  ( -0.000000000000000000, 0.000000000000000000, 1.000000000000000000 ) ) ;
#323 = CARTESIAN_POINT ( 'NONE',  ( 0.000000000000000000, -7.826697700378039357, -3.551969690029617599 ) ) ;
#324 = CARTESIAN_POINT ( 'NONE',  ( 11.00000000000000000, 3.271255876954616060, 7.885017484777672614 ) ) ;
#325 = VERTEX_POINT ( 'NONE', #2976 ) ;
#326 = EDGE_CURVE ( 'NONE', #946, #3694, #471, .T. ) ;
#327 = ORIENTED_EDGE ( 'NONE', *, *, #3616, .T. ) ;
#328 = CARTESIAN_POINT ( 'NONE',  ( 20.00000000000000000, 7.659307731806791253, 4.388453230966709917 ) ) ;
#329 = CARTESIAN_POINT ( 'NONE',  ( -3.469446951953614189E-15, -7.993692019869087062, -0.9750072175741801850 ) ) ;
#330 = LINE ( 'NONE', #1248, #1106 ) ;
#331 = CARTESIAN_POINT ( 'NONE',  ( 20.00000000000000000, 1.167546064766750380, 9.999712963351084838 ) ) ;
#332 = ORIENTED_EDGE ( 'NONE', *, *, #153, .T. ) ;
#333 = DIRECTION ( 'NONE',  ( 0.000000000000000000, 0.000000000000000000, 1.000000000000000000 ) ) ;
#334 = DIRECTION ( 'NONE',  ( 1.000000000000000000, -0.000000000000000000, 0.000000000000000000 ) ) ;
#335 = CARTESIAN_POINT ( 'NONE',  ( 20.00000000000000000, -7.980267251761149261, -1.702190156616476102 ) ) ;
#336 = ORIENTED_EDGE ( 'NONE', *, *, #2532, .F. ) ;
#337 = CARTESIAN_POINT ( 'NONE',  ( 11.00000000000000355, 7.955007645410502981, -2.335204482602006415 ) ) ;
#338 = CARTESIAN_POINT ( 'NONE',  ( 4.999999999999999112, -5.615376137767259301, 7.750075613647610773 ) ) ;
#339 = CARTESIAN_POINT ( 'NONE',  ( 6.500000000000000888, 7.888424765259851590, -3.110230222913241249 ) ) ;
#340 = CARTESIAN_POINT ( 'NONE',  ( 0.000000000000000000, 10.00000000000000355, -4.793002917534356401E-14 ) ) ;
#341 = CARTESIAN_POINT ( 'NONE',  ( 5.000000000000000000, 0.000000000000000000, 0.000000000000000000 ) ) ;
#342 = CARTESIAN_POINT ( 'NONE',  ( 6.500000000000001776, 7.624384212064456712, 4.518215179558075612 ) ) ;
#343 = VERTEX_POINT ( 'NONE', #138 ) ;
#344 = VERTEX_POINT ( 'NONE', #1113 ) ;
#345 = CARTESIAN_POINT ( 'NONE',  ( 20.00000000000000000, 7.724210963675129271, 4.116547995452084052 ) ) ;
#346 = CARTESIAN_POINT ( 'NONE',  ( 6.500000000000000888, 8.500000000000035527, -0.6810074227074073283 ) ) ;
#347 = CARTESIAN_POINT ( 'NONE',  ( 5.000000000000001776, 2.660112973922839075, -7.942065616297989905 ) ) ;
#348 = CARTESIAN_POINT ( 'NONE',  ( 5.000000000000000888, -0.9500000000000297096, 8.500000000000000000 ) ) ;
#349 = EDGE_LOOP ( 'NONE', ( #2735, #2075, #3053, #3490, #4013, #1928 ) ) ;
#350 = ORIENTED_EDGE ( 'NONE', *, *, #592, .F. ) ;
#351 = DIRECTION ( 'NONE',  ( 0.000000000000000000, -1.000000000000000000, 7.228014483236698281E-17 ) ) ;
#352 = CARTESIAN_POINT ( 'NONE',  ( 20.00000000000000000, -4.916762245066340853, -7.521274650040950860 ) ) ;
#353 = VECTOR ( 'NONE', #3654, 1000.000000000000000 ) ;
#354 = VERTEX_POINT ( 'NONE', #492 ) ;
#355 = CARTESIAN_POINT ( 'NONE',  ( 11.00000000000000178, 2.100697009319687947, -7.967001338860251636 ) ) ;
#356 = DIRECTION ( 'NONE',  ( 0.000000000000000000, -1.000000000000000000, -7.228014483236703211E-17 ) ) ;
#357 = PLANE ( 'NONE',  #4030 ) ;
#358 = CARTESIAN_POINT ( 'NONE',  ( 0.000000000000000000, 7.000000000000004441, -0.9500000000000000666 ) ) ;
#359 = CARTESIAN_POINT ( 'NONE',  ( 11.00000000000000000, 7.996971776485247929, -0.9500000000753386908 ) ) ;
#360 = CARTESIAN_POINT ( 'NONE',  ( 6.500000000000001776, 7.504433758415617994, 4.899417217456576878 ) ) ;
#361 = VERTEX_POINT ( 'NONE', #783 ) ;
#362 = CARTESIAN_POINT ( 'NONE',  ( 13.42074368738218837, 7.000000000000005329, 0.9499999999999998446 ) ) ;
#363 = CARTESIAN_POINT ( 'NONE',  ( 11.00000000000000000, 0.001015503602835779624, 5.500000241698716152 ) ) ;
#364 = CARTESIAN_POINT ( 'NONE',  ( 13.42074368738218837, 0.000000000000000000, -6.999999999999958256 ) ) ;
#365 = CARTESIAN_POINT ( 'NONE',  ( 5.000000000000001776, 6.842564920665938466, -6.203019186482203295 ) ) ;
#366 = DIRECTION ( 'NONE',  ( 0.000000000000000000, -1.000000000000000000, 0.000000000000000000 ) ) ;
#367 = ORIENTED_EDGE ( 'NONE', *, *, #3085, .F. ) ;
#368 = B_SPLINE_CURVE_WITH_KNOTS ( 'NONE', 4,
 ( #1488, #4008, #3676, #3121, #1175, #1531, #2191, #1467, #2793, #3759, #3698, #4049, #3738, #861, #905, #924, #286, #3077, #2171, #1821, #2129, #2815, #3448, #1237, #613, #1878, #3139, #3987 ),
 .UNSPECIFIED., .F., .F.,
 ( 5, 1, 1, 1, 1, 1, 1, 1, 1, 1, 1, 1, 1, 1, 1, 1, 1, 1, 1, 1, 1, 1, 1, 1, 5 ),
 ( 0.05598378939387900488, 0.1438434350945421714, 0.2295776819180273542, 0.2879854558222087468, 0.3173365680213071083, 0.3466825347546780844, 0.3760307915020921765, 0.4053812968129312799, 0.4347302143907088579, 0.4640790138278358956, 0.4934292718648673470, 0.5178832292952935124, 0.5374496309186466148, 0.5614407115021561312, 0.5907904099055318881, 0.6201398579447298109, 0.6494894125023795706, 0.6788391061138823179, 0.7081886800739951582, 0.7375382592650827629, 0.7668879200445886113, 0.8239022218958399479, 0.8826014781629732964, 0.9413007387147120930, 1.000000000000000000 ),
 .UNSPECIFIED. ) ;
#369 = FACE_OUTER_BOUND ( 'NONE', #2081, .T. ) ;
#370 = CARTESIAN_POINT ( 'NONE',  ( 0.000000000000000000, 7.659307731806791253, 4.388453230966709917 ) ) ;
#371 = CARTESIAN_POINT ( 'NONE',  ( 20.00000000000000000, -6.839518409773001295, -6.203019186482218394 ) ) ;
#372 = VECTOR ( 'NONE', #1387, 1000.000000000000000 ) ;
#373 = ORIENTED_EDGE ( 'NONE', *, *, #3683, .T. ) ;
#374 = CARTESIAN_POINT ( 'NONE',  ( 0.000000000000000000, 3.382710778154773834E-13, 10.00000000000015099 ) ) ;
#375 = EDGE_CURVE ( 'NONE', #1421, #1351, #1072, .T. ) ;
#376 = CARTESIAN_POINT ( 'NONE',  ( 18.00000000000000355, -54.18109449353947582, 7.750075612333781727 ) ) ;
#377 = VECTOR ( 'NONE', #1824, 1000.000000000000000 ) ;
#378 = CARTESIAN_POINT ( 'NONE',  ( 6.500000000000000888, -0.6799406239589863565, 8.500517426721835079 ) ) ;
#379 = CARTESIAN_POINT ( 'NONE',  ( 6.500000000000000888, 7.413306281486648608, -5.141652362973346158 ) ) ;
#380 = CARTESIAN_POINT ( 'NONE',  ( 6.500000000000000888, 8.498942797976841490, -2.079162928629852747 ) ) ;
#381 = CARTESIAN_POINT ( 'NONE',  ( 6.500000000000002665, 7.983313762654077550, -1.702190156616459227 ) ) ;
#382 = CARTESIAN_POINT ( 'NONE',  ( 11.00000000000000000, 4.919808755959492075, 7.521274650041060106 ) ) ;
#383 = EDGE_CURVE ( 'NONE', #1904, #1421, #1758, .T. ) ;
#384 = CARTESIAN_POINT ( 'NONE',  ( 6.500000000000000888, 8.498942797976837937, 2.079162928630180485 ) ) ;
#385 = DIRECTION ( 'NONE',  ( -0.000000000000000000, 0.000000000000000000, 1.000000000000000000 ) ) ;
#386 = DIRECTION ( 'NONE',  ( 0.000000000000000000, 1.000000000000000000, 0.000000000000000000 ) ) ;
#387 = CARTESIAN_POINT ( 'NONE',  ( 20.00000000000000000, 7.954734997325225265, -2.333320861749365704 ) ) ;
#388 = CARTESIAN_POINT ( 'NONE',  ( 20.00000000000000000, 3.382710778154773834E-13, 10.00000000000015099 ) ) ;
#389 = EDGE_LOOP ( 'NONE', ( #2280, #984, #327, #438 ) ) ;
#390 = CARTESIAN_POINT ( 'NONE',  ( 13.42074368738218837, 0.9500000000000732303, -6.999999999999995559 ) ) ;
#391 = CARTESIAN_POINT ( 'NONE',  ( 0.000000000000000000, 7.932685630013924794, 2.645739012952767588 ) ) ;
#392 = VECTOR ( 'NONE', #2537, 1000.000000000000000 ) ;
#393 = CARTESIAN_POINT ( 'NONE',  ( 0.000000000000000000, -7.988495504997545460, 1.370157565731179972 ) ) ;
#394 = ORIENTED_EDGE ( 'NONE', *, *, #3417, .F. ) ;
#395 = CARTESIAN_POINT ( 'NONE',  ( 13.00000000000000000, 0.0007616277232294276986, 5.500000434289150419 ) ) ;
#396 = B_SPLINE_SURFACE_WITH_KNOTS ( 'NONE', 3, 1, ( 
 ( #3530, #695 ),
 ( #1959, #528 ),
 ( #4006, #798 ),
 ( #2684, #1465 ),
 ( #1153, #818 ),
 ( #3716, #3098 ),
 ( #2066, #1425 ),
 ( #3385, #2416 ),
 ( #3322, #838 ),
 ( #1445, #2751 ),
 ( #1108, #3363 ),
 ( #552, #2436 ),
 ( #487, #1173 ),
 ( #3408, #1753 ),
 ( #1819, #3013 ),
 ( #3696, #2149 ),
 ( #3965, #198 ),
 ( #178, #859 ),
 ( #3075, #220 ),
 ( #2705, #1195 ),
 ( #1486, #2375 ),
 ( #2127, #4026 ),
 ( #1838, #242 ),
 ( #506, #1131 ) ),
 .UNSPECIFIED., .F., .F., .F.,
 ( 4, 2, 2, 2, 2, 2, 2, 2, 2, 2, 2, 4 ),
 ( 2, 2 ),
 ( 0.000000000000000000, 0.1249999999999997780, 0.2499999999999995559, 0.3749999999999993339, 0.4374999999999992784, 0.4687499999999993894, 0.4999999999999994449, 0.5624999999999994449, 0.6249999999999994449, 0.7499999999999995559, 0.8749999999999997780, 1.000000000000000000 ),
 ( 0.000000000000000000, 1.000000000000000000 ),
 .UNSPECIFIED. ) ;
#397 = CARTESIAN_POINT ( 'NONE',  ( 11.00000000000000000, 1.628090368167735225, 5.486446534003650122 ) ) ;
#398 = CARTESIAN_POINT ( 'NONE',  ( 20.00000000000000000, 9.994226508186189406, 1.603055307975665533 ) ) ;
#399 = CARTESIAN_POINT ( 'NONE',  ( 6.500000000000000888, 1.671588706516804246, -7.986163835448052417 ) ) ;
#400 = FACE_OUTER_BOUND ( 'NONE', #591, .T. ) ;
#401 = CARTESIAN_POINT ( 'NONE',  ( 11.00000000000000000, 7.829744211270971199, -3.551969690029601168 ) ) ;
#402 = CARTESIAN_POINT ( 'NONE',  ( 6.500000000000000888, 3.271255876954616060, 7.885017484777672614 ) ) ;
#403 = ADVANCED_FACE ( 'NONE', ( #3284 ), #759, .F. ) ;
#404 = CARTESIAN_POINT ( 'NONE',  ( 11.00000000000000000, 1.027653316400225503, 7.996327317114372057 ) ) ;
#405 = EDGE_CURVE ( 'NONE', #2573, #1913, #2355, .T. ) ;
#406 = CARTESIAN_POINT ( 'NONE',  ( 2.000000000000002220, -0.9500000000000272671, 7.750075612333781727 ) ) ;
#407 = CARTESIAN_POINT ( 'NONE',  ( 6.500000000000000888, 8.325115491524963218, -3.958251284449962881 ) ) ;
#408 = CARTESIAN_POINT ( 'NONE',  ( 20.00000000000000000, 7.829744211270971199, -3.551969690029601168 ) ) ;
#409 = LINE ( 'NONE', #99, #820 ) ;
#410 = ORIENTED_EDGE ( 'NONE', *, *, #234, .T. ) ;
#411 = VERTEX_POINT ( 'NONE', #2118 ) ;
#412 = EDGE_CURVE ( 'NONE', #627, #500, #143, .T. ) ;
#413 = CARTESIAN_POINT ( 'NONE',  ( 6.500000000000000888, 8.500000000000003553, -0.9500000000000001776 ) ) ;
#414 = CARTESIAN_POINT ( 'NONE',  ( 0.000000000000000000, -7.929639119121005386, 2.645739012952750713 ) ) ;
#415 = ORIENTED_EDGE ( 'NONE', *, *, #1151, .F. ) ;
#416 = CARTESIAN_POINT ( 'NONE',  ( 5.000000000000000888, 4.401471794433175155, 7.675014244674414066 ) ) ;
#417 = CARTESIAN_POINT ( 'NONE',  ( 2.000000000000001776, -7.960567960112083341, 2.177562438472021356 ) ) ;
#418 = CARTESIAN_POINT ( 'NONE',  ( 20.00000000000000000, 9.739256424143770019, 4.284627123311322450 ) ) ;
#419 = EDGE_LOOP ( 'NONE', ( #2613, #32, #1268, #3827 ) ) ;
#420 = LINE ( 'NONE', #1751, #2784 ) ;
#421 = CARTESIAN_POINT ( 'NONE',  ( 6.500000000000000888, 8.498942797976837937, 2.079162928630180485 ) ) ;
#422 = CARTESIAN_POINT ( 'NONE',  ( 11.00000000000000000, 3.271255876954762609, -7.885017484777410601 ) ) ;
#423 = CARTESIAN_POINT ( 'NONE',  ( 20.00000000000000000, 4.263402913510627279, -9.744407353998882471 ) ) ;
#424 = VECTOR ( 'NONE', #1802, 1000.000000000000000 ) ;
#425 = CARTESIAN_POINT ( 'NONE',  ( 5.000000000000000000, 7.977894848674115025, 1.862506083702145210 ) ) ;
#426 = CARTESIAN_POINT ( 'NONE',  ( 6.500000000000000888, 5.059279089555468803E-13, -8.499999564942138264 ) ) ;
#427 = CARTESIAN_POINT ( 'NONE',  ( 0.000000000000000000, 0.9499999999998847144, -8.499999999999920064 ) ) ;
#428 = CARTESIAN_POINT ( 'NONE',  ( 20.00000000000000000, 6.203022691290034807, -6.842559245454685524 ) ) ;
#429 = CARTESIAN_POINT ( 'NONE',  ( 18.00000000000000355, -7.996953489107073487, 5.437054339571344614E-14 ) ) ;
#430 = ORIENTED_EDGE ( 'NONE', *, *, #3647, .T. ) ;
#431 = CARTESIAN_POINT ( 'NONE',  ( 20.00000000000000000, 0.001523255446453698064, 8.000000580077024637 ) ) ;
#432 = CARTESIAN_POINT ( 'NONE',  ( 13.00000000000000178, 7.624384212064461153, -4.518215179557856231 ) ) ;
#433 = CARTESIAN_POINT ( 'NONE',  ( 0.000000000000000000, -7.993925265593015084, 0.9500000000001986855 ) ) ;
#434 = ORIENTED_EDGE ( 'NONE', *, *, #1123, .T. ) ;
#435 = CARTESIAN_POINT ( 'NONE',  ( 0.000000000000000000, 7.413306281486634397, 5.141652362973592183 ) ) ;
#436 = CARTESIAN_POINT ( 'NONE',  ( 2.000000000000001776, -7.543946599368344330, 4.773512810947238449 ) ) ;
#437 = CARTESIAN_POINT ( 'NONE',  ( 0.000000000000000000, 9.048677220293258827, 6.394575911346000119 ) ) ;
#438 = ORIENTED_EDGE ( 'NONE', *, *, #3655, .F. ) ;
#439 = ADVANCED_BREP_SHAPE_REPRESENTATION ( '\X2\81c2\X0\', ( #778, #1603 ), #3128 ) ;
#440 = CARTESIAN_POINT ( 'NONE',  ( 13.00000000000000178, 0.8183315972652314141, -5.500293231853421005 ) ) ;
#441 = CARTESIAN_POINT ( 'NONE',  ( 6.500000000000000888, 8.500000000000035527, -0.6810074227074073283 ) ) ;
#442 = CARTESIAN_POINT ( 'NONE',  ( 11.00000000000000000, 7.364760967333106478, -5.257907453389635499 ) ) ;
#443 = CARTESIAN_POINT ( 'NONE',  ( 20.00000000000000000, 8.232402828058971167, -7.628568885268041555 ) ) ;
#444 = CARTESIAN_POINT ( 'NONE',  ( 5.000000000000000000, 7.994340404933870659, 1.198537620874813303 ) ) ;
#445 = VECTOR ( 'NONE', #673, 1000.000000000000000 ) ;
#446 = CARTESIAN_POINT ( 'NONE',  ( 6.500000000000000888, -5.096078780529515129, -7.992518567706961896 ) ) ;
#447 = DIRECTION ( 'NONE',  ( 0.000000000000000000, 1.000000000000000000, 0.000000000000000000 ) ) ;
#448 = CARTESIAN_POINT ( 'NONE',  ( 13.00000000000000178, 5.821275128020570122, -7.103874531599246644 ) ) ;
#449 = DIRECTION ( 'NONE',  ( -1.000000000000000000, -0.000000000000000000, -0.000000000000000000 ) ) ;
#450 = EDGE_CURVE ( 'NONE', #688, #1458, #3002, .T. ) ;
#451 = ORIENTED_EDGE ( 'NONE', *, *, #3321, .T. ) ;
#452 = CARTESIAN_POINT ( 'NONE',  ( 20.00000000000000000, 7.806769986350412971, 3.693151717295427350 ) ) ;
#453 = CARTESIAN_POINT ( 'NONE',  ( 0.000000000000000000, 7.888424765259851590, -3.110230222913241249 ) ) ;
#454 = CARTESIAN_POINT ( 'NONE',  ( 13.00000000000000178, 4.919808755959280688, -7.521274650040940202 ) ) ;
#455 = LINE ( 'NONE', #2015, #3442 ) ;
#456 = ORIENTED_EDGE ( 'NONE', *, *, #985, .T. ) ;
#457 = EDGE_CURVE ( 'NONE', #3514, #3983, #2761, .T. ) ;
#458 = CARTESIAN_POINT ( 'NONE',  ( 11.00000000000000000, -1.016445902840374949, 7.996417138254980905 ) ) ;
#459 = VECTOR ( 'NONE', #1401, 1000.000000000000000 ) ;
#460 = EDGE_CURVE ( 'NONE', #2166, #2573, #1545, .T. ) ;
#461 = CARTESIAN_POINT ( 'NONE',  ( 11.00000000000000000, 0.8148452774453561753, 5.500294959846138809 ) ) ;
#462 = DIRECTION ( 'NONE',  ( 0.000000000000000000, -3.614007241618350743E-15, 1.000000000000000000 ) ) ;
#463 = ORIENTED_EDGE ( 'NONE', *, *, #968, .F. ) ;
#464 = CARTESIAN_POINT ( 'NONE',  ( 13.00000000000000178, 5.408736163148613052, -2.840122101027795498 ) ) ;
#465 = CARTESIAN_POINT ( 'NONE',  ( 4.999999999999999112, 8.500000000000021316, 0.6810074227074479625 ) ) ;
#466 = CARTESIAN_POINT ( 'NONE',  ( 11.00000000000000000, 4.401471794433084561, -7.675014244674200015 ) ) ;
#467 = CARTESIAN_POINT ( 'NONE',  ( 20.00000000000000000, 8.517584496679415196, -7.271227662707879347 ) ) ;
#468 = EDGE_CURVE ( 'NONE', #3255, #627, #518, .T. ) ;
#469 = CARTESIAN_POINT ( 'NONE',  ( 5.000000000000000000, 7.659307731806791253, 4.388453230966709917 ) ) ;
#470 = CARTESIAN_POINT ( 'NONE',  ( 20.00000000000000000, 1.376401242065982800, 7.999332193501719424 ) ) ;
#471 = LINE ( 'NONE', #2335, #3423 ) ;
#472 = CARTESIAN_POINT ( 'NONE',  ( 13.00000000000000178, 7.991542015890479078, -1.370157565731053184 ) ) ;
#473 = CARTESIAN_POINT ( 'NONE',  ( 18.00000000000000355, -7.656261220913877175, 4.388453230966693042 ) ) ;
#474 = ORIENTED_EDGE ( 'NONE', *, *, #1147, .F. ) ;
#475 = CARTESIAN_POINT ( 'NONE',  ( 13.00000000000000178, 1.376401242065982800, 7.999332193501719424 ) ) ;
#476 = CARTESIAN_POINT ( 'NONE',  ( 0.000000000000000000, 7.504433758415631317, -4.899417217456330853 ) ) ;
#477 = VECTOR ( 'NONE', #1309, 1000.000000000000000 ) ;
#478 = CARTESIAN_POINT ( 'NONE',  ( 11.00000000000000000, -2.657066463029897907, -7.942065616297995234 ) ) ;
#479 = ADVANCED_FACE ( 'NONE', ( #3023 ), #3663, .T. ) ;
#480 = CARTESIAN_POINT ( 'NONE',  ( 6.499999999999999112, -0.6799406239591428980, -8.500517426720927361 ) ) ;
#481 = ORIENTED_EDGE ( 'NONE', *, *, #3598, .F. ) ;
#482 = CARTESIAN_POINT ( 'NONE',  ( 0.000000000000000000, 7.996971776180958003, 0.9500000326984660015 ) ) ;
#483 = PLANE ( 'NONE',  #1544 ) ;
#484 = CARTESIAN_POINT ( 'NONE',  ( 20.00000000000000000, 9.999999999999998224, 1.159323752073688904E-15 ) ) ;
#485 = DIRECTION ( 'NONE',  ( -1.000000000000000000, -0.000000000000000000, -0.000000000000000000 ) ) ;
#486 = LINE ( 'NONE', #879, #588 ) ;
#487 = CARTESIAN_POINT ( 'NONE',  ( 11.00000000000000000, 4.819412612276794405, 4.692107393183630570 ) ) ;
#488 = CARTESIAN_POINT ( 'NONE',  ( -6.938893903907228378E-15, 8.795726536140849205, -6.854604630103299456 ) ) ;
#489 = VECTOR ( 'NONE', #1414, 1000.000000000000000 ) ;
#490 = CARTESIAN_POINT ( 'NONE',  ( 5.000000000000000000, 3.271255876954616060, 7.885017484777672614 ) ) ;
#491 = CARTESIAN_POINT ( 'NONE',  ( 13.00000000000000178, 2.660112973922829749, 7.942065616298227937 ) ) ;
#492 = CARTESIAN_POINT ( 'NONE',  ( 6.500000000000000888, 0.9500000000000734524, -6.999999999999995559 ) ) ;
#493 = CARTESIAN_POINT ( 'NONE',  ( 13.42074368738218837, -0.9500000000000297096, 8.500000000000000000 ) ) ;
#494 = DIRECTION ( 'NONE',  ( 1.000000000000000000, -0.000000000000000000, -0.000000000000000000 ) ) ;
#495 = ORIENTED_EDGE ( 'NONE', *, *, #3904, .F. ) ;
#496 = CARTESIAN_POINT ( 'NONE',  ( 20.00000000000000000, 7.932685630013924794, 2.645739012952767588 ) ) ;
#497 = CARTESIAN_POINT ( 'NONE',  ( 13.42074368738218837, 0.9499999999999757527, 7.000000000000007994 ) ) ;
#498 = CARTESIAN_POINT ( 'NONE',  ( 13.00000000000000178, 7.977894848674130124, -1.862506083701936932 ) ) ;
#499 = CARTESIAN_POINT ( 'NONE',  ( 5.000000000000000888, -7.721164452782213417, 4.116547995452068065 ) ) ;
#500 = VERTEX_POINT ( 'NONE', #188 ) ;
#501 = CARTESIAN_POINT ( 'NONE',  ( 0.000000000000000000, 7.954734997325215495, 2.333320861749619279 ) ) ;
#502 = DIRECTION ( 'NONE',  ( -0.000000000000000000, -3.614007241618350743E-15, 1.000000000000000000 ) ) ;
#503 = CARTESIAN_POINT ( 'NONE',  ( 0.000000000000000000, 4.901036284322612957, 9.597547811488784220 ) ) ;
#504 = ORIENTED_EDGE ( 'NONE', *, *, #3959, .F. ) ;
#505 = CARTESIAN_POINT ( 'NONE',  ( 20.00000000000000000, -7.361714456440144438, 5.257907453389930374 ) ) ;
#506 = CARTESIAN_POINT ( 'NONE',  ( 11.00000000000000000, 0.001523255446458854530, 5.499999854980723413 ) ) ;
#507 = CARTESIAN_POINT ( 'NONE',  ( 11.00000000000000000, 7.996962117353907828, -0.9500000000000001776 ) ) ;
#508 = VECTOR ( 'NONE', #741, 1000.000000000000000 ) ;
#509 = CARTESIAN_POINT ( 'NONE',  ( 11.00000000000000355, 7.996290777135950378, 1.018139616103213019 ) ) ;
#510 = CARTESIAN_POINT ( 'NONE',  ( 13.00000000000000178, 0.001523255446463615262, -5.499999854980488045 ) ) ;
#511 = CARTESIAN_POINT ( 'NONE',  ( 20.00000000000000000, -7.867542871793015813, -3.260513804450916542 ) ) ;
#512 = CARTESIAN_POINT ( 'NONE',  ( 13.42074368738218837, 7.000000000000004441, -0.9500000000000000666 ) ) ;
#513 = ORIENTED_EDGE ( 'NONE', *, *, #24, .F. ) ;
#514 = CARTESIAN_POINT ( 'NONE',  ( 13.00000000000000178, 5.821275128020391598, 7.103874531599575270 ) ) ;
#515 = EDGE_CURVE ( 'NONE', #751, #1904, #1723, .T. ) ;
#516 = B_SPLINE_CURVE_WITH_KNOTS ( 'NONE', 3,
 ( #429, #3018, #1987, #1760, #3948, #1719, #1697, #1054, #1094, #2710, #1431, #785, #3615, #1676, #2049, #1739, #2628, #3909, #2030, #473, #184, #2317, #804, #3575, #1410, #2669, #2337, #1136, #3595, #2690, #3246, #2957 ),
 .UNSPECIFIED., .F., .F.,
 ( 4, 2, 2, 2, 2, 2, 2, 2, 2, 2, 2, 2, 2, 2, 2, 4 ),
 ( 0.000000000000000000, 0.03124999999999988898, 0.06249999999999988898, 0.09374999999999976408, 0.1249999999999997780, 0.1562499999999997780, 0.1874999999999996392, 0.2187499999999996669, 0.2499999999999996669, 0.2812499999999996669, 0.3124999999999995559, 0.3437499999999995004, 0.3749999999999995559, 0.4999999999999997224, 0.6249999999999996669, 0.7386033044862542196 ),
 .UNSPECIFIED. ) ;
#517 = CARTESIAN_POINT ( 'NONE',  ( 20.00000000000000000, -7.885378254366916195, 3.110230222913479281 ) ) ;
#518 = LINE ( 'NONE', #497, #1636 ) ;
#519 = CARTESIAN_POINT ( 'NONE',  ( 5.000000000000001776, 7.983313762654077550, -1.702190156616459227 ) ) ;
#520 = CARTESIAN_POINT ( 'NONE',  ( 13.00000000000000178, 7.104206476702478845, -5.820499722137300935 ) ) ;
#521 = CARTESIAN_POINT ( 'NONE',  ( 0.000000000000000000, -0.9500000000000276001, 7.997106055648602663 ) ) ;
#522 = ORIENTED_EDGE ( 'NONE', *, *, #3212, .T. ) ;
#523 = CARTESIAN_POINT ( 'NONE',  ( 0.000000000000000000, 7.932685630013924794, 2.645739012952767588 ) ) ;
#524 = FACE_OUTER_BOUND ( 'NONE', #1768, .T. ) ;
#525 = CARTESIAN_POINT ( 'NONE',  ( 0.000000000000000000, 2.203757848894326354, 9.983457728216011517 ) ) ;
#526 = ORIENTED_EDGE ( 'NONE', *, *, #1020, .F. ) ;
#527 = CARTESIAN_POINT ( 'NONE',  ( 20.00000000000000000, 0.001523255446453698064, 8.000000580077024637 ) ) ;
#528 = CARTESIAN_POINT ( 'NONE',  ( 12.99999999999999467, 5.500000000000020428, 0.4083238538074149271 ) ) ;
#529 = CARTESIAN_POINT ( 'NONE',  ( 10.99999999999999467, 7.989328189298939620, -1.479009156906180511 ) ) ;
#530 = VECTOR ( 'NONE', #1810, 1000.000000000000000 ) ;
#531 = CARTESIAN_POINT ( 'NONE',  ( 5.000000000000000000, 7.546993110261269955, -4.773512810947013740 ) ) ;
#532 = CARTESIAN_POINT ( 'NONE',  ( 10.99999999999999645, 7.996825621997222022, 0.9641821652470711213 ) ) ;
#533 = FACE_OUTER_BOUND ( 'NONE', #10, .T. ) ;
#534 = EDGE_CURVE ( 'NONE', #3617, #206, #1142, .T. ) ;
#535 = CARTESIAN_POINT ( 'NONE',  ( 20.00000000000000000, -47.72059531467550642, -9.999999999999859668 ) ) ;
#536 = CARTESIAN_POINT ( 'NONE',  ( 2.000000000000001776, 0.9499999999999757527, 7.000000000000007994 ) ) ;
#537 = ORIENTED_EDGE ( 'NONE', *, *, #1974, .F. ) ;
#538 = CARTESIAN_POINT ( 'NONE',  ( 0.000000000000000000, 10.00000000000000355, -4.793002917534356401E-14 ) ) ;
#539 = EDGE_CURVE ( 'NONE', #1055, #283, #202, .T. ) ;
#540 = CARTESIAN_POINT ( 'NONE',  ( 20.00000000000000000, -7.980267251761149261, 1.702190156616689709 ) ) ;
#541 = CARTESIAN_POINT ( 'NONE',  ( 11.00000000000000000, 5.500000000000003553, -2.889476327351148832E-13 ) ) ;
#542 = CARTESIAN_POINT ( 'NONE',  ( 20.00000000000000000, 3.382710778154773834E-13, 10.00000000000015099 ) ) ;
#543 = CARTESIAN_POINT ( 'NONE',  ( 0.000000000000000000, -7.621337701171542633, 4.518215179558059624 ) ) ;
#544 = CARTESIAN_POINT ( 'NONE',  ( 0.000000000000000000, -6.199976180397069214, 6.842559245454946648 ) ) ;
#545 = EDGE_CURVE ( 'NONE', #2542, #2300, #2290, .T. ) ;
#546 = CARTESIAN_POINT ( 'NONE',  ( 20.00000000000000000, 0.7000379167083684573, -8.000532588362069930 ) ) ;
#547 = DIRECTION ( 'NONE',  ( -0.000000000000000000, 1.000000000000000000, 7.228014483236703211E-17 ) ) ;
#548 = CARTESIAN_POINT ( 'NONE',  ( 0.000000000000000000, 6.376839101563200884, 9.057530382100665634 ) ) ;
#549 = ORIENTED_EDGE ( 'NONE', *, *, #289, .T. ) ;
#550 = B_SPLINE_CURVE_WITH_KNOTS ( 'NONE', 3,
 ( #2045, #1366, #1070, #116, #3303, #404, #2333, #2686, #3944, #2003, #1110, #2624, #1672, #2932, #3881, #1050, #3571, #735, #1693, #2953, #2817, #2731, #3432, #1198, #2090, #3034, #2439, #3719, #821, #2111, #223, #906, #2774, #2462, #3367, #555, #2483, #3699, #1822, #862, #201, #2152, #1532, #4029, #1468, #3344, #597, #883, #575, #3411, #3739, #3988, #2173, #1156, #1778, #1842, #509, #3102, #2419, #532, #268 ),
 .UNSPECIFIED., .F., .F.,
 ( 4, 1, 2, 2, 1, 1, 1, 1, 2, 2, 1, 1, 1, 1, 1, 2, 2, 1, 2, 2, 2, 2, 2, 1, 2, 2, 1, 1, 1, 1, 1, 2, 2, 1, 1, 1, 1, 2, 2, 1, 1, 4 ),
 ( 0.05594424355797746745, 0.05941278026136240925, 0.06114704861305485933, 0.06288131696474730248, 0.06981839037151713057, 0.08369253718505678674, 0.1114408308121361546, 0.1183779042189059966, 0.1218464409222909106, 0.1253149776256758108, 0.1391891244392153837, 0.1669374180662944462, 0.2224340053204527101, 0.2363081521339922275, 0.2432452255407619168, 0.2467137622441468725, 0.2501822989475317449, 0.2779305925746113348, 0.3334271798287704036, 0.3889237670829295279, 0.4999169415912477765, 0.6109101160995659141, 0.6664067033537249829, 0.7219032906078839407, 0.7496515842349633640, 0.7531201209383483475, 0.7565886576417333309, 0.7635257310485031867, 0.7773998778620430095, 0.8328964651162027444, 0.8606447587432825008, 0.8745189055568225456, 0.8779874422602075290, 0.8814559789635925124, 0.8883930523703623683, 0.9161413459974419027, 0.9300154928109818364, 0.9369525662177518033, 0.9378197003935979659, 0.9386868345694442395, 0.9404211029211365647, 0.9438896396245214371 ),
 .UNSPECIFIED. ) ;
#551 = CARTESIAN_POINT ( 'NONE',  ( 13.00000000000000178, 0.001523255446453698064, 8.000000580077024637 ) ) ;
#552 = CARTESIAN_POINT ( 'NONE',  ( 11.00000000000000000, 4.882887968213838192, 4.608772051037313133 ) ) ;
#553 = CARTESIAN_POINT ( 'NONE',  ( 6.500000000000000888, 0.000000000000000000, 0.000000000000000000 ) ) ;
#554 = CARTESIAN_POINT ( 'NONE',  ( 5.000000000000000888, 0.9499999999999485523, -7.997135450844472082 ) ) ;
#555 = CARTESIAN_POINT ( 'NONE',  ( 11.00000000000000178, 7.674883685259812793, 4.349571009525683429 ) ) ;
#556 = CARTESIAN_POINT ( 'NONE',  ( 11.00000000000000000, 4.693626143160524400, -4.818133009941723444 ) ) ;
#557 = DIRECTION ( 'NONE',  ( 0.000000000000000000, 3.614007241618350743E-15, -1.000000000000000000 ) ) ;
#558 = FACE_OUTER_BOUND ( 'NONE', #707, .T. ) ;
#559 = VERTEX_POINT ( 'NONE', #3220 ) ;
#560 = VECTOR ( 'NONE', #140, 1000.000000000000000 ) ;
#561 = CARTESIAN_POINT ( 'NONE',  ( 0.000000000000000000, 3.368335470299244960, 9.888392719585777257 ) ) ;
#562 = CARTESIAN_POINT ( 'NONE',  ( 20.00000000000000000, -7.751014368456739412, 3.975098189427029638 ) ) ;
#563 = CARTESIAN_POINT ( 'NONE',  ( -3.469446951953614189E-15, -7.803723475457480241, -3.693151717295236391 ) ) ;
#564 = CARTESIAN_POINT ( 'NONE',  ( -8.673617379884035472E-16, 7.996738530761505537, -0.9750072176245153655 ) ) ;
#565 = CARTESIAN_POINT ( 'NONE',  ( 20.00000000000000000, 6.837508212473188962, 8.806024165814488214 ) ) ;
#566 = CARTESIAN_POINT ( 'NONE',  ( 6.500000000000000888, -0.9500000000000272671, 7.750075612333781727 ) ) ;
#567 = CARTESIAN_POINT ( 'NONE',  ( 6.500000000000000888, 8.500000000000021316, 0.6810074227074479625 ) ) ;
#568 = CARTESIAN_POINT ( 'NONE',  ( 5.000000000000000000, -3.961258559891172037, -8.324856479215943850 ) ) ;
#569 = CARTESIAN_POINT ( 'NONE',  ( 20.00000000000000000, 0.3923409040902952616, 10.00029881779626351 ) ) ;
#570 = ORIENTED_EDGE ( 'NONE', *, *, #2216, .F. ) ;
#571 = CARTESIAN_POINT ( 'NONE',  ( 20.00000000000000000, -1.373354731173075383, 7.999332193501715871 ) ) ;
#572 = CARTESIAN_POINT ( 'NONE',  ( 11.00000000000000355, -1.179792533118624531, -7.994410418120710737 ) ) ;
#573 = CARTESIAN_POINT ( 'NONE',  ( 6.500000000000000888, -3.986703887527480727, -7.750075612333798603 ) ) ;
#574 = CARTESIAN_POINT ( 'NONE',  ( 5.000000000000000000, 4.919808755959280688, -7.521274650040940202 ) ) ;
#575 = CARTESIAN_POINT ( 'NONE',  ( 11.00000000000000000, 7.973263043262631022, 1.962906168859460232 ) ) ;
#576 = CARTESIAN_POINT ( 'NONE',  ( 13.00000000000000178, 2.855206409138233870, -5.407318554255646781 ) ) ;
#577 = LINE ( 'NONE', #864, #2698 ) ;
#578 = CARTESIAN_POINT ( 'NONE',  ( 2.000000000000002220, 0.000000000000000000, 7.750075612333781727 ) ) ;
#579 = EDGE_LOOP ( 'NONE', ( #85, #3039, #2560 ) ) ;
#580 = CARTESIAN_POINT ( 'NONE',  ( -3.469446951953614189E-15, -7.361714456440171084, -5.257907453389651486 ) ) ;
#581 = CARTESIAN_POINT ( 'NONE',  ( 20.00000000000000000, -7.621337701171542633, 4.518215179558059624 ) ) ;
#582 = CARTESIAN_POINT ( 'NONE',  ( 5.000000000000000888, -7.885378254366919748, -3.110230222913257681 ) ) ;
#583 = CARTESIAN_POINT ( 'NONE',  ( 5.000000000000001776, 7.888424765259851590, -3.110230222913241249 ) ) ;
#584 = CARTESIAN_POINT ( 'NONE',  ( 0.000000000000000000, -7.101159965809617169, 5.820499722137403964 ) ) ;
#585 = VECTOR ( 'NONE', #1241, 1000.000000000000000 ) ;
#586 = CARTESIAN_POINT ( 'NONE',  ( 0.000000000000000000, -0.9500000000001148637, -6.999999999999920064 ) ) ;
#587 = CARTESIAN_POINT ( 'NONE',  ( 11.00000000000000000, -0.9500000000022790214, 7.997106055648579570 ) ) ;
#588 = VECTOR ( 'NONE', #1837, 1000.000000000000000 ) ;
#589 = DIRECTION ( 'NONE',  ( -1.000000000000000000, -0.000000000000000000, -0.000000000000000000 ) ) ;
#590 = ADVANCED_FACE ( 'NONE', ( #2164 ), #3752, .F. ) ;
#591 = EDGE_LOOP ( 'NONE', ( #1161, #1806, #1948, #2676, #2837, #22, #1065, #3866, #964, #4034, #2498, #3349, #3383, #2959, #1260, #3361, #2020, #131, #3415, #2608, #2697, #350, #537 ) ) ;
#592 = EDGE_CURVE ( 'NONE', #611, #3126, #940, .T. ) ;
#593 = CARTESIAN_POINT ( 'NONE',  ( 13.00000000000000178, -5.818228617127482849, 7.103874531599563724 ) ) ;
#594 = CARTESIAN_POINT ( 'NONE',  ( 11.00000000000000000, 0.9499999999999488853, -7.997135450844472082 ) ) ;
#595 = CARTESIAN_POINT ( 'NONE',  ( 5.000000000000000000, 7.659307731806804576, -4.388453230966465668 ) ) ;
#596 = EDGE_CURVE ( 'NONE', #3255, #3335, #2875, .T. ) ;
#597 = CARTESIAN_POINT ( 'NONE',  ( 10.99999999999999822, 7.971273871432366320, 2.008707155217953400 ) ) ;
#598 = CARTESIAN_POINT ( 'NONE',  ( 11.00000000000000000, 5.007504352881252174, -4.413953308678520315 ) ) ;
#599 = CARTESIAN_POINT ( 'NONE',  ( 11.00000000000000000, 7.994340404933882205, -1.198537620874680965 ) ) ;
#600 = DIRECTION ( 'NONE',  ( 1.000000000000000000, 0.000000000000000000, -0.000000000000000000 ) ) ;
#601 = EDGE_LOOP ( 'NONE', ( #2629, #31, #2393, #2347, #3436, #2297, #3519, #150, #2691, #2383, #81, #3743, #1001, #637 ) ) ;
#602 = ADVANCED_FACE ( 'NONE', ( #1961 ), #3239, .F. ) ;
#603 = CARTESIAN_POINT ( 'NONE',  ( 5.000000000000000888, -7.410259770593713213, -5.141652362973361257 ) ) ;
#604 = CARTESIAN_POINT ( 'NONE',  ( 13.00000000000000178, -7.988495504997545460, 1.370157565731179972 ) ) ;
#605 = CARTESIAN_POINT ( 'NONE',  ( 20.00000000000000000, 8.517584496679415196, -7.271227662707879347 ) ) ;
#606 = LINE ( 'NONE', #1871, #2846 ) ;
#607 = CARTESIAN_POINT ( 'NONE',  ( 20.00000000000000000, 9.592557225584055658, 4.922082116025720211 ) ) ;
#608 = CARTESIAN_POINT ( 'NONE',  ( 6.500000000000000888, -3.935974348740900020, 7.760463980647771542 ) ) ;
#609 = EDGE_CURVE ( 'NONE', #1826, #3682, #3115, .T. ) ;
#610 = CARTESIAN_POINT ( 'NONE',  ( 20.00000000000000000, -7.656261220913871846, -4.388453230966482543 ) ) ;
#611 = VERTEX_POINT ( 'NONE', #3924 ) ;
#612 = CARTESIAN_POINT ( 'NONE',  ( 11.00000000000000000, -6.519747295085047689, -6.522789215968461285 ) ) ;
#613 = CARTESIAN_POINT ( 'NONE',  ( 0.000000000000000000, 9.994226508186198288, -1.603055307975489008 ) ) ;
#614 = CARTESIAN_POINT ( 'NONE',  ( 0.000000000000000000, -8.500000000000033751, 0.9500000000001987965 ) ) ;
#615 = CARTESIAN_POINT ( 'NONE',  ( 2.000000000000002220, -54.99999999999965894, 7.750075612333781727 ) ) ;
#616 = CARTESIAN_POINT ( 'NONE',  ( 0.000000000000000000, -5.818228617127631175, -7.103874531599259079 ) ) ;
#617 = CARTESIAN_POINT ( 'NONE',  ( 6.500000000000001776, 7.659307731806791253, 4.388453230966709917 ) ) ;
#618 = ORIENTED_EDGE ( 'NONE', *, *, #609, .T. ) ;
#619 = FACE_OUTER_BOUND ( 'NONE', #3910, .T. ) ;
#620 = CARTESIAN_POINT ( 'NONE',  ( 20.00000000000000000, 7.999999999999998224, 7.126224442713237591E-14 ) ) ;
#621 = CARTESIAN_POINT ( 'NONE',  ( 20.00000000000000000, 9.739256424143782453, -4.284627123311069319 ) ) ;
#622 = DIRECTION ( 'NONE',  ( -0.000000000000000000, 0.9396926207859068736, 0.3420201433256731538 ) ) ;
#623 = CARTESIAN_POINT ( 'NONE',  ( 20.00000000000000000, 5.404655749103294937, 9.450800041127486395 ) ) ;
#624 = VECTOR ( 'NONE', #3656, 1000.000000000000000 ) ;
#625 = PRODUCT_CONTEXT ( 'NONE', #1523, 'mechanical' ) ;
#626 = CARTESIAN_POINT ( 'NONE',  ( 13.00000000000000178, -7.721164452782224075, -4.116547995451790065 ) ) ;
#627 = VERTEX_POINT ( 'NONE', #3634 ) ;
#628 = B_SPLINE_SURFACE_WITH_KNOTS ( 'NONE', 3, 1, ( 
 ( #1651, #1978 ),
 ( #2621, #3878 ),
 ( #3586, #2599 ),
 ( #1046, #2042 ),
 ( #2308, #3567 ),
 ( #732, #1999 ),
 ( #1732, #3259 ),
 ( #1402, #2660 ),
 ( #421, #775 ),
 ( #3299, #465 ),
 ( #3940, #1107 ) ),
 .UNSPECIFIED., .F., .F., .F.,
 ( 4, 1, 1, 1, 1, 1, 1, 1, 4 ),
 ( 2, 2 ),
 ( 0.05598378939387904651, 0.1739938105616162245, 0.2920038317293534025, 0.4100138528970905805, 0.5280238740648277584, 0.6460338952325649364, 0.7640439164003021144, 0.8820539375680392924, 1.000063958735776470 ),
 ( 0.000000000000000000, 1.000000000000000000 ),
 .UNSPECIFIED. ) ;
#629 = ADVANCED_FACE ( 'NONE', ( #2377 ), #2070, .F. ) ;
#630 = CARTESIAN_POINT ( 'NONE',  ( 11.00000000000000178, 1.472860030405577003, -7.989379187286496986 ) ) ;
#631 = CARTESIAN_POINT ( 'NONE',  ( 13.42074368738218837, 8.500000000000003553, 0.9499999999999999556 ) ) ;
#632 = DIRECTION ( 'NONE',  ( -1.000000000000000000, 0.000000000000000000, -0.000000000000000000 ) ) ;
#633 = CARTESIAN_POINT ( 'NONE',  ( -0.01110256445313248519, 0.001523255446458854530, 5.499999854980723413 ) ) ;
#634 = CARTESIAN_POINT ( 'NONE',  ( 0.000000000000000000, -2.657066463029897907, -7.942065616297995234 ) ) ;
#635 = CARTESIAN_POINT ( 'NONE',  ( 6.500000000000001776, 7.754060879349655266, 3.975098189427046069 ) ) ;
#636 = ORIENTED_EDGE ( 'NONE', *, *, #2803, .T. ) ;
#637 = ORIENTED_EDGE ( 'NONE', *, *, #2803, .F. ) ;
#638 = CARTESIAN_POINT ( 'NONE',  ( 6.500000000000000888, -5.615376140553725470, -7.750075612333780839 ) ) ;
#639 = CARTESIAN_POINT ( 'NONE',  ( 20.00000000000000000, 3.368335470299270717, -9.888392719585535673 ) ) ;
#640 = CARTESIAN_POINT ( 'NONE',  ( -8.673617379884035472E-16, 7.413306281486648608, -5.141652362973346158 ) ) ;
#641 = DIRECTION ( 'NONE',  ( -1.000000000000000000, 0.000000000000000000, 0.000000000000000000 ) ) ;
#642 = EDGE_LOOP ( 'NONE', ( #2211, #3580, #1472, #66 ) ) ;
#643 = B_SPLINE_CURVE_WITH_KNOTS ( 'NONE', 3,
 ( #1459, #546, #2986, #1746, #3070, #2454, #3006, #3625, #3711, #874, #2143, #171, #3935, #1124, #1769, #2390, #1625, #1022, #2554, #2848, #3174, #2597, #2832, #1976, #2866, #1000, #3484, #710, #1606, #2285, #1315, #2576, #3812, #2265, #3192, #2908 ),
 .UNSPECIFIED., .F., .F.,
 ( 4, 2, 2, 2, 2, 2, 2, 2, 2, 2, 2, 2, 2, 2, 2, 2, 2, 4 ),
 ( 0.000000000000000000, 0.1250000000000000278, 0.2500000000000000555, 0.3750000000000001110, 0.5000000000000001110, 0.6250000000000001110, 0.6562500000000001110, 0.6875000000000001110, 0.7187500000000001110, 0.7500000000000002220, 0.7812500000000002220, 0.8125000000000002220, 0.8437500000000002220, 0.8750000000000002220, 0.9062500000000002220, 0.9375000000000002220, 0.9687500000000001110, 1.000000000000000000 ),
 .UNSPECIFIED. ) ;
#644 = CARTESIAN_POINT ( 'NONE',  ( 0.000000000000000000, 7.413306281486634397, 5.141652362973592183 ) ) ;
#645 = DIRECTION ( 'NONE',  ( 0.000000000000000000, 0.000000000000000000, 1.000000000000000000 ) ) ;
#646 = CARTESIAN_POINT ( 'NONE',  ( 13.00000000000000178, -7.996002401241772972, -0.6768666228592719047 ) ) ;
#647 = ORIENTED_EDGE ( 'NONE', *, *, #460, .F. ) ;
#648 = CARTESIAN_POINT ( 'NONE',  ( 11.00000000000000000, 7.815293103401104169, -3.636726929589633617 ) ) ;
#649 = CARTESIAN_POINT ( 'NONE',  ( 6.500000000000000888, -5.096078780746490011, 7.992518567643992711 ) ) ;
#650 = DIRECTION ( 'NONE',  ( 0.000000000000000000, 1.000000000000000000, -3.614007241618349264E-16 ) ) ;
#651 = CARTESIAN_POINT ( 'NONE',  ( 2.000000000000001776, -7.885378254366919748, -3.110230222913257681 ) ) ;
#652 = CARTESIAN_POINT ( 'NONE',  ( 0.000000000000000000, -1.669507143417535477, -7.986120788979015117 ) ) ;
#653 = CARTESIAN_POINT ( 'NONE',  ( 6.500000000000001776, 7.963614471005002748, 2.177562438472038231 ) ) ;
#654 = ORIENTED_EDGE ( 'NONE', *, *, #3223, .T. ) ;
#655 = ORIENTED_EDGE ( 'NONE', *, *, #3772, .F. ) ;
#656 = DIRECTION ( 'NONE',  ( -0.000000000000000000, 1.000000000000000000, -0.000000000000000000 ) ) ;
#657 = CARTESIAN_POINT ( 'NONE',  ( 13.42074368738218837, -7.000000000000032863, -0.9499999999998016698 ) ) ;
#658 = CARTESIAN_POINT ( 'NONE',  ( 5.000000000000001776, 4.401471794433084561, -7.675014244674200015 ) ) ;
#659 = LINE ( 'NONE', #1265, #3069 ) ;
#660 = VERTEX_POINT ( 'NONE', #800 ) ;
#661 = CARTESIAN_POINT ( 'NONE',  ( 11.00000000000000000, 5.163387706420091483, -4.036701835579181719 ) ) ;
#662 = B_SPLINE_SURFACE_WITH_KNOTS ( 'NONE', 3, 1, ( 
 ( #359, #2892 ),
 ( #1318, #3741 ),
 ( #908, #3434 ),
 ( #599, #1865 ),
 ( #1670, #1364 ),
 ( #2971, #381 ),
 ( #3900, #3300 ),
 ( #1027, #2622 ),
 ( #3216, #755 ),
 ( #1713, #1383 ),
 ( #2911, #2351 ),
 ( #2267, #1652 ),
 ( #134, #3260 ),
 ( #401, #1088 ),
 ( #2640, #3549 ),
 ( #2662, #3879 ),
 ( #1047, #72 ),
 ( #2330, #2930 ),
 ( #733, #1342 ),
 ( #2309, #1979 ),
 ( #776, #154 ),
 ( #2581, #3921 ),
 ( #442, #3569 ),
 ( #2600, #2000 ),
 ( #3858, #1068 ),
 ( #3609, #3240 ),
 ( #1403, #3587 ),
 ( #2288, #2024 ),
 ( #466, #714 ),
 ( #422, #92 ),
 ( #1691, #2951 ),
 ( #114, #3280 ),
 ( #2043, #1733 ),
 ( #2992, #3839 ) ),
 .UNSPECIFIED., .F., .F., .F.,
 ( 4, 2, 2, 2, 2, 2, 2, 2, 2, 2, 2, 2, 2, 2, 2, 2, 4 ),
 ( 2, 2 ),
 ( 0.05800249565544549069, 0.06249999999999977796, 0.09374999999999977796, 0.1249999999999997780, 0.1562499999999997780, 0.1874999999999997780, 0.2187499999999997780, 0.2499999999999997780, 0.2812499999999998890, 0.3124999999999998890, 0.3437499999999998890, 0.3749999999999998890, 0.4999999999999998890, 0.6249999999999998890, 0.7500000000000000000, 0.8750000000000000000, 0.9425128988997195645 ),
 ( 0.000000000000000000, 1.000000000000000000 ),
 .UNSPECIFIED. ) ;
#663 = B_SPLINE_CURVE_WITH_KNOTS ( 'NONE', 3,
 ( #3458, #3535, #314, #3183, #1891, #3148, #1595, #3511, #3493, #296, #1303 ),
 .UNSPECIFIED., .F., .F.,
 ( 4, 1, 1, 1, 1, 1, 1, 1, 4 ),
 ( 0.05598378939387904651, 0.1739938105616162245, 0.2920038317293534025, 0.4100138528970905805, 0.5280238740648277584, 0.6460338952325649364, 0.7640439164003021144, 0.8820539375680392924, 1.000063958735776470 ),
 .UNSPECIFIED. ) ;
#664 = CARTESIAN_POINT ( 'NONE',  ( 2.000000000000002220, 0.000000000000000000, -7.750075612333780839 ) ) ;
#665 = DIRECTION ( 'NONE',  ( 1.000000000000000000, 0.000000000000000000, 0.000000000000000000 ) ) ;
#666 = EDGE_CURVE ( 'NONE', #174, #2712, #1344, .T. ) ;
#667 = CARTESIAN_POINT ( 'NONE',  ( 20.00000000000000000, -7.929639119121001833, -2.645739012952605052 ) ) ;
#668 = EDGE_CURVE ( 'NONE', #2812, #3030, #550, .T. ) ;
#669 = ORIENTED_EDGE ( 'NONE', *, *, #3746, .F. ) ;
#670 = CARTESIAN_POINT ( 'NONE',  ( 10.99999999999999822, 1.008000653074782038, -7.996541690599954677 ) ) ;
#671 = CARTESIAN_POINT ( 'NONE',  ( 6.500000000000000888, -2.073275153092998924, 8.498808627325365350 ) ) ;
#672 = CARTESIAN_POINT ( 'NONE',  ( 6.500000000000000888, 7.829744211270971199, -3.551969690029601168 ) ) ;
#673 = DIRECTION ( 'NONE',  ( -1.000000000000000000, -0.000000000000000000, -0.000000000000000000 ) ) ;
#674 = CARTESIAN_POINT ( 'NONE',  ( 13.00000000000000178, 0.001523255446470592970, -8.000000580076788381 ) ) ;
#675 = CARTESIAN_POINT ( 'NONE',  ( 11.00000000000000000, 7.364760967333056740, 5.257907453389946362 ) ) ;
#676 = ORIENTED_EDGE ( 'NONE', *, *, #3903, .F. ) ;
#677 = CARTESIAN_POINT ( 'NONE',  ( 6.500000000000000888, 0.6799406239592207246, 8.500517426721813763 ) ) ;
#678 = PLANE ( 'NONE',  #2366 ) ;
#679 = CARTESIAN_POINT ( 'NONE',  ( 5.000000000000000888, 0.9499999999999724221, 7.997135450844712778 ) ) ;
#680 = CARTESIAN_POINT ( 'NONE',  ( 13.00000000000000178, 0.7000379167083684573, -8.000532588362069930 ) ) ;
#681 = LINE ( 'NONE', #2842, #3193 ) ;
#682 = EDGE_LOOP ( 'NONE', ( #1285, #2845, #3513, #239, #2423, #2358, #106, #2680 ) ) ;
#683 = ORIENTED_EDGE ( 'NONE', *, *, #261, .F. ) ;
#684 = EDGE_CURVE ( 'NONE', #3682, #1988, #3678, .T. ) ;
#685 = CARTESIAN_POINT ( 'NONE',  ( 11.00000000000000000, 0.001523255446458854530, 5.499999854980723413 ) ) ;
#686 = CARTESIAN_POINT ( 'NONE',  ( 20.00000000000000000, -7.826697700378039357, -3.551969690029617599 ) ) ;
#687 = VECTOR ( 'NONE', #3099, 1000.000000000000000 ) ;
#688 = VERTEX_POINT ( 'NONE', #1221 ) ;
#689 = DIRECTION ( 'NONE',  ( 0.000000000000000000, 1.000000000000000000, -1.256228917186600745E-13 ) ) ;
#690 = CARTESIAN_POINT ( 'NONE',  ( 10.99999999999999822, 1.908963123166920850, -7.975331476135488984 ) ) ;
#691 = CARTESIAN_POINT ( 'NONE',  ( 6.500000000000000888, -5.603660037863409826, 7.755597862850675206 ) ) ;
#692 = CARTESIAN_POINT ( 'NONE',  ( 6.500000000000000888, 7.954734997325225265, -2.333320861749365704 ) ) ;
#693 = CARTESIAN_POINT ( 'NONE',  ( 2.000000000000001776, -6.839518409773001295, -6.203019186482218394 ) ) ;
#694 = B_SPLINE_SURFACE_WITH_KNOTS ( 'NONE', 3, 1, ( 
 ( #320, #338 ),
 ( #691, #1956 ),
 ( #649, #2244 ),
 ( #3545, #3854 ),
 ( #671, #4084 ),
 ( #378, #25 ),
 ( #1568, #1586 ) ),
 .UNSPECIFIED., .F., .F., .F.,
 ( 4, 1, 1, 1, 4 ),
 ( 2, 2 ),
 ( 0.6432369025900410708, 0.6460338952325503925, 0.7640439164002845729, 0.8820539375680188643, 1.000063958735753156 ),
 ( 0.000000000000000000, 1.000000000000000000 ),
 .UNSPECIFIED. ) ;
#695 = CARTESIAN_POINT ( 'NONE',  ( 12.99999999999999467, 5.500000000000003553, -2.889476327351148832E-13 ) ) ;
#696 = CARTESIAN_POINT ( 'NONE',  ( 11.00000000000000000, 7.829744211270962317, 3.551969690029802340 ) ) ;
#697 = CARTESIAN_POINT ( 'NONE',  ( 6.500000000000000888, -3.986703887528487478, 7.750075612333814590 ) ) ;
#698 = CARTESIAN_POINT ( 'NONE',  ( 11.00000000000000000, 1.482307657695025593E-18, 5.500001013597577426 ) ) ;
#699 = CARTESIAN_POINT ( 'NONE',  ( 6.500000000000000888, 0.6799406239595987556, -8.500517426721573955 ) ) ;
#700 = CARTESIAN_POINT ( 'NONE',  ( -8.673617379884035472E-16, 7.104206476702478845, -5.820499722137300935 ) ) ;
#701 = CARTESIAN_POINT ( 'NONE',  ( 20.00000000000000000, 0.3923409040902952616, 10.00029881779626351 ) ) ;
#702 = ORIENTED_EDGE ( 'NONE', *, *, #3539, .T. ) ;
#703 = ORIENTED_EDGE ( 'NONE', *, *, #2192, .F. ) ;
#704 = DIRECTION ( 'NONE',  ( 0.000000000000000000, 0.000000000000000000, -1.000000000000000000 ) ) ;
#705 = CARTESIAN_POINT ( 'NONE',  ( 0.000000000000000000, -7.991293894040946810, 1.198537620874796428 ) ) ;
#706 = CLOSED_SHELL ( 'NONE', ( #102, #1755, #1116, #1583, #1405, #1015, #479, #1881, #3952, #3399, #1049, #2277, #711, #2368, #817, #590, #3036, #629, #4080, #3692, #1331, #1551, #1774, #3107, #3521, #3294, #3150, #2886, #2057, #3517, #602, #3116, #1190, #3468, #840, #2302, #2642, #3970, #3379, #2720, #847, #2923, #3956, #1496, #2711, #46, #1855, #2748, #2188, #2059, #2361, #1706, #3700, #3465, #3388, #2142, #2284, #403, #26, #166, #1199, #1563, #2583, #2011, #156, #2616 ) ) ;
#707 = EDGE_LOOP ( 'NONE', ( #947, #3890, #2146, #3934 ) ) ;
#708 = CARTESIAN_POINT ( 'NONE',  ( 0.000000000000000000, 7.104206476702529471, 5.820499722137419063 ) ) ;
#709 = LINE ( 'NONE', #2283, #2083 ) ;
#710 = CARTESIAN_POINT ( 'NONE',  ( 20.00000000000000000, 7.977894848674130124, -1.862506083701936932 ) ) ;
#711 = ADVANCED_FACE ( 'NONE', ( #3078 ), #2794, .T. ) ;
#712 = CARTESIAN_POINT ( 'NONE',  ( 13.00000000000000178, -2.657066463029922332, 7.942065616298222608 ) ) ;
#713 = CARTESIAN_POINT ( 'NONE',  ( 5.000000000000000000, 5.059279089555468803E-13, -8.499999564942138264 ) ) ;
#714 = CARTESIAN_POINT ( 'NONE',  ( 6.500000000000002665, 4.401471794433084561, -7.675014244674200015 ) ) ;
#715 = CARTESIAN_POINT ( 'NONE',  ( -6.938893903907228378E-15, 9.739256424143782453, -4.284627123311069319 ) ) ;
#716 = CARTESIAN_POINT ( 'NONE',  ( 5.000000000000000000, 7.991542015890466644, 1.370157565731196847 ) ) ;
#717 = CARTESIAN_POINT ( 'NONE',  ( 13.00000000000000178, 6.842564920666044159, 6.203019186482348069 ) ) ;
#718 = CARTESIAN_POINT ( 'NONE',  ( 5.000000000000000888, -0.9500000000000270450, 7.997106055648604439 ) ) ;
#719 = CARTESIAN_POINT ( 'NONE',  ( 13.00000000000000178, 7.977894848674130124, -1.862506083701936932 ) ) ;
#720 = LINE ( 'NONE', #1617, #2272 ) ;
#721 = VERTEX_POINT ( 'NONE', #3122 ) ;
#722 = VERTEX_POINT ( 'NONE', #287 ) ;
#723 = LINE ( 'NONE', #2571, #2902 ) ;
#724 = VECTOR ( 'NONE', #2055, 1000.000000000000000 ) ;
#725 = CARTESIAN_POINT ( 'NONE',  ( 13.00000000000000178, -0.6969914058154272896, -8.000532588362071706 ) ) ;
#726 = VERTEX_POINT ( 'NONE', #1552 ) ;
#727 = FACE_OUTER_BOUND ( 'NONE', #994, .T. ) ;
#728 = CARTESIAN_POINT ( 'NONE',  ( 11.00000000000000000, 4.415685682162562742, 5.006672586045104012 ) ) ;
#729 = CARTESIAN_POINT ( 'NONE',  ( 18.00000000000000355, -7.980267251761149261, -1.702190156616476102 ) ) ;
#730 = ORIENTED_EDGE ( 'NONE', *, *, #3011, .T. ) ;
#731 = CARTESIAN_POINT ( 'NONE',  ( 13.00000000000000178, 5.163387706420091483, -4.036701835579181719 ) ) ;
#732 = CARTESIAN_POINT ( 'NONE',  ( 6.500000000000000888, 6.945255748662737538, 6.945581049634569126 ) ) ;
#733 = CARTESIAN_POINT ( 'NONE',  ( 11.00000000000000000, 7.624384212064461153, -4.518215179557856231 ) ) ;
#734 = CARTESIAN_POINT ( 'NONE',  ( -6.938893903907228378E-15, 6.376839101563225753, -9.057530382100420496 ) ) ;
#735 = CARTESIAN_POINT ( 'NONE',  ( 10.99999999999999822, 3.300482707029829488, 7.867669723284708816 ) ) ;
#736 = CARTESIAN_POINT ( 'NONE',  ( 6.500000000000000888, -3.961258559891172037, -8.324856479215943850 ) ) ;
#737 = DIRECTION ( 'NONE',  ( -1.000000000000000000, -0.000000000000000000, -0.000000000000000000 ) ) ;
#738 = CARTESIAN_POINT ( 'NONE',  ( 20.00000000000000000, 7.806769986350412083, -3.693151717295219516 ) ) ;
#739 = DIRECTION ( 'NONE',  ( -1.000000000000000000, 0.000000000000000000, 0.000000000000000000 ) ) ;
#740 = ORIENTED_EDGE ( 'NONE', *, *, #4078, .T. ) ;
#741 = DIRECTION ( 'NONE',  ( -1.000000000000000000, -0.000000000000000000, -0.000000000000000000 ) ) ;
#742 = B_SPLINE_CURVE_WITH_KNOTS ( 'NONE', 3,
 ( #1898, #3527, #980, #3155, #3175, #1316, #321, #3503, #692, #1627, #2246, #339, #1607, #672, #1957, #1937, #3194, #2890, #51, #2579, #3214, #379, #1650, #2909, #2505, #3547, #3237, #1045, #1066, #2928, #3607, #399, #1977, #2949 ),
 .UNSPECIFIED., .F., .F.,
 ( 4, 2, 2, 2, 2, 2, 2, 2, 2, 2, 2, 2, 2, 2, 2, 2, 4 ),
 ( 0.05800249565092898546, 0.06249999999999977796, 0.09374999999999977796, 0.1249999999999997780, 0.1562499999999997502, 0.1874999999999997780, 0.2187499999999997780, 0.2499999999999997502, 0.2812499999999998890, 0.3124999999999998890, 0.3437499999999998890, 0.3749999999999998335, 0.4999999999999998890, 0.6249999999999998890, 0.7500000000000000000, 0.8750000000000000000, 0.9425128988998585644 ),
 .UNSPECIFIED. ) ;
#743 = B_SPLINE_CURVE_WITH_KNOTS ( 'NONE', 3,
 ( #2465, #4071, #3722, #1555, #2155, #3414, #865, #3370 ),
 .UNSPECIFIED., .F., .F.,
 ( 4, 2, 2, 4 ),
 ( 0.05767502236803507404, 0.1250000000000000278, 0.2500000000000000555, 0.2613966955136678427 ),
 .UNSPECIFIED. ) ;
#744 = CARTESIAN_POINT ( 'NONE',  ( 13.00000000000000178, 6.203022691290034807, -6.842559245454685524 ) ) ;
#745 = CARTESIAN_POINT ( 'NONE',  ( 20.00000000000000000, -0.6969914058154272896, -8.000532588362071706 ) ) ;
#746 = ORIENTED_EDGE ( 'NONE', *, *, #2159, .T. ) ;
#747 = CARTESIAN_POINT ( 'NONE',  ( 0.000000000000000000, 5.821275128020391598, 7.103874531599575270 ) ) ;
#748 = AXIS2_PLACEMENT_3D ( 'NONE', #3536, #1966, #3864 ) ;
#749 = CARTESIAN_POINT ( 'NONE',  ( 11.00000000000000000, 4.600761359244930127, 4.906070953246167043 ) ) ;
#750 = CARTESIAN_POINT ( 'NONE',  ( 20.00000000000000000, 9.048677220293258827, 6.394575911346000119 ) ) ;
#751 = VERTEX_POINT ( 'NONE', #4068 ) ;
#752 = CARTESIAN_POINT ( 'NONE',  ( 13.00000000000000178, 4.060912842772490094, -5.155309817279750462 ) ) ;
#753 = EDGE_CURVE ( 'NONE', #4089, #16, #3058, .T. ) ;
#754 = CARTESIAN_POINT ( 'NONE',  ( 5.000000000000000000, 5.643552600981778689, -7.832188056507392915 ) ) ;
#755 = CARTESIAN_POINT ( 'NONE',  ( 6.500000000000002665, 7.954734997325225265, -2.333320861749365704 ) ) ;
#756 = CARTESIAN_POINT ( 'NONE',  ( 20.00000000000000000, 7.616644854208688642, -8.242746957225845605 ) ) ;
#757 = CARTESIAN_POINT ( 'NONE',  ( 5.000000000000000000, 7.546993110261257520, 4.773512810947254437 ) ) ;
#758 = CARTESIAN_POINT ( 'NONE',  ( 20.00000000000000000, 3.382710778154773834E-13, 10.00000000000015099 ) ) ;
#759 = PLANE ( 'NONE',  #2167 ) ;
#760 = CARTESIAN_POINT ( 'NONE',  ( 20.00000000000000000, 4.401471794433084561, -7.675014244674200015 ) ) ;
#761 = PLANE ( 'NONE',  #157 ) ;
#762 = ORIENTED_EDGE ( 'NONE', *, *, #317, .T. ) ;
#763 = CARTESIAN_POINT ( 'NONE',  ( 20.00000000000000000, 7.977894848674115025, 1.862506083702145210 ) ) ;
#764 = EDGE_CURVE ( 'NONE', #791, #3318, #2754, .T. ) ;
#765 = PRODUCT ( '\X2\81c2\X0\', '\X2\81c2\X0\', '', ( #625 ) ) ;
#766 = FACE_OUTER_BOUND ( 'NONE', #2637, .T. ) ;
#767 = CARTESIAN_POINT ( 'NONE',  ( 5.000000000000000888, -7.885378254366916195, 3.110230222913479281 ) ) ;
#768 = EDGE_LOOP ( 'NONE', ( #3106, #815, #2156, #2323 ) ) ;
#769 = CARTESIAN_POINT ( 'NONE',  ( 11.00000000000000000, -2.696426231474408741, 7.931429688435286174 ) ) ;
#770 = CARTESIAN_POINT ( 'NONE',  ( 2.000000000000001776, -7.751014368456739412, 3.975098189427029638 ) ) ;
#771 = CARTESIAN_POINT ( 'NONE',  ( 0.000000000000000000, 10.00000000000000711, 0.2474538092382215781 ) ) ;
#772 = EDGE_LOOP ( 'NONE', ( #1252, #3918, #170, #4045, #2251, #1572 ) ) ;
#773 = LINE ( 'NONE', #2328, #64 ) ;
#774 = VECTOR ( 'NONE', #961, 1000.000000000000000 ) ;
#775 = CARTESIAN_POINT ( 'NONE',  ( 4.999999999999999112, 8.498942797976837937, 2.079162928630180485 ) ) ;
#776 = CARTESIAN_POINT ( 'NONE',  ( 11.00000000000000000, 7.504433758415631317, -4.899417217456330853 ) ) ;
#777 = CARTESIAN_POINT ( 'NONE',  ( 20.00000000000000000, 10.00000000000000355, -4.793002917534356401E-14 ) ) ;
#778 = MANIFOLD_SOLID_BREP ( 'ÇÐ³ý-À­Éì8', #706 ) ;
#779 = CARTESIAN_POINT ( 'NONE',  ( 5.000000000000000000, 7.963614471005002748, 2.177562438472038231 ) ) ;
#780 = AXIS2_PLACEMENT_3D ( 'NONE', #2550, #334, #704 ) ;
#781 = CARTESIAN_POINT ( 'NONE',  ( 20.00000000000000000, 4.401471794433175155, 7.675014244674414066 ) ) ;
#782 = EDGE_CURVE ( 'NONE', #1056, #2919, #1294, .T. ) ;
#783 = CARTESIAN_POINT ( 'NONE',  ( 6.500000000000000888, 7.000000000000004441, -0.9500000000000000666 ) ) ;
#784 = CARTESIAN_POINT ( 'NONE',  ( 13.00000000000000178, 7.624384212064461153, -4.518215179557856231 ) ) ;
#785 = CARTESIAN_POINT ( 'NONE',  ( 18.00000000000000355, -7.929639119121005386, 2.645739012952750713 ) ) ;
#786 = EDGE_LOOP ( 'NONE', ( #1044, #4072, #292, #526 ) ) ;
#787 = CARTESIAN_POINT ( 'NONE',  ( 20.00000000000000000, 5.821275128020391598, 7.103874531599575270 ) ) ;
#788 = CARTESIAN_POINT ( 'NONE',  ( 0.000000000000000000, 7.963614471005013407, -2.177562438471818851 ) ) ;
#789 = CARTESIAN_POINT ( 'NONE',  ( 5.000000000000000000, 0.000000000000000000, 0.000000000000000000 ) ) ;
#790 = LINE ( 'NONE', #1099, #724 ) ;
#791 = VERTEX_POINT ( 'NONE', #1176 ) ;
#792 = CARTESIAN_POINT ( 'NONE',  ( 5.000000000000000888, 7.888424765259834714, 3.110230222913495712 ) ) ;
#793 = CARTESIAN_POINT ( 'NONE',  ( 11.00000000000000000, 5.472414438564502603, 2.040106069950973211 ) ) ;
#794 = LINE ( 'NONE', #2927, #4095 ) ;
#795 = EDGE_LOOP ( 'NONE', ( #2212, #2880, #3639, #702 ) ) ;
#796 = CARTESIAN_POINT ( 'NONE',  ( 13.00000000000000178, 5.500000000000029310, -0.4066469495636367837 ) ) ;
#797 = LINE ( 'NONE', #1025, #4021 ) ;
#798 = CARTESIAN_POINT ( 'NONE',  ( 12.99999999999999467, 5.500026894713686332, 0.8166491829174142847 ) ) ;
#799 = CARTESIAN_POINT ( 'NONE',  ( -6.938893903907228378E-15, 10.00000000000000355, -4.793002917534356401E-14 ) ) ;
#800 = CARTESIAN_POINT ( 'NONE',  ( 2.000000000000005329, -48.53950082113558295, -7.750075612333779951 ) ) ;
#801 = PLANE ( 'NONE',  #3618 ) ;
#802 = CARTESIAN_POINT ( 'NONE',  ( 5.000000000000000888, 0.000000000000000000, 7.000000000000005329 ) ) ;
#803 = CARTESIAN_POINT ( 'NONE',  ( 20.00000000000000000, -6.839518409773001295, -6.203019186482218394 ) ) ;
#804 = CARTESIAN_POINT ( 'NONE',  ( 18.00000000000000355, -7.501387247522704804, 4.899417217456560891 ) ) ;
#805 = ORIENTED_EDGE ( 'NONE', *, *, #1266, .T. ) ;
#806 = CARTESIAN_POINT ( 'NONE',  ( 13.00000000000000178, 7.504433758415617994, 4.899417217456576878 ) ) ;
#807 = CARTESIAN_POINT ( 'NONE',  ( 0.000000000000000000, 7.932685630013931899, -2.645739012952588176 ) ) ;
#808 = DIRECTION ( 'NONE',  ( -0.000000000000000000, 1.000000000000000000, 1.817583649719595622E-16 ) ) ;
#809 = CARTESIAN_POINT ( 'NONE',  ( 12.99999999999999467, 4.415685682162562742, 5.006672586045104012 ) ) ;
#810 = EDGE_CURVE ( 'NONE', #2106, #3371, #27, .T. ) ;
#811 = ORIENTED_EDGE ( 'NONE', *, *, #901, .F. ) ;
#812 = CARTESIAN_POINT ( 'NONE',  ( 5.000000000000000888, 7.919495878587492932, 2.802433418976869373 ) ) ;
#813 = LINE ( 'NONE', #2084, #2262 ) ;
#814 = CARTESIAN_POINT ( 'NONE',  ( 0.000000000000000000, 10.00001601634444626, 0.7583038693810940645 ) ) ;
#815 = ORIENTED_EDGE ( 'NONE', *, *, #4050, .T. ) ;
#816 = CARTESIAN_POINT ( 'NONE',  ( 20.00000000000000000, -7.543946599368344330, 4.773512810947238449 ) ) ;
#817 = ADVANCED_FACE ( 'NONE', ( #2833 ), #1238, .F. ) ;
#818 = CARTESIAN_POINT ( 'NONE',  ( 12.99999999999999467, 5.472414438564502603, 2.040106069950973211 ) ) ;
#819 = CARTESIAN_POINT ( 'NONE',  ( 6.500000000000000888, 7.994340404933870659, 1.198537620874813303 ) ) ;
#820 = VECTOR ( 'NONE', #739, 1000.000000000000000 ) ;
#821 = CARTESIAN_POINT ( 'NONE',  ( 11.00000000000000000, 5.905288014977831956, 7.044837335594090533 ) ) ;
#822 = CARTESIAN_POINT ( 'NONE',  ( 13.00000000000000178, 4.060912842772490094, -5.155309817279750462 ) ) ;
#823 = LINE ( 'NONE', #1135, #3755 ) ;
#824 = CARTESIAN_POINT ( 'NONE',  ( 13.00000000000000178, -3.935974376228208449, -7.760463975283570015 ) ) ;
#825 = ORIENTED_EDGE ( 'NONE', *, *, #1345, .T. ) ;
#826 = CARTESIAN_POINT ( 'NONE',  ( 20.00000000000000000, 7.991542015890466644, 1.370157565731196847 ) ) ;
#827 = CARTESIAN_POINT ( 'NONE',  ( 0.000000000000000000, 1.314854085905850845, -7.993626276544739007 ) ) ;
#828 = CARTESIAN_POINT ( 'NONE',  ( 5.000000000000001776, 7.724210963675156805, -4.116547995451774078 ) ) ;
#829 = CARTESIAN_POINT ( 'NONE',  ( 13.00000000000000178, 7.546993110261269955, -4.773512810947013740 ) ) ;
#830 = CARTESIAN_POINT ( 'NONE',  ( 12.99999999999999467, 5.215440310433337778, 3.860915876506642697 ) ) ;
#831 = ORIENTED_EDGE ( 'NONE', *, *, #1863, .F. ) ;
#832 = CARTESIAN_POINT ( 'NONE',  ( 5.000000000000000888, 7.932685630013924794, 2.645739012952767588 ) ) ;
#833 = CARTESIAN_POINT ( 'NONE',  ( 2.000000000000001776, -7.993925265593016860, 0.9500000000001986855 ) ) ;
#834 = CARTESIAN_POINT ( 'NONE',  ( 20.00000000000000000, 7.256833203547834898, 8.528140683638138597 ) ) ;
#835 = ORIENTED_EDGE ( 'NONE', *, *, #1624, .T. ) ;
#836 = EDGE_CURVE ( 'NONE', #3231, #2535, #2555, .T. ) ;
#837 = CARTESIAN_POINT ( 'NONE',  ( 20.00000000000000000, -7.988495504997545460, 1.370157565731179972 ) ) ;
#838 = CARTESIAN_POINT ( 'NONE',  ( 12.99999999999999467, 5.156146663284949305, 4.058982713292728306 ) ) ;
#839 = CARTESIAN_POINT ( 'NONE',  ( 6.500000000000000888, 7.996738530762002028, 0.9750072175743491609 ) ) ;
#840 = ADVANCED_FACE ( 'NONE', ( #3761 ), #357, .T. ) ;
#841 = LINE ( 'NONE', #2450, #1257 ) ;
#842 = CARTESIAN_POINT ( 'NONE',  ( 2.000000000000002220, 0.000000000000000000, -7.750075612333780839 ) ) ;
#843 = CARTESIAN_POINT ( 'NONE',  ( 13.00000000000000178, 5.359958319163709461, -3.242244432248527097 ) ) ;
#844 = LINE ( 'NONE', #1276, #774 ) ;
#845 = DIRECTION ( 'NONE',  ( 0.000000000000000000, 3.195543245220434225E-15, -1.000000000000000000 ) ) ;
#846 = ORIENTED_EDGE ( 'NONE', *, *, #1575, .T. ) ;
#847 = ADVANCED_FACE ( 'NONE', ( #2193 ), #2521, .T. ) ;
#848 = CARTESIAN_POINT ( 'NONE',  ( 20.00000000000000000, 0.7000379167083362608, 8.000532588362306186 ) ) ;
#849 = CARTESIAN_POINT ( 'NONE',  ( 20.00000000000000000, -7.101159965809617169, 5.820499722137403964 ) ) ;
#850 = DIRECTION ( 'NONE',  ( 0.000000000000000000, -4.565061778886335030E-16, -1.000000000000000000 ) ) ;
#851 = CARTESIAN_POINT ( 'NONE',  ( 5.000000000000001776, 7.870589382685947655, -3.260513804450900111 ) ) ;
#852 = CARTESIAN_POINT ( 'NONE',  ( 0.000000000000000000, -7.656261220913877175, 4.388453230966693042 ) ) ;
#853 = CARTESIAN_POINT ( 'NONE',  ( 0.000000000000000000, -7.826697700378044686, 3.551969690029785909 ) ) ;
#854 = CARTESIAN_POINT ( 'NONE',  ( 5.000000000000000000, -3.961258559890256326, 8.324856479216730776 ) ) ;
#855 = LINE ( 'NONE', #237, #2605 ) ;
#856 = CARTESIAN_POINT ( 'NONE',  ( 0.000000000000000000, 3.382710778154773834E-13, 10.00000000000015099 ) ) ;
#857 = ORIENTED_EDGE ( 'NONE', *, *, #1791, .T. ) ;
#858 = CARTESIAN_POINT ( 'NONE',  ( 20.00000000000000000, -7.751014368456739412, 3.975098189427029638 ) ) ;
#859 = CARTESIAN_POINT ( 'NONE',  ( 12.99999999999999467, 3.244071727962475116, 5.360521218167641599 ) ) ;
#860 = CARTESIAN_POINT ( 'NONE',  ( 6.500000000000000888, 7.919495878587492932, 2.802433418976869373 ) ) ;
#861 = CARTESIAN_POINT ( 'NONE',  ( 0.000000000000000000, 7.935626209784367724, -7.946779887101810047 ) ) ;
#862 = CARTESIAN_POINT ( 'NONE',  ( 11.00000000000000178, 7.790080399284693868, 3.781546310451898041 ) ) ;
#863 = CARTESIAN_POINT ( 'NONE',  ( 11.00000000000000000, 3.862800328566350583, -5.214392422593067344 ) ) ;
#864 = CARTESIAN_POINT ( 'NONE',  ( 0.000000000000000000, 0.9499999999999757527, 7.000000000000007994 ) ) ;
#865 = CARTESIAN_POINT ( 'NONE',  ( 4.999999999999999112, -3.935974348740220119, -7.760463980647683613 ) ) ;
#866 = ORIENTED_EDGE ( 'NONE', *, *, #2443, .T. ) ;
#867 = CARTESIAN_POINT ( 'NONE',  ( 0.000000000000000000, 6.376839101563200884, 9.057530382100665634 ) ) ;
#868 = CARTESIAN_POINT ( 'NONE',  ( 13.00000000000000178, -7.410259770593721207, 5.141652362973576196 ) ) ;
#869 = CARTESIAN_POINT ( 'NONE',  ( 0.000000000000000000, 1.671588707556180387, -7.986163835401684175 ) ) ;
#870 = CARTESIAN_POINT ( 'NONE',  ( 11.00000000000000000, 0.0005077518126913240382, -5.500000627910791806 ) ) ;
#871 = CARTESIAN_POINT ( 'NONE',  ( 20.00000000000000000, 8.517584496679393880, 7.271227662708128925 ) ) ;
#872 = CARTESIAN_POINT ( 'NONE',  ( 5.000000000000000888, -7.803723475457496228, 3.693151717295410918 ) ) ;
#873 = UNCERTAINTY_MEASURE_WITH_UNIT (LENGTH_MEASURE( 1.000000000000000082E-05 ), #3753, 'distance_accuracy_value', 'NONE');
#874 = CARTESIAN_POINT ( 'NONE',  ( 20.00000000000000000, 6.842564920665938466, -6.203019186482203295 ) ) ;
#875 = DIRECTION ( 'NONE',  ( 0.000000000000000000, 3.971603747630718475E-14, 1.000000000000000000 ) ) ;
#876 = LINE ( 'NONE', #3117, #2518 ) ;
#877 = VECTOR ( 'NONE', #2787, 1000.000000000000000 ) ;
#878 = ORIENTED_EDGE ( 'NONE', *, *, #782, .F. ) ;
#879 = CARTESIAN_POINT ( 'NONE',  ( 20.00000000000000000, -54.18109449353947582, 7.750075612333781727 ) ) ;
#880 = DIRECTION ( 'NONE',  ( -1.000000000000000000, 0.000000000000000000, 0.000000000000000000 ) ) ;
#881 = CARTESIAN_POINT ( 'NONE',  ( 6.500000000000000888, 7.413306281486634397, 5.141652362973592183 ) ) ;
#882 = CARTESIAN_POINT ( 'NONE',  ( 5.000000000000000000, 7.870589382685947655, -3.260513804450900111 ) ) ;
#883 = CARTESIAN_POINT ( 'NONE',  ( 11.00000000000000000, 7.971880035871537373, 1.994967750686209573 ) ) ;
#884 = CARTESIAN_POINT ( 'NONE',  ( 11.00000000000000000, 0.8183315972652314141, -5.500293231853421005 ) ) ;
#885 = CARTESIAN_POINT ( 'NONE',  ( 20.00000000000000000, -7.995047824244162271, -0.8514301556692025486 ) ) ;
#886 = DIRECTION ( 'NONE',  ( 0.000000000000000000, 3.614007241618349264E-16, 1.000000000000000000 ) ) ;
#887 = ORIENTED_EDGE ( 'NONE', *, *, #1273, .F. ) ;
#888 = AXIS2_PLACEMENT_3D ( 'NONE', #612, #2575, #999 ) ;
#889 = CARTESIAN_POINT ( 'NONE',  ( 0.000000000000000000, 4.263402913510598857, 9.744407353999122279 ) ) ;
#890 = CARTESIAN_POINT ( 'NONE',  ( 13.00000000000000178, -7.995047824244156942, 0.8514301556692869255 ) ) ;
#891 = CARTESIAN_POINT ( 'NONE',  ( -3.469446951953614189E-15, -7.929639119121001833, -2.645739012952605052 ) ) ;
#892 = CARTESIAN_POINT ( 'NONE',  ( 5.000000000000001776, 7.659307731806804576, -4.388453230966465668 ) ) ;
#893 = CARTESIAN_POINT ( 'NONE',  ( 20.00000000000000000, 7.616644854208664661, 8.242746957226094295 ) ) ;
#894 = EDGE_CURVE ( 'NONE', #4082, #3896, #742, .T. ) ;
#895 = EDGE_CURVE ( 'NONE', #3957, #3628, #3856, .T. ) ;
#896 = CARTESIAN_POINT ( 'NONE',  ( 12.99999999999999467, 5.357227357212735797, 3.261163855499847219 ) ) ;
#897 = CARTESIAN_POINT ( 'NONE',  ( 6.500000000000000888, 6.945255748662737538, 6.945581049634569126 ) ) ;
#898 = CARTESIAN_POINT ( 'NONE',  ( 18.00000000000000355, -3.986703887528634915, 7.750075612333781727 ) ) ;
#899 = CARTESIAN_POINT ( 'NONE',  ( 13.00000000000000000, 5.500000000000003553, -2.888314587501383812E-13 ) ) ;
#900 = ORIENTED_EDGE ( 'NONE', *, *, #2132, .F. ) ;
#901 = EDGE_CURVE ( 'NONE', #1458, #2578, #3566, .T. ) ;
#902 = CARTESIAN_POINT ( 'NONE',  ( 20.00000000000000000, -4.916762245066584214, 7.521274650041049448 ) ) ;
#903 = LINE ( 'NONE', #2169, #3431 ) ;
#904 = LINE ( 'NONE', #553, #2869 ) ;
#905 = CARTESIAN_POINT ( 'NONE',  ( 0.000000000000000000, 8.232402828058971167, -7.628568885268041555 ) ) ;
#906 = CARTESIAN_POINT ( 'NONE',  ( 11.00000000000000000, 7.044162238359597872, 5.906343576729002010 ) ) ;
#907 = CARTESIAN_POINT ( 'NONE',  ( 13.00000000000000178, 4.610453538246905403, -4.881787256642141415 ) ) ;
#908 = CARTESIAN_POINT ( 'NONE',  ( 11.00000000000000000, 7.996487503113854700, -1.000006010947310120 ) ) ;
#909 = CARTESIAN_POINT ( 'NONE',  ( 13.00000000000000000, -3.986703930148678854, -7.750075612333780839 ) ) ;
#910 = ORIENTED_EDGE ( 'NONE', *, *, #2958, .F. ) ;
#911 = AXIS2_PLACEMENT_3D ( 'NONE', #1963, #386, #35 ) ;
#912 = CARTESIAN_POINT ( 'NONE',  ( 5.000000000000000888, -2.657066463029897907, -7.942065616297995234 ) ) ;
#913 = EDGE_CURVE ( 'NONE', #16, #976, #3902, .T. ) ;
#914 = CARTESIAN_POINT ( 'NONE',  ( 20.00000000000000000, -7.991293894040946810, 1.198537620874796428 ) ) ;
#915 = CARTESIAN_POINT ( 'NONE',  ( 20.00000000000000000, 7.616644854208688642, -8.242746957225845605 ) ) ;
#916 = CARTESIAN_POINT ( 'NONE',  ( 5.000000000000001776, 7.919495878587501814, -2.802433418976625568 ) ) ;
#917 = CARTESIAN_POINT ( 'NONE',  ( 13.00000000000000178, 0.001523255446470592970, -8.000000580076788381 ) ) ;
#918 = VECTOR ( 'NONE', #3702, 1000.000000000000000 ) ;
#919 = CARTESIAN_POINT ( 'NONE',  ( 6.500000000000000888, 8.325115491524936573, 3.958251284450287510 ) ) ;
#920 = B_SPLINE_CURVE_WITH_KNOTS ( 'NONE', 3,
 ( #3243, #96, #1051, #3572 ),
 .UNSPECIFIED., .F., .F.,
 ( 4, 4 ),
 ( 0.9998445961568975804, 1.000000000000000000 ),
 .UNSPECIFIED. ) ;
#921 = CARTESIAN_POINT ( 'NONE',  ( 13.00000000000000178, -7.980267251761149261, -1.702190156616476102 ) ) ;
#922 = ORIENTED_EDGE ( 'NONE', *, *, #3233, .T. ) ;
#923 = CARTESIAN_POINT ( 'NONE',  ( 11.00000000000000178, 5.325326341905141092, -7.338778386078360860 ) ) ;
#924 = CARTESIAN_POINT ( 'NONE',  ( 0.000000000000000000, 8.517584496679415196, -7.271227662707879347 ) ) ;
#925 = DIRECTION ( 'NONE',  ( 0.000000000000000000, 3.614007241618350743E-15, -1.000000000000000000 ) ) ;
#926 = CARTESIAN_POINT ( 'NONE',  ( 11.00000000000000000, 0.000000000000000000, -6.999999999999957367 ) ) ;
#927 = AXIS2_PLACEMENT_3D ( 'NONE', #2432, #1234, #238 ) ;
#928 = CARTESIAN_POINT ( 'NONE',  ( 0.000000000000000000, -7.951688486432296088, -2.333320861749382580 ) ) ;
#929 = CARTESIAN_POINT ( 'NONE',  ( 6.500000000000001776, 3.271255876954616060, 7.885017484777672614 ) ) ;
#930 = ORIENTED_EDGE ( 'NONE', *, *, #1371, .T. ) ;
#931 = CARTESIAN_POINT ( 'NONE',  ( 0.000000000000000000, 9.952211719080334973, 2.593577784831424093 ) ) ;
#932 = CARTESIAN_POINT ( 'NONE',  ( 20.00000000000000000, 6.842564920666044159, 6.203019186482348069 ) ) ;
#933 = CARTESIAN_POINT ( 'NONE',  ( 20.00000000000000000, 8.232402828058971167, -7.628568885268041555 ) ) ;
#934 = CARTESIAN_POINT ( 'NONE',  ( -8.673617379884035472E-16, 0.9500000000022044144, -7.997135450844450766 ) ) ;
#935 = CARTESIAN_POINT ( 'NONE',  ( 0.000000000000000000, -7.993915606461103884, 0.9500000000001985745 ) ) ;
#936 = CARTESIAN_POINT ( 'NONE',  ( 13.00000000000000178, -7.974848337781201835, -1.862506083701953807 ) ) ;
#937 = ORIENTED_EDGE ( 'NONE', *, *, #2808, .F. ) ;
#938 = CARTESIAN_POINT ( 'NONE',  ( 10.99999999999999822, 3.737300821970769071, -7.797917169859385211 ) ) ;
#939 = CARTESIAN_POINT ( 'NONE',  ( -11.62601793176951404, 7.999999999999998224, 7.126224442713237591E-14 ) ) ;
#940 = B_SPLINE_CURVE_WITH_KNOTS ( 'NONE', 3,
 ( #697, #608, #2895, #3133, #1212, #2473, #3842, #1007 ),
 .UNSPECIFIED., .F., .F.,
 ( 4, 2, 2, 4 ),
 ( 0.7386033044862591046, 0.7499999999999996669, 0.8749999999999998890, 0.9423249776319697624 ),
 .UNSPECIFIED. ) ;
#941 = SURFACE_STYLE_USAGE ( .BOTH. , #1879 ) ;
#942 = EDGE_CURVE ( 'NONE', #3757, #4089, #773, .T. ) ;
#943 = CARTESIAN_POINT ( 'NONE',  ( 6.500000000000000888, -5.615376137192962247, 7.750075613918298245 ) ) ;
#944 = CARTESIAN_POINT ( 'NONE',  ( 0.000000000000000000, -7.993692019835810569, -0.9750072208880679048 ) ) ;
#945 = CARTESIAN_POINT ( 'NONE',  ( 6.500000000000001776, 7.994340404933870659, 1.198537620874813303 ) ) ;
#946 = VERTEX_POINT ( 'NONE', #1024 ) ;
#947 = ORIENTED_EDGE ( 'NONE', *, *, #3822, .F. ) ;
#948 = DIRECTION ( 'NONE',  ( -1.000000000000000000, -0.000000000000000000, -0.000000000000000000 ) ) ;
#949 = CARTESIAN_POINT ( 'NONE',  ( 5.000000000000000888, -7.993692019869087062, -0.9750072175741801850 ) ) ;
#950 = DIRECTION ( 'NONE',  ( 0.000000000000000000, 1.000000000000000000, -2.168404344971008375E-16 ) ) ;
#951 = LINE ( 'NONE', #3165, #1817 ) ;
#952 = EDGE_LOOP ( 'NONE', ( #2654, #636, #318 ) ) ;
#953 = DIRECTION ( 'NONE',  ( -1.000000000000000000, -0.000000000000000000, -0.000000000000000000 ) ) ;
#954 = CARTESIAN_POINT ( 'NONE',  ( 20.00000000000000000, -7.996954735067952846, -0.3341008311379795037 ) ) ;
#955 = ORIENTED_EDGE ( 'NONE', *, *, #3400, .F. ) ;
#956 = CARTESIAN_POINT ( 'NONE',  ( 10.99999999999999822, 5.904828125969357799, -7.045152978325188720 ) ) ;
#957 = CARTESIAN_POINT ( 'NONE',  ( 11.00000000000000000, 8.500000000000003553, 0.9499999999999999556 ) ) ;
#958 = EDGE_CURVE ( 'NONE', #1311, #3819, #3919, .T. ) ;
#959 = CARTESIAN_POINT ( 'NONE',  ( 2.000000000000002220, -54.99999999999965894, -7.750075612333780839 ) ) ;
#960 = CARTESIAN_POINT ( 'NONE',  ( 2.000000000000001776, -7.721164452782224075, -4.116547995451790065 ) ) ;
#961 = DIRECTION ( 'NONE',  ( 0.000000000000000000, 1.000000000000000000, -0.000000000000000000 ) ) ;
#962 = CARTESIAN_POINT ( 'NONE',  ( 6.500000000000001776, 7.996738530543178847, 0.9750072393659829917 ) ) ;
#963 = ORIENTED_EDGE ( 'NONE', *, *, #2349, .F. ) ;
#964 = ORIENTED_EDGE ( 'NONE', *, *, #3589, .F. ) ;
#965 = FACE_OUTER_BOUND ( 'NONE', #601, .T. ) ;
#966 = PRODUCT_RELATED_PRODUCT_CATEGORY ( 'part', '', ( #765 ) ) ;
#967 = CARTESIAN_POINT ( 'NONE',  ( 5.000000000000000888, -7.988495504997550789, -1.370157565731070060 ) ) ;
#968 = EDGE_CURVE ( 'NONE', #1740, #1437, #1239, .T. ) ;
#969 = CARTESIAN_POINT ( 'NONE',  ( -8.673617379884035472E-16, 7.504433758415631317, -4.899417217456330853 ) ) ;
#970 = CARTESIAN_POINT ( 'NONE',  ( 6.500000000000000888, -2.657066463029897907, -7.942065616297995234 ) ) ;
#971 = VERTEX_POINT ( 'NONE', #2063 ) ;
#972 = CARTESIAN_POINT ( 'NONE',  ( 20.00000000000000000, 8.000001245960866925, 0.3341008311379889961 ) ) ;
#973 = CARTESIAN_POINT ( 'NONE',  ( 0.000000000000000000, 7.983313762654070445, 1.702190156616706807 ) ) ;
#974 = DIRECTION ( 'NONE',  ( 0.000000000000000000, 0.000000000000000000, -1.000000000000000000 ) ) ;
#975 = CARTESIAN_POINT ( 'NONE',  ( 13.00000000000000178, -7.101159965809542562, -5.820499722137316034 ) ) ;
#976 = VERTEX_POINT ( 'NONE', #3319 ) ;
#977 = VECTOR ( 'NONE', #2148, 1000.000000000000000 ) ;
#978 = CARTESIAN_POINT ( 'NONE',  ( 11.00000000000000000, 7.797809993565982367, -3.738520949576928043 ) ) ;
#979 = FACE_OUTER_BOUND ( 'NONE', #1836, .T. ) ;
#980 = CARTESIAN_POINT ( 'NONE',  ( 6.500000000000000888, 7.996487503114126483, -1.000006010922226629 ) ) ;
#981 = CARTESIAN_POINT ( 'NONE',  ( 6.500000000000000888, -0.6799406239589863565, 8.500517426721835079 ) ) ;
#982 = CARTESIAN_POINT ( 'NONE',  ( 2.000000000000002220, 0.000000000000000000, -6.999999999999958256 ) ) ;
#983 = CARTESIAN_POINT ( 'NONE',  ( 6.500000000000001776, 7.724210963675129271, 4.116547995452084052 ) ) ;
#984 = ORIENTED_EDGE ( 'NONE', *, *, #894, .T. ) ;
#985 = EDGE_CURVE ( 'NONE', #3393, #1451, #420, .T. ) ;
#986 = ORIENTED_EDGE ( 'NONE', *, *, #1423, .T. ) ;
#987 = VECTOR ( 'NONE', #3891, 1000.000000000000000 ) ;
#988 = CARTESIAN_POINT ( 'NONE',  ( 0.000000000000000000, 0.000000000000000000, 0.000000000000000000 ) ) ;
#989 = CARTESIAN_POINT ( 'NONE',  ( 11.00000000000000000, 0.0005077517871149446992, 5.500000627908599782 ) ) ;
#990 = CARTESIAN_POINT ( 'NONE',  ( 6.500000000000000888, 2.073275153093621537, -8.498808627325052711 ) ) ;
#991 = FACE_BOUND ( 'NONE', #3660, .T. ) ;
#992 = CARTESIAN_POINT ( 'NONE',  ( 11.00000000000000000, 7.996961519839931753, 0.9499999999999999556 ) ) ;
#993 = ORIENTED_EDGE ( 'NONE', *, *, #596, .T. ) ;
#994 = EDGE_LOOP ( 'NONE', ( #1411, #1902, #3557, #2050 ) ) ;
#995 = CARTESIAN_POINT ( 'NONE',  ( 20.00000000000000000, 3.382710778154773834E-13, -9.999999999999850786 ) ) ;
#996 = CARTESIAN_POINT ( 'NONE',  ( 13.00000000000000178, -7.826697700378039357, -3.551969690029617599 ) ) ;
#997 = ORIENTED_EDGE ( 'NONE', *, *, #1647, .T. ) ;
#998 = PLANE ( 'NONE',  #3302 ) ;
#999 = DIRECTION ( 'NONE',  ( 0.000000000000000000, 0.000000000000000000, -1.000000000000000000 ) ) ;
#1000 = CARTESIAN_POINT ( 'NONE',  ( 20.00000000000000000, 7.954734997325225265, -2.333320861749365704 ) ) ;
#1001 = ORIENTED_EDGE ( 'NONE', *, *, #18, .F. ) ;
#1002 =( LENGTH_UNIT ( ) NAMED_UNIT ( * ) SI_UNIT ( .MILLI., .METRE. ) );
#1003 = VECTOR ( 'NONE', #215, 1000.000000000000000 ) ;
#1004 = CARTESIAN_POINT ( 'NONE',  ( 5.000000000000000000, 8.498942797976841490, -2.079162928629852747 ) ) ;
#1005 = FACE_OUTER_BOUND ( 'NONE', #1816, .T. ) ;
#1006 = CARTESIAN_POINT ( 'NONE',  ( 11.00000000000000000, 4.401471794433175155, 7.675014244674414066 ) ) ;
#1007 = CARTESIAN_POINT ( 'NONE',  ( 6.500000000000000888, -0.9500000000000270450, 7.997106055648604439 ) ) ;
#1008 = CARTESIAN_POINT ( 'NONE',  ( 13.01199999999999868, 0.001523255446459777403, 5.499999854980723413 ) ) ;
#1009 = CARTESIAN_POINT ( 'NONE',  ( 5.000000000000000000, 0.6799406239595987556, -8.500517426721573955 ) ) ;
#1010 = CARTESIAN_POINT ( 'NONE',  ( 5.000000000000001776, 7.413306281486648608, -5.141652362973346158 ) ) ;
#1011 = FACE_OUTER_BOUND ( 'NONE', #1923, .T. ) ;
#1012 = ORIENTED_EDGE ( 'NONE', *, *, #2749, .F. ) ;
#1013 = VERTEX_POINT ( 'NONE', #1688 ) ;
#1014 = CARTESIAN_POINT ( 'NONE',  ( 0.000000000000000000, 5.821275128020391598, 7.103874531599575270 ) ) ;
#1015 = ADVANCED_FACE ( 'NONE', ( #70 ), #1339, .T. ) ;
#1016 = DIRECTION ( 'NONE',  ( 1.000000000000000000, 0.000000000000000000, 0.000000000000000000 ) ) ;
#1017 = VECTOR ( 'NONE', #449, 1000.000000000000000 ) ;
#1018 = ORIENTED_EDGE ( 'NONE', *, *, #2964, .T. ) ;
#1019 = CARTESIAN_POINT ( 'NONE',  ( 5.000000000000000888, 6.203022691289977963, 6.842559245454959971 ) ) ;
#1020 = EDGE_CURVE ( 'NONE', #3886, #3227, #2321, .T. ) ;
#1021 = CARTESIAN_POINT ( 'NONE',  ( 11.00000000000000000, 5.357227357212735797, 3.261163855499847219 ) ) ;
#1022 = CARTESIAN_POINT ( 'NONE',  ( 20.00000000000000000, 7.724210963675156805, -4.116547995451774078 ) ) ;
#1023 = EDGE_CURVE ( 'NONE', #3538, #627, #2324, .T. ) ;
#1024 = CARTESIAN_POINT ( 'NONE',  ( 11.00000000000000000, -0.9500000000001150857, -7.997098400010425046 ) ) ;
#1025 = CARTESIAN_POINT ( 'NONE',  ( 0.000000000000000000, -0.9500000000001153078, -8.499999999999920064 ) ) ;
#1026 = B_SPLINE_SURFACE_WITH_KNOTS ( 'NONE', 4, 1, ( 
 ( #484, #1667 ),
 ( #110, #771 ),
 ( #3649, #814 ),
 ( #398, #2947 ),
 ( #1359, #2618 ),
 ( #1084, #1996 ),
 ( #418, #2346 ),
 ( #1379, #2636 ),
 ( #3894, #1064 ),
 ( #2326, #3583 ),
 ( #750, #437 ),
 ( #3605, #195 ),
 ( #1856, #2085 ),
 ( #1149, #3052 ),
 ( #3733, #3425 ),
 ( #4023, #2105 ),
 ( #834, #1815 ),
 ( #3982, #1462 ),
 ( #2411, #548 ),
 ( #3338, #1503 ),
 ( #3360, #3405 ),
 ( #3713, #503 ),
 ( #4044, #3092 ),
 ( #3671, #1835 ),
 ( #4064, #525 ),
 ( #3072, #1170 ),
 ( #569, #2811 ),
 ( #1795, #856 ) ),
 .UNSPECIFIED., .F., .F., .F.,
 ( 5, 1, 1, 1, 1, 1, 1, 1, 1, 1, 1, 1, 1, 1, 1, 1, 1, 1, 1, 1, 1, 1, 1, 1, 5 ),
 ( 2, 2 ),
 ( 0.05598378939387900488, 0.1146830506791669951, 0.1733823112309057501, 0.2320815674980390708, 0.2890958693492904352, 0.3184455301287962281, 0.3477951093198838883, 0.3771446832799967841, 0.4064943768914995315, 0.4358439314491492356, 0.4651933794883472140, 0.4945430778917229153, 0.5185341584752324318, 0.5381005600985855342, 0.5625545175290116440, 0.5919047755660431509, 0.6212535750031701332, 0.6506024925809477111, 0.6799529978917867590, 0.7093012546392009066, 0.7386472213725718827, 0.7679983335716702442, 0.8264061074758516368, 0.9121403542993368196, 1.000000000000000000 ),
 ( 0.000000000000000000, 1.000000000000000000 ),
 .UNSPECIFIED. ) ;
#1027 = CARTESIAN_POINT ( 'NONE',  ( 11.00000000000000000, 7.963614471005013407, -2.177562438471818851 ) ) ;
#1028 = CARTESIAN_POINT ( 'NONE',  ( -6.938893903907228378E-15, 9.865080165817266433, -3.530353927617342791 ) ) ;
#1029 = CARTESIAN_POINT ( 'NONE',  ( 11.00000000000000000, -2.657066463029922332, 7.942065616298222608 ) ) ;
#1030 = CARTESIAN_POINT ( 'NONE',  ( 13.00000000000000178, 1.376401242065982800, 7.999332193501719424 ) ) ;
#1031 = CARTESIAN_POINT ( 'NONE',  ( 6.500000000000000888, 3.961258559890878939, -8.324856479216368399 ) ) ;
#1032 = CARTESIAN_POINT ( 'NONE',  ( 13.00000000000000178, 7.546993110261269955, -4.773512810947013740 ) ) ;
#1033 = DIRECTION ( 'NONE',  ( -1.000000000000000000, 0.000000000000000000, 0.000000000000000000 ) ) ;
#1034 = ORIENTED_EDGE ( 'NONE', *, *, #810, .T. ) ;
#1035 = ORIENTED_EDGE ( 'NONE', *, *, #1922, .T. ) ;
#1036 = CARTESIAN_POINT ( 'NONE',  ( 0.000000000000000000, 7.996487503096210148, 1.000006012577868031 ) ) ;
#1037 = CARTESIAN_POINT ( 'NONE',  ( 4.999999999999997335, -3.961258559891172037, -8.324856479215943850 ) ) ;
#1038 = VECTOR ( 'NONE', #1097, 1000.000000000000000 ) ;
#1039 = VERTEX_POINT ( 'NONE', #3293 ) ;
#1040 = DIRECTION ( 'NONE',  ( 0.000000000000000000, 1.256228917186600745E-13, 1.000000000000000000 ) ) ;
#1041 = B_SPLINE_CURVE_WITH_KNOTS ( 'NONE', 3,
 ( #1925, #3553, #3182, #1614, #3883, #3862, #2292, #718 ),
 .UNSPECIFIED., .F., .F.,
 ( 4, 2, 2, 4 ),
 ( 0.7386033044862591046, 0.7499999999999996669, 0.8749999999999998890, 0.9423249776319697624 ),
 .UNSPECIFIED. ) ;
#1042 = CARTESIAN_POINT ( 'NONE',  ( 2.000000000000001776, -7.501387247522704804, 4.899417217456560891 ) ) ;
#1043 = CARTESIAN_POINT ( 'NONE',  ( 18.00000000000000355, -3.986703887527497159, -7.750075612333780839 ) ) ;
#1044 = ORIENTED_EDGE ( 'NONE', *, *, #18, .T. ) ;
#1045 = CARTESIAN_POINT ( 'NONE',  ( 6.500000000000000888, 4.919808755959280688, -7.521274650040940202 ) ) ;
#1046 = CARTESIAN_POINT ( 'NONE',  ( 6.500000000000000888, 3.961258559890605824, 8.324856479216643734 ) ) ;
#1047 = CARTESIAN_POINT ( 'NONE',  ( 11.00000000000000000, 7.724210963675156805, -4.116547995451774078 ) ) ;
#1048 = CARTESIAN_POINT ( 'NONE',  ( 20.00000000000000000, 6.376839101563225753, -9.057530382100420496 ) ) ;
#1049 = ADVANCED_FACE ( 'NONE', ( #2944 ), #998, .T. ) ;
#1050 = CARTESIAN_POINT ( 'NONE',  ( 11.00000000000000000, 2.328605281814433159, 7.955414890424410856 ) ) ;
#1051 = CARTESIAN_POINT ( 'NONE',  ( 11.00000000000000000, 0.001015503602835890213, 5.500000241698716152 ) ) ;
#1052 = CARTESIAN_POINT ( 'NONE',  ( 5.000000000000000000, 5.643552600981778689, -7.832188056507392915 ) ) ;
#1053 = CARTESIAN_POINT ( 'NONE',  ( 20.00000000000000000, 4.919808755959280688, -7.521274650040940202 ) ) ;
#1054 = CARTESIAN_POINT ( 'NONE',  ( 18.00000000000000355, -7.980267251761149261, 1.702190156616689709 ) ) ;
#1055 = VERTEX_POINT ( 'NONE', #1954 ) ;
#1056 = VERTEX_POINT ( 'NONE', #395 ) ;
#1057 = LINE ( 'NONE', #789, #489 ) ;
#1058 = VECTOR ( 'NONE', #3769, 1000.000000000000000 ) ;
#1059 = LINE ( 'NONE', #145, #3967 ) ;
#1060 = EDGE_CURVE ( 'NONE', #1750, #2919, #1994, .T. ) ;
#1061 = ORIENTED_EDGE ( 'NONE', *, *, #1626, .F. ) ;
#1062 = CARTESIAN_POINT ( 'NONE',  ( 5.000000000000000888, 4.919808755959492075, 7.521274650041060106 ) ) ;
#1063 = CARTESIAN_POINT ( 'NONE',  ( 2.000000000000001776, -7.410259770593721207, 5.141652362973576196 ) ) ;
#1064 = CARTESIAN_POINT ( 'NONE',  ( 0.000000000000000000, 9.444615931807804898, 5.422764466181620335 ) ) ;
#1065 = ORIENTED_EDGE ( 'NONE', *, *, #2862, .T. ) ;
#1066 = CARTESIAN_POINT ( 'NONE',  ( 6.500000000000000888, 4.401471794433084561, -7.675014244674200015 ) ) ;
#1067 = DIRECTION ( 'NONE',  ( 0.000000000000000000, 0.000000000000000000, -1.000000000000000000 ) ) ;
#1068 = CARTESIAN_POINT ( 'NONE',  ( 6.500000000000002665, 6.842564920665938466, -6.203019186482203295 ) ) ;
#1069 = CARTESIAN_POINT ( 'NONE',  ( -6.938893903907228378E-15, 9.048677220293276591, -6.394575911345750541 ) ) ;
#1070 = CARTESIAN_POINT ( 'NONE',  ( 11.00000000000000178, 0.9867208420280542125, 7.996767697931001173 ) ) ;
#1071 = CARTESIAN_POINT ( 'NONE',  ( 13.00000000000000178, 7.754060879349655266, 3.975098189427046069 ) ) ;
#1072 = LINE ( 'NONE', #3326, #3751 ) ;
#1073 = CARTESIAN_POINT ( 'NONE',  ( 13.00000000000000178, 7.364760967333106478, -5.257907453389635499 ) ) ;
#1074 = DIRECTION ( 'NONE',  ( 0.000000000000000000, -3.614007241618350743E-15, 1.000000000000000000 ) ) ;
#1075 = VERTEX_POINT ( 'NONE', #374 ) ;
#1076 = VECTOR ( 'NONE', #547, 1000.000000000000000 ) ;
#1077 = CARTESIAN_POINT ( 'NONE',  ( 13.00000000000000178, 2.660112973922829749, 7.942065616298227937 ) ) ;
#1078 = DIRECTION ( 'NONE',  ( 0.000000000000000000, -1.000000000000000000, 3.614007241618347292E-16 ) ) ;
#1079 = CARTESIAN_POINT ( 'NONE',  ( 5.000000000000000888, -7.916449367694573525, 2.802433418976852497 ) ) ;
#1080 = EDGE_LOOP ( 'NONE', ( #3818, #2590, #3949, #1122 ) ) ;
#1081 = CARTESIAN_POINT ( 'NONE',  ( 11.00000000000000000, -1.067563825805998956, 7.995838597986252516 ) ) ;
#1082 = VECTOR ( 'NONE', #266, 1000.000000000000000 ) ;
#1083 = CARTESIAN_POINT ( 'NONE',  ( 2.000000000000001776, -4.492380600612762009, 7.646523397927884602 ) ) ;
#1084 = CARTESIAN_POINT ( 'NONE',  ( 20.00000000000000000, 9.865080165817255775, 3.530353927617593701 ) ) ;
#1085 = ORIENTED_EDGE ( 'NONE', *, *, #3904, .T. ) ;
#1086 = CARTESIAN_POINT ( 'NONE',  ( 13.00000000000000178, 4.693626143160524400, -4.818133009941723444 ) ) ;
#1087 = LINE ( 'NONE', #2639, #2773 ) ;
#1088 = CARTESIAN_POINT ( 'NONE',  ( 6.500000000000002665, 7.829744211270971199, -3.551969690029601168 ) ) ;
#1089 = CARTESIAN_POINT ( 'NONE',  ( 20.00000000000000000, 9.994226508186198288, -1.603055307975489008 ) ) ;
#1090 = CARTESIAN_POINT ( 'NONE',  ( 5.000000000000000000, 2.660112973922829749, 7.942065616298227937 ) ) ;
#1091 = FACE_OUTER_BOUND ( 'NONE', #2509, .T. ) ;
#1092 = DIRECTION ( 'NONE',  ( 0.000000000000000000, -1.000000000000000000, 0.000000000000000000 ) ) ;
#1093 = CARTESIAN_POINT ( 'NONE',  ( 20.00000000000000000, 2.660112973922839075, -7.942065616297989905 ) ) ;
#1094 = CARTESIAN_POINT ( 'NONE',  ( 18.00000000000000355, -7.974848337781192953, 1.862506083702128334 ) ) ;
#1095 = VERTEX_POINT ( 'NONE', #1973 ) ;
#1096 = CARTESIAN_POINT ( 'NONE',  ( 20.00000000000000000, 7.104206476702529471, 5.820499722137419063 ) ) ;
#1097 = DIRECTION ( 'NONE',  ( 0.000000000000000000, -1.000000000000000000, 0.000000000000000000 ) ) ;
#1098 = CARTESIAN_POINT ( 'NONE',  ( 11.00000000000000000, -1.669507142569619962, -7.986120789016839083 ) ) ;
#1099 = CARTESIAN_POINT ( 'NONE',  ( 5.000000000000000888, 8.500000000000003553, -0.9500000000000001776 ) ) ;
#1100 = VERTEX_POINT ( 'NONE', #2885 ) ;
#1101 = CARTESIAN_POINT ( 'NONE',  ( 5.000000000000000888, 7.996738530543178847, 0.9750072393659829917 ) ) ;
#1102 = CARTESIAN_POINT ( 'NONE',  ( 11.00000000000000000, 4.038411208028892752, 5.162636836433294185 ) ) ;
#1103 = CARTESIAN_POINT ( 'NONE',  ( 18.00000000000000355, -7.996953489107073487, 5.437054339571344614E-14 ) ) ;
#1104 = ORIENTED_EDGE ( 'NONE', *, *, #2349, .T. ) ;
#1105 = CARTESIAN_POINT ( 'NONE',  ( 13.00000000000000178, 5.486718253736335704, -1.626499314788049544 ) ) ;
#1106 = VECTOR ( 'NONE', #3825, 1000.000000000000000 ) ;
#1107 = CARTESIAN_POINT ( 'NONE',  ( 4.999999999999999112, 8.499999999999998224, 5.053919964287874018E-14 ) ) ;
#1108 = CARTESIAN_POINT ( 'NONE',  ( 11.00000000000000000, 4.990519674808725270, 4.434164208948621066 ) ) ;
#1109 = CARTESIAN_POINT ( 'NONE',  ( -6.938893903907228378E-15, 5.897795986540787183, -9.271724392458896347 ) ) ;
#1110 = CARTESIAN_POINT ( 'NONE',  ( 11.00000000000000000, 1.909038221720377626, 7.975331986838082088 ) ) ;
#1111 = VECTOR ( 'NONE', #2479, 1000.000000000000000 ) ;
#1112 = DIRECTION ( 'NONE',  ( 0.000000000000000000, 0.000000000000000000, -1.000000000000000000 ) ) ;
#1113 = CARTESIAN_POINT ( 'NONE',  ( 0.000000000000000000, 0.9500000000000732303, -6.999999999999995559 ) ) ;
#1114 = CARTESIAN_POINT ( 'NONE',  ( 13.00000000000000178, 7.998094335137088784, -0.8514301556691856732 ) ) ;
#1115 = DIRECTION ( 'NONE',  ( 0.000000000000000000, -3.614007241618347292E-16, -1.000000000000000000 ) ) ;
#1116 = ADVANCED_FACE ( 'NONE', ( #727 ), #1330, .F. ) ;
#1117 = ORIENTED_EDGE ( 'NONE', *, *, #684, .F. ) ;
#1118 = CARTESIAN_POINT ( 'NONE',  ( 13.00000000000000178, 7.994340404933870659, 1.198537620874813303 ) ) ;
#1119 = CARTESIAN_POINT ( 'NONE',  ( 0.000000000000000000, 7.996738530732435457, -0.9750072205194922903 ) ) ;
#1120 = CARTESIAN_POINT ( 'NONE',  ( 11.00000000000000000, -3.986703887541481528, -7.750075612330931563 ) ) ;
#1121 = CARTESIAN_POINT ( 'NONE',  ( 0.000000000000000000, -7.501387247522704804, 4.899417217456560891 ) ) ;
#1122 = ORIENTED_EDGE ( 'NONE', *, *, #2064, .F. ) ;
#1123 = EDGE_CURVE ( 'NONE', #791, #1306, #1188, .T. ) ;
#1124 = CARTESIAN_POINT ( 'NONE',  ( 20.00000000000000000, 7.504433758415631317, -4.899417217456330853 ) ) ;
#1125 = VECTOR ( 'NONE', #950, 1000.000000000000000 ) ;
#1126 = FACE_OUTER_BOUND ( 'NONE', #3584, .T. ) ;
#1127 = CARTESIAN_POINT ( 'NONE',  ( 18.00000000000000355, -7.991293894040955692, -1.198537620874698062 ) ) ;
#1128 = EDGE_LOOP ( 'NONE', ( #730, #1463, #805, #3026, #1929 ) ) ;
#1129 = CARTESIAN_POINT ( 'NONE',  ( 11.00000000000000000, -3.838372856900478691, 7.779118164517109690 ) ) ;
#1130 = CARTESIAN_POINT ( 'NONE',  ( 20.00000000000000000, -7.885378254366916195, 3.110230222913479281 ) ) ;
#1131 = CARTESIAN_POINT ( 'NONE',  ( 12.99999999999999467, 0.001523255446458854530, 5.499999854980723413 ) ) ;
#1132 = CARTESIAN_POINT ( 'NONE',  ( 2.000000000000002220, 0.000000000000000000, -7.750075612333780839 ) ) ;
#1133 = CARTESIAN_POINT ( 'NONE',  ( 5.000000000000000000, 6.842564920666044159, 6.203019186482348069 ) ) ;
#1134 = CARTESIAN_POINT ( 'NONE',  ( 13.00000000000000178, 3.263498545960469954, -5.357729545476878741 ) ) ;
#1135 = CARTESIAN_POINT ( 'NONE',  ( 2.000000000000002220, -54.99999999999965894, 7.750075612333781727 ) ) ;
#1136 = CARTESIAN_POINT ( 'NONE',  ( 18.00000000000000355, -6.199976180397069214, 6.842559245454946648 ) ) ;
#1137 = ORIENTED_EDGE ( 'NONE', *, *, #3048, .T. ) ;
#1138 = CARTESIAN_POINT ( 'NONE',  ( 20.00000000000000000, 6.203022691289977963, 6.842559245454959971 ) ) ;
#1139 = DIRECTION ( 'NONE',  ( -1.000000000000000000, 0.000000000000000000, 0.000000000000000000 ) ) ;
#1140 = CARTESIAN_POINT ( 'NONE',  ( -8.673617379884035472E-16, 7.829744211270971199, -3.551969690029601168 ) ) ;
#1141 = CARTESIAN_POINT ( 'NONE',  ( 13.00000000000000178, 7.888424765259851590, -3.110230222913241249 ) ) ;
#1142 = B_SPLINE_CURVE_WITH_KNOTS ( 'NONE', 3,
 ( #541, #3931, #1454, #2138, #2362, #3044, #1475, #3310, #661, #2562, #280, #1300, #1543, #2269, #3532, #3508, #1233, #2252, #3821, #3199, #2809, #75, #1322, #2184 ),
 .UNSPECIFIED., .F., .F.,
 ( 4, 2, 2, 2, 2, 2, 2, 2, 2, 2, 2, 4 ),
 ( 0.000000000000000000, 0.1249999999999997780, 0.2499999999999995559, 0.3749999999999993339, 0.4374999999999993339, 0.4999999999999993339, 0.5312499999999991118, 0.5624999999999990008, 0.6249999999999991118, 0.7499999999999993339, 0.8749999999999996669, 1.000000000000000000 ),
 .UNSPECIFIED. ) ;
#1143 = CARTESIAN_POINT ( 'NONE',  ( 5.000000000000000888, -1.669507142568861013, 7.986120789017108201 ) ) ;
#1144 = B_SPLINE_CURVE_WITH_KNOTS ( 'NONE', 3,
 ( #3275, #1083, #3604, #3873, #2946, #1707, #1975, #1378, #1063, #1042, #436, #3234, #2966, #2369, #770, #2303, #2037, #2987, #1728, #3253, #148, #1419, #417, #2907, #3210, #68, #1685, #3981, #2474, #833 ),
 .UNSPECIFIED., .F., .F.,
 ( 4, 2, 2, 2, 2, 2, 2, 2, 2, 2, 2, 2, 2, 2, 4 ),
 ( 0.2613966985769863305, 0.3750000000000003331, 0.5000000000000003331, 0.6250000000000004441, 0.6562500000000004441, 0.6875000000000004441, 0.7187500000000003331, 0.7500000000000002220, 0.7812500000000003331, 0.8125000000000003331, 0.8437500000000002220, 0.8750000000000002220, 0.9062500000000002220, 0.9375000000000001110, 0.9419975043490652622 ),
 .UNSPECIFIED. ) ;
#1145 = ORIENTED_EDGE ( 'NONE', *, *, #2591, .F. ) ;
#1146 = CARTESIAN_POINT ( 'NONE',  ( 0.000000000000000000, 7.888424765259834714, 3.110230222913495712 ) ) ;
#1147 = EDGE_CURVE ( 'NONE', #80, #2889, #643, .T. ) ;
#1148 = DIRECTION ( 'NONE',  ( -0.000000000000000000, 1.000000000000000000, 1.817583649719595622E-16 ) ) ;
#1149 = CARTESIAN_POINT ( 'NONE',  ( 20.00000000000000000, 8.232402828058953403, 7.628568885268290245 ) ) ;
#1150 = VERTEX_POINT ( 'NONE', #3523 ) ;
#1151 = EDGE_CURVE ( 'NONE', #751, #3870, #2888, .T. ) ;
#1152 = FACE_OUTER_BOUND ( 'NONE', #1373, .T. ) ;
#1153 = CARTESIAN_POINT ( 'NONE',  ( 11.00000000000000000, 5.472414438564502603, 2.040106069950973211 ) ) ;
#1154 = CARTESIAN_POINT ( 'NONE',  ( 6.500000000000000888, 6.842564920666044159, 6.203019186482348069 ) ) ;
#1155 = CARTESIAN_POINT ( 'NONE',  ( 5.000000000000000000, 7.504433758415631317, -4.899417217456330853 ) ) ;
#1156 = CARTESIAN_POINT ( 'NONE',  ( 11.00000000000000000, 7.995645708667694862, 1.076910724618599380 ) ) ;
#1157 = AXIS2_PLACEMENT_3D ( 'NONE', #988, #1632, #3443 ) ;
#1158 = CARTESIAN_POINT ( 'NONE',  ( 11.00000000000000000, 2.041997018946008158, -5.472561165222932011 ) ) ;
#1159 = CARTESIAN_POINT ( 'NONE',  ( 20.00000000000000000, -2.657066463029897907, -7.942065616297995234 ) ) ;
#1160 = CARTESIAN_POINT ( 'NONE',  ( 2.000000000000002220, -54.99999999999965894, -7.750075612333780839 ) ) ;
#1161 = ORIENTED_EDGE ( 'NONE', *, *, #2415, .T. ) ;
#1162 = CARTESIAN_POINT ( 'NONE',  ( 13.00000000000000178, 4.401471794433175155, 7.675014244674414066 ) ) ;
#1163 = CARTESIAN_POINT ( 'NONE',  ( 13.00000000000000178, -7.621337701171542633, 4.518215179558059624 ) ) ;
#1164 = CARTESIAN_POINT ( 'NONE',  ( 5.000000000000000000, -54.99999999999965894, -7.750075612333780839 ) ) ;
#1165 = CARTESIAN_POINT ( 'NONE',  ( 11.00000000000000000, 0.001015503628202002852, -5.500000241698461245 ) ) ;
#1166 = CARTESIAN_POINT ( 'NONE',  ( 20.00000000000000000, 9.952211719080334973, 2.593577784831424093 ) ) ;
#1167 = CARTESIAN_POINT ( 'NONE',  ( 5.000000000000000888, -5.818228617127482849, 7.103874531599563724 ) ) ;
#1168 = CARTESIAN_POINT ( 'NONE',  ( 0.000000000000000000, 7.546993110261257520, 4.773512810947254437 ) ) ;
#1169 = CARTESIAN_POINT ( 'NONE',  ( 11.00000000000000000, -0.9500000000001151967, -7.750075612333780839 ) ) ;
#1170 = CARTESIAN_POINT ( 'NONE',  ( 0.000000000000000000, 1.167546064766750380, 9.999712963351084838 ) ) ;
#1171 = ORIENTED_EDGE ( 'NONE', *, *, #3598, .T. ) ;
#1172 = CARTESIAN_POINT ( 'NONE',  ( 20.00000000000000000, -7.501387247522704804, 4.899417217456560891 ) ) ;
#1173 = CARTESIAN_POINT ( 'NONE',  ( 12.99999999999999467, 4.819412612276794405, 4.692107393183630570 ) ) ;
#1174 = DIRECTION ( 'NONE',  ( -1.000000000000000000, -0.000000000000000000, -0.000000000000000000 ) ) ;
#1175 = CARTESIAN_POINT ( 'NONE',  ( 0.000000000000000000, 3.368335470299270717, -9.888392719585535673 ) ) ;
#1176 = CARTESIAN_POINT ( 'NONE',  ( 5.000000000000000000, -5.615376137192962247, 7.750075613918298245 ) ) ;
#1177 = CARTESIAN_POINT ( 'NONE',  ( 11.00000000000000000, 5.359958319163709461, -3.242244432248527097 ) ) ;
#1178 = CARTESIAN_POINT ( 'NONE',  ( 13.00000000000000000, 0.000000000000000000, -7.750075612333780839 ) ) ;
#1179 = CARTESIAN_POINT ( 'NONE',  ( 20.00000000000000000, -7.996953489107073487, 5.437054339571344614E-14 ) ) ;
#1180 = EDGE_LOOP ( 'NONE', ( #2101, #1619, #504, #1602 ) ) ;
#1181 = CARTESIAN_POINT ( 'NONE',  ( 5.000000000000000888, -3.268209366061821886, -7.885017484777416819 ) ) ;
#1182 = CARTESIAN_POINT ( 'NONE',  ( 13.00000000000000000, -6.519747295085047689, 7.750075612333780839 ) ) ;
#1183 = CARTESIAN_POINT ( 'NONE',  ( 0.000000000000000000, 2.660112973922839075, -7.942065616297989905 ) ) ;
#1184 = CARTESIAN_POINT ( 'NONE',  ( -8.673617379884035472E-16, 7.963614471005013407, -2.177562438471818851 ) ) ;
#1185 = CARTESIAN_POINT ( 'NONE',  ( 20.00000000000000000, 10.00000000000000355, -4.793002917534356401E-14 ) ) ;
#1186 = CARTESIAN_POINT ( 'NONE',  ( 0.000000000000000000, -7.721164452782213417, 4.116547995452068065 ) ) ;
#1187 = CARTESIAN_POINT ( 'NONE',  ( 0.000000000000000000, 7.983313762654070445, 1.702190156616706807 ) ) ;
#1188 = B_SPLINE_CURVE_WITH_KNOTS ( 'NONE', 3,
 ( #3646, #236, #3690, #854, #3958, #3380, #1813 ),
 .UNSPECIFIED., .F., .F.,
 ( 4, 1, 1, 1, 4 ),
 ( 0.6432369026357473984, 0.6460338952325503925, 0.7640439164002845729, 0.8820539375680188643, 1.000063958735753156 ),
 .UNSPECIFIED. ) ;
#1189 = DIRECTION ( 'NONE',  ( 1.000000000000000000, -0.000000000000000000, -0.000000000000000000 ) ) ;
#1190 = ADVANCED_FACE ( 'NONE', ( #979 ), #1649, .T. ) ;
#1191 = LINE ( 'NONE', #2475, #1655 ) ;
#1192 = ORIENTED_EDGE ( 'NONE', *, *, #1504, .T. ) ;
#1193 = VECTOR ( 'NONE', #650, 1000.000000000000000 ) ;
#1194 = LINE ( 'NONE', #3964, #1313 ) ;
#1195 = CARTESIAN_POINT ( 'NONE',  ( 12.99999999999999467, 2.034001485617850324, 5.472861874654304515 ) ) ;
#1196 = LINE ( 'NONE', #1839, #1082 ) ;
#1197 = CARTESIAN_POINT ( 'NONE',  ( 5.000000000000000000, 4.401471794433084561, -7.675014244674200015 ) ) ;
#1198 = CARTESIAN_POINT ( 'NONE',  ( 11.00000000000000178, 3.968632043875083948, 7.755391295270086083 ) ) ;
#1199 = ADVANCED_FACE ( 'NONE', ( #3836 ), #694, .F. ) ;
#1200 = CARTESIAN_POINT ( 'NONE',  ( 11.00000000000000000, 3.263498545960469954, -5.357729545476878741 ) ) ;
#1201 = EDGE_CURVE ( 'NONE', #2056, #2889, #305, .T. ) ;
#1202 = CARTESIAN_POINT ( 'NONE',  ( 20.00000000000000000, -7.751014368456733195, -3.975098189426821360 ) ) ;
#1203 = LINE ( 'NONE', #2114, #1747 ) ;
#1204 = VERTEX_POINT ( 'NONE', #1272 ) ;
#1205 = CARTESIAN_POINT ( 'NONE',  ( -3.469446951953614189E-15, -7.101159965809542562, -5.820499722137316034 ) ) ;
#1206 = CARTESIAN_POINT ( 'NONE',  ( 13.00000000000000178, -7.991293894040946810, 1.198537620874796428 ) ) ;
#1207 = CARTESIAN_POINT ( 'NONE',  ( 20.00000000000000000, 1.167546064766775915, -9.999712963350850359 ) ) ;
#1208 = CARTESIAN_POINT ( 'NONE',  ( 5.000000000000001776, 7.829744211270971199, -3.551969690029601168 ) ) ;
#1209 = CARTESIAN_POINT ( 'NONE',  ( 0.000000000000000000, -7.916449367694573525, 2.802433418976852497 ) ) ;
#1210 = CARTESIAN_POINT ( 'NONE',  ( 0.000000000000000000, -7.543946599368344330, 4.773512810947238449 ) ) ;
#1211 = EDGE_CURVE ( 'NONE', #1075, #1451, #3211, .T. ) ;
#1212 = CARTESIAN_POINT ( 'NONE',  ( 6.500000000000000888, -2.657066463029922332, 7.942065616298222608 ) ) ;
#1213 = DIRECTION ( 'NONE',  ( 0.000000000000000000, -2.168404344971008375E-16, -1.000000000000000000 ) ) ;
#1214 = CARTESIAN_POINT ( 'NONE',  ( 6.500000000000000888, -0.9500000000001174172, -7.750075612333780839 ) ) ;
#1215 = EDGE_LOOP ( 'NONE', ( #126, #3489, #1989, #3565 ) ) ;
#1216 = CARTESIAN_POINT ( 'NONE',  ( 20.00000000000000000, -7.980267251761149261, 1.702190156616689709 ) ) ;
#1217 = CARTESIAN_POINT ( 'NONE',  ( 11.00000000000000000, -3.758359261737932222, -7.793778996373702306 ) ) ;
#1218 = CARTESIAN_POINT ( 'NONE',  ( 6.500000000000001776, 0.9499999999999724221, 7.997135450844712778 ) ) ;
#1219 = CARTESIAN_POINT ( 'NONE',  ( 5.000000000000000000, 7.724210963675156805, -4.116547995451774078 ) ) ;
#1220 = EDGE_CURVE ( 'NONE', #1750, #500, #1293, .T. ) ;
#1221 = CARTESIAN_POINT ( 'NONE',  ( 0.000000000000000000, -7.000000000000032863, -0.9499999999998016698 ) ) ;
#1222 = CARTESIAN_POINT ( 'NONE',  ( 11.00000000000000000, 4.344289922069421550, -5.035011510684050506 ) ) ;
#1223 = CARTESIAN_POINT ( 'NONE',  ( 20.00000000000000000, -7.996953489107073487, 5.437054339571344614E-14 ) ) ;
#1224 = DIRECTION ( 'NONE',  ( 1.000000000000000000, 0.000000000000000000, 0.000000000000000000 ) ) ;
#1225 = ORIENTED_EDGE ( 'NONE', *, *, #609, .F. ) ;
#1226 = VECTOR ( 'NONE', #1398, 1000.000000000000000 ) ;
#1227 = CARTESIAN_POINT ( 'NONE',  ( 0.000000000000000000, 10.00001601634444626, 0.7583038693810940645 ) ) ;
#1228 = CARTESIAN_POINT ( 'NONE',  ( 20.00000000000000000, -7.543946599368344330, 4.773512810947238449 ) ) ;
#1229 = CARTESIAN_POINT ( 'NONE',  ( 20.00000000000000000, 6.376839101563225753, -9.057530382100420496 ) ) ;
#1230 = CARTESIAN_POINT ( 'NONE',  ( -8.673617379884035472E-16, 7.870589382685947655, -3.260513804450900111 ) ) ;
#1231 = CARTESIAN_POINT ( 'NONE',  ( 20.00000000000000000, 10.00001601634444626, 0.7583038693810940645 ) ) ;
#1232 = CARTESIAN_POINT ( 'NONE',  ( 12.99999999999999467, 2.034001485617850324, 5.472861874654304515 ) ) ;
#1233 = CARTESIAN_POINT ( 'NONE',  ( 11.00000000000000000, 3.862800328566350583, -5.214392422593067344 ) ) ;
#1234 = DIRECTION ( 'NONE',  ( 0.000000000000000000, -7.228014483236698281E-17, -1.000000000000000000 ) ) ;
#1235 = ORIENTED_EDGE ( 'NONE', *, *, #3651, .T. ) ;
#1236 = CARTESIAN_POINT ( 'NONE',  ( 11.00000000000000000, 7.867021950364233795, -3.307034503230864786 ) ) ;
#1237 = CARTESIAN_POINT ( 'NONE',  ( 0.000000000000000000, 9.952211719080347407, -2.593577784831173183 ) ) ;
#1238 = PLANE ( 'NONE',  #3633 ) ;
#1239 = B_SPLINE_CURVE_WITH_KNOTS ( 'NONE', 3,
 ( #1998, #3939, #440, #2659, #2307, #3585, #151, #1381, #752, #2638, #2620, #3877, #1086, #3298, #2041, #731, #2286, #2373, #464, #1731, #1105, #3629, #796, #3278 ),
 .UNSPECIFIED., .F., .F.,
 ( 4, 2, 2, 2, 2, 2, 2, 2, 2, 2, 2, 4 ),
 ( 0.000000000000000000, 0.1250000000000003331, 0.2500000000000006106, 0.3750000000000008882, 0.4375000000000009992, 0.4687500000000008327, 0.5000000000000006661, 0.5625000000000006661, 0.6250000000000006661, 0.7500000000000004441, 0.8750000000000002220, 1.000000000000000000 ),
 .UNSPECIFIED. ) ;
#1240 = CARTESIAN_POINT ( 'NONE',  ( 2.000000000000001776, -7.991293894040955692, -1.198537620874698062 ) ) ;
#1241 = DIRECTION ( 'NONE',  ( 0.000000000000000000, 0.000000000000000000, -1.000000000000000000 ) ) ;
#1242 = CARTESIAN_POINT ( 'NONE',  ( 20.00000000000000000, -54.99999999999965894, 10.00000000000014388 ) ) ;
#1243 = ORIENTED_EDGE ( 'NONE', *, *, #163, .F. ) ;
#1244 = VECTOR ( 'NONE', #160, 1000.000000000000000 ) ;
#1245 = CARTESIAN_POINT ( 'NONE',  ( 0.000000000000000000, 9.592557225584055658, 4.922082116025720211 ) ) ;
#1246 = CARTESIAN_POINT ( 'NONE',  ( 13.00000000000000178, -6.839518409773132745, 6.203019186482333858 ) ) ;
#1247 = CARTESIAN_POINT ( 'NONE',  ( 20.00000000000000000, 9.592557225584069869, -4.922082116025469745 ) ) ;
#1248 = CARTESIAN_POINT ( 'NONE',  ( 13.42074368738218837, -0.9500000000001150857, -7.750075612333780839 ) ) ;
#1249 = CARTESIAN_POINT ( 'NONE',  ( 20.00000000000000000, 9.264259240779130877, 5.916551912302102423 ) ) ;
#1250 = CARTESIAN_POINT ( 'NONE',  ( 20.00000000000000000, -7.996002401241772972, -0.6768666228592719047 ) ) ;
#1251 = EDGE_CURVE ( 'NONE', #500, #3335, #3795, .T. ) ;
#1252 = ORIENTED_EDGE ( 'NONE', *, *, #1060, .F. ) ;
#1253 = CARTESIAN_POINT ( 'NONE',  ( 10.99999999999999822, 7.674772325725174760, -4.349935700757736612 ) ) ;
#1254 = DIRECTION ( 'NONE',  ( 1.000000000000000000, -0.000000000000000000, -0.000000000000000000 ) ) ;
#1255 = CARTESIAN_POINT ( 'NONE',  ( 13.00000000000000000, 0.000000000000000000, -6.522789215968461285 ) ) ;
#1256 = CARTESIAN_POINT ( 'NONE',  ( 2.000000000000001776, -5.818228617127631175, -7.103874531599259079 ) ) ;
#1257 = VECTOR ( 'NONE', #3376, 1000.000000000000000 ) ;
#1258 = CARTESIAN_POINT ( 'NONE',  ( 0.000000000000000000, -7.993440992203296069, -1.000006012577729253 ) ) ;
#1259 = CARTESIAN_POINT ( 'NONE',  ( 6.500000000000001776, 7.996487502996377117, 1.000006021809011658 ) ) ;
#1260 = ORIENTED_EDGE ( 'NONE', *, *, #3841, .T. ) ;
#1261 = CARTESIAN_POINT ( 'NONE',  ( 0.000000000000000000, 8.232402828058953403, 7.628568885268290245 ) ) ;
#1262 = CARTESIAN_POINT ( 'NONE',  ( 20.00000000000000000, 7.963614471005002748, 2.177562438472038231 ) ) ;
#1263 = CARTESIAN_POINT ( 'NONE',  ( 5.000000000000000888, -7.867542871793015813, -3.260513804450916542 ) ) ;
#1264 = CARTESIAN_POINT ( 'NONE',  ( 20.00000000000000000, 0.001523255446470592970, -8.000000580076788381 ) ) ;
#1265 = CARTESIAN_POINT ( 'NONE',  ( -11.62601793176951404, 0.001523255446453698064, 8.000000580077024637 ) ) ;
#1266 = EDGE_CURVE ( 'NONE', #3393, #325, #2520, .T. ) ;
#1267 = CARTESIAN_POINT ( 'NONE',  ( 20.00000000000000000, -7.361714456440171084, -5.257907453389651486 ) ) ;
#1268 = ORIENTED_EDGE ( 'NONE', *, *, #2867, .F. ) ;
#1269 = EDGE_CURVE ( 'NONE', #721, #3030, #1897, .T. ) ;
#1270 = VECTOR ( 'NONE', #1189, 1000.000000000000000 ) ;
#1271 = CARTESIAN_POINT ( 'NONE',  ( 11.00000000000000000, 7.043848602257923197, -5.906801373570741198 ) ) ;
#1272 = CARTESIAN_POINT ( 'NONE',  ( 6.500000000000000888, -5.615376137191993244, -7.750075613918294692 ) ) ;
#1273 = EDGE_CURVE ( 'NONE', #1953, #302, #1915, .T. ) ;
#1274 = DIRECTION ( 'NONE',  ( 0.000000000000000000, 1.000000000000000000, -1.256228917186600745E-13 ) ) ;
#1275 = CARTESIAN_POINT ( 'NONE',  ( 2.000000000000001776, -7.501387247522696811, -4.899417217456346840 ) ) ;
#1276 = CARTESIAN_POINT ( 'NONE',  ( 6.500000000000000888, -54.99999999999965894, 7.750075612333781727 ) ) ;
#1277 = CARTESIAN_POINT ( 'NONE',  ( 11.00000000000000000, 7.104206476702529471, 5.820499722137419063 ) ) ;
#1278 = EDGE_LOOP ( 'NONE', ( #3482, #3180, #2487, #3938 ) ) ;
#1279 = EDGE_LOOP ( 'NONE', ( #825, #2229, #2219, #1290 ) ) ;
#1280 = DIRECTION ( 'NONE',  ( 0.000000000000000000, 1.000000000000000000, -3.971603747630718475E-14 ) ) ;
#1281 = CARTESIAN_POINT ( 'NONE',  ( 5.000000000000000888, -7.993440992221199970, -1.000006010922172006 ) ) ;
#1282 = AXIS2_PLACEMENT_3D ( 'NONE', #3270, #1078, #1456 ) ;
#1283 = CARTESIAN_POINT ( 'NONE',  ( 20.00000000000000000, -54.99999999999965894, 10.00000000000014388 ) ) ;
#1284 = PLANE ( 'NONE',  #4062 ) ;
#1285 = ORIENTED_EDGE ( 'NONE', *, *, #3168, .T. ) ;
#1286 = ORIENTED_EDGE ( 'NONE', *, *, #810, .F. ) ;
#1287 = CARTESIAN_POINT ( 'NONE',  ( 6.500000000000000888, -0.9500000000001153078, -8.499999999999920064 ) ) ;
#1288 =( NAMED_UNIT ( * ) SI_UNIT ( $, .STERADIAN. ) SOLID_ANGLE_UNIT ( ) );
#1289 = CARTESIAN_POINT ( 'NONE',  ( 20.00000000000000000, -7.960567960112083341, -2.177562438471835726 ) ) ;
#1290 = ORIENTED_EDGE ( 'NONE', *, *, #668, .F. ) ;
#1291 = B_SPLINE_SURFACE_WITH_KNOTS ( 'NONE', 3, 1, ( 
 ( #2962, #2364 ),
 ( #480, #3004 ),
 ( #3889, #3623 ),
 ( #1354, #1037 ),
 ( #1375, #2034 ),
 ( #1681, #2632 ),
 ( #3869, #3850 ) ),
 .UNSPECIFIED., .F., .F., .F.,
 ( 4, 1, 1, 1, 4 ),
 ( 2, 2 ),
 ( 0.05591983065818809107, 0.1739298518259145832, 0.2919398729936410475, 0.4099498941613675118, 0.4127468835775330303 ),
 ( 0.000000000000000000, 1.000000000000000000 ),
 .UNSPECIFIED. ) ;
#1292 = CARTESIAN_POINT ( 'NONE',  ( 11.00000000000000000, 3.822871262891178290, -7.782526830438743382 ) ) ;
#1293 = LINE ( 'NONE', #49, #392 ) ;
#1294 = LINE ( 'NONE', #1255, #1321 ) ;
#1295 = CARTESIAN_POINT ( 'NONE',  ( 2.000000000000001776, -7.980267251761149261, -1.702190156616476102 ) ) ;
#1296 = CARTESIAN_POINT ( 'NONE',  ( 0.000000000000000000, -7.803723475457480241, -3.693151717295236391 ) ) ;
#1297 = CARTESIAN_POINT ( 'NONE',  ( 6.500000000000001776, 7.104206476702529471, 5.820499722137419063 ) ) ;
#1298 = ORIENTED_EDGE ( 'NONE', *, *, #968, .T. ) ;
#1299 = ORIENTED_EDGE ( 'NONE', *, *, #913, .F. ) ;
#1300 = CARTESIAN_POINT ( 'NONE',  ( 11.00000000000000000, 4.693626143160524400, -4.818133009941723444 ) ) ;
#1301 = CARTESIAN_POINT ( 'NONE',  ( 10.99999999999999822, -3.957437925548255464, -7.756069779158202060 ) ) ;
#1302 = DIRECTION ( 'NONE',  ( -1.000000000000000000, 0.000000000000000000, 0.000000000000000000 ) ) ;
#1303 = CARTESIAN_POINT ( 'NONE',  ( 5.000000000000000000, 8.499999999999998224, 5.053919964287874018E-14 ) ) ;
#1304 = DIRECTION ( 'NONE',  ( 0.000000000000000000, -1.000000000000000000, -1.817583649719595868E-16 ) ) ;
#1305 = ORIENTED_EDGE ( 'NONE', *, *, #1791, .F. ) ;
#1306 = VERTEX_POINT ( 'NONE', #3296 ) ;
#1307 = AXIS2_PLACEMENT_3D ( 'NONE', #493, #2756, #557 ) ;
#1308 = DIRECTION ( 'NONE',  ( -0.000000000000000000, 3.614007241618347292E-16, 1.000000000000000000 ) ) ;
#1309 = DIRECTION ( 'NONE',  ( -0.000000000000000000, 4.565061778886335030E-16, 1.000000000000000000 ) ) ;
#1310 = CARTESIAN_POINT ( 'NONE',  ( 20.00000000000000000, -5.818228617127631175, -7.103874531599259079 ) ) ;
#1311 = VERTEX_POINT ( 'NONE', #1749 ) ;
#1312 = CARTESIAN_POINT ( 'NONE',  ( 10.99999999999999822, -1.020307608949262201, 7.996375128210440941 ) ) ;
#1313 = VECTOR ( 'NONE', #3074, 1000.000000000000000 ) ;
#1314 = CARTESIAN_POINT ( 'NONE',  ( 11.00000000000000178, 1.027844640109959240, -7.996325087936380527 ) ) ;
#1315 = CARTESIAN_POINT ( 'NONE',  ( 20.00000000000000000, 7.994340404933882205, -1.198537620874680965 ) ) ;
#1316 = CARTESIAN_POINT ( 'NONE',  ( 6.500000000000000888, 7.983313762654077550, -1.702190156616459227 ) ) ;
#1317 = DIRECTION ( 'NONE',  ( 1.000000000000000000, -0.000000000000000000, -0.000000000000000000 ) ) ;
#1318 = CARTESIAN_POINT ( 'NONE',  ( 11.00000000000000000, 7.996738530761505537, -0.9750072176245153655 ) ) ;
#1319 = CARTESIAN_POINT ( 'NONE',  ( 6.500000000000001776, 7.829744211270962317, 3.551969690029802340 ) ) ;
#1320 = EDGE_CURVE ( 'NONE', #1591, #3126, #794, .T. ) ;
#1321 = VECTOR ( 'NONE', #6, 1000.000000000000000 ) ;
#1322 = CARTESIAN_POINT ( 'NONE',  ( 11.00000000000000000, 0.4099364528675500385, -5.500310913884323583 ) ) ;
#1323 = EDGE_CURVE ( 'NONE', #3870, #2177, #44, .T. ) ;
#1324 = CARTESIAN_POINT ( 'NONE',  ( 20.00000000000000000, 7.888424765259834714, 3.110230222913495712 ) ) ;
#1325 = CARTESIAN_POINT ( 'NONE',  ( 6.500000000000000888, 8.500000000000003553, -1.170618554224893222E-13 ) ) ;
#1326 = CARTESIAN_POINT ( 'NONE',  ( 5.000000000000001776, 7.104206476702478845, -5.820499722137300935 ) ) ;
#1327 = CARTESIAN_POINT ( 'NONE',  ( 6.500000000000000888, -3.268209366061821886, -7.885017484777416819 ) ) ;
#1328 = EDGE_LOOP ( 'NONE', ( #1012, #101, #3135, #2800, #1548, #937 ) ) ;
#1329 = VERTEX_POINT ( 'NONE', #2061 ) ;
#1330 = B_SPLINE_SURFACE_WITH_KNOTS ( 'NONE', 3, 1, ( 
 ( #3520, #2574 ),
 ( #2301, #3252 ),
 ( #3834, #1645 ),
 ( #2906, #2263 ),
 ( #1336, #3581 ),
 ( #416, #2595 ),
 ( #1062, #86 ),
 ( #3852, #747 ),
 ( #1019, #2281 ),
 ( #3543, #2017 ),
 ( #107, #708 ),
 ( #1665, #1377 ),
 ( #2634, #435 ),
 ( #1704, #147 ),
 ( #1438, #1168 ),
 ( #3358, #2082 ),
 ( #1727, #3027 ),
 ( #2699, #2765 ),
 ( #3050, #2721 ),
 ( #2102, #4020 ),
 ( #3336, #214 ),
 ( #1480, #3980 ),
 ( #792, #1146 ),
 ( #812, #1792 ),
 ( #832, #523 ),
 ( #1501, #501 ),
 ( #1417, #3403 ),
 ( #2743, #193 ),
 ( #2058, #1187 ),
 ( #2677, #2367 ),
 ( #2122, #2409 ),
 ( #4001, #3669 ),
 ( #1101, #3315 ),
 ( #2430, #482 ) ),
 .UNSPECIFIED., .F., .F., .F.,
 ( 4, 2, 2, 2, 2, 2, 2, 2, 2, 2, 2, 2, 2, 2, 2, 2, 4 ),
 ( 2, 2 ),
 ( 0.05748710110028451559, 0.1250000000000001110, 0.2500000000000003331, 0.3750000000000003331, 0.5000000000000003331, 0.6250000000000004441, 0.6562500000000004441, 0.6875000000000004441, 0.7187500000000003331, 0.7500000000000003331, 0.7812500000000003331, 0.8125000000000003331, 0.8437500000000002220, 0.8750000000000002220, 0.9062500000000002220, 0.9375000000000001110, 0.9419975023888241816 ),
 ( 0.000000000000000000, 1.000000000000000000 ),
 .UNSPECIFIED. ) ;
#1331 = ADVANCED_FACE ( 'NONE', ( #2392 ), #1026, .F. ) ;
#1332 = CARTESIAN_POINT ( 'NONE',  ( 0.000000000000000000, 1.671588707446372002, 7.986163835406824951 ) ) ;
#1333 = CARTESIAN_POINT ( 'NONE',  ( 13.00000000000000178, -6.199976180397095860, -6.842559245454698846 ) ) ;
#1334 = EDGE_CURVE ( 'NONE', #1644, #3268, #262, .T. ) ;
#1335 = ORIENTED_EDGE ( 'NONE', *, *, #2744, .F. ) ;
#1336 = CARTESIAN_POINT ( 'NONE',  ( 5.000000000000000888, 3.271255876954616060, 7.885017484777672614 ) ) ;
#1337 = CARTESIAN_POINT ( 'NONE',  ( 0.000000000000000000, 8.500000000000003553, 0.9499999999999999556 ) ) ;
#1338 = DIRECTION ( 'NONE',  ( 1.000000000000000000, -0.000000000000000000, 0.000000000000000000 ) ) ;
#1339 = PLANE ( 'NONE',  #1527 ) ;
#1340 = AXIS2_PLACEMENT_3D ( 'NONE', #41, #3790, #974 ) ;
#1341 = CARTESIAN_POINT ( 'NONE',  ( 5.000000000000000000, 6.945255748662851225, -6.945581049634229842 ) ) ;
#1342 = CARTESIAN_POINT ( 'NONE',  ( 6.500000000000002665, 7.624384212064461153, -4.518215179557856231 ) ) ;
#1343 = CARTESIAN_POINT ( 'NONE',  ( 11.00000000000000000, 7.659307731806791253, 4.388453230966709917 ) ) ;
#1344 = B_SPLINE_CURVE_WITH_KNOTS ( 'NONE', 3,
 ( #3611, #3282, #2665, #1090, #490, #1756, #2643, #3015, #1982, #1133, #2026, #158, #3905, #3968, #757, #2707, #469, #1735, #1715, #1427, #2312, #3242, #3263, #1385, #3551, #2353, #779, #425, #2974, #716, #444, #136, #1406, #95 ),
 .UNSPECIFIED., .F., .F.,
 ( 4, 2, 2, 2, 2, 2, 2, 2, 2, 2, 2, 2, 2, 2, 2, 2, 4 ),
 ( 0.05748710110014540464, 0.1250000000000001110, 0.2500000000000003331, 0.3750000000000003331, 0.5000000000000003331, 0.6250000000000003331, 0.6562500000000004441, 0.6875000000000004441, 0.7187500000000003331, 0.7500000000000003331, 0.7812500000000003331, 0.8125000000000003331, 0.8437500000000002220, 0.8750000000000002220, 0.9062500000000002220, 0.9375000000000001110, 0.9419975043490781408 ),
 .UNSPECIFIED. ) ;
#1345 = EDGE_CURVE ( 'NONE', #2812, #3538, #2788, .T. ) ;
#1346 = CARTESIAN_POINT ( 'NONE',  ( 6.500000000000000888, -3.268209366061708199, 7.885017484777665508 ) ) ;
#1347 = FACE_OUTER_BOUND ( 'NONE', #579, .T. ) ;
#1348 = DIRECTION ( 'NONE',  ( -1.000000000000000000, 0.000000000000000000, 0.000000000000000000 ) ) ;
#1349 = CARTESIAN_POINT ( 'NONE',  ( 13.00000000000000178, 7.754060879349665925, -3.975098189426804929 ) ) ;
#1350 = FACE_OUTER_BOUND ( 'NONE', #419, .T. ) ;
#1351 = VERTEX_POINT ( 'NONE', #1214 ) ;
#1352 = ORIENTED_EDGE ( 'NONE', *, *, #1930, .F. ) ;
#1353 = CARTESIAN_POINT ( 'NONE',  ( 0.000000000000000000, 7.996738530728724648, 0.9750072208882357705 ) ) ;
#1354 = CARTESIAN_POINT ( 'NONE',  ( 6.499999999999999112, -3.961258559891172037, -8.324856479215943850 ) ) ;
#1355 = VECTOR ( 'NONE', #2531, 1000.000000000000000 ) ;
#1356 = ORIENTED_EDGE ( 'NONE', *, *, #74, .T. ) ;
#1357 = CARTESIAN_POINT ( 'NONE',  ( 11.00000000000000000, -1.003492786005343973, 7.996557163585839234 ) ) ;
#1358 = CARTESIAN_POINT ( 'NONE',  ( 11.00000000000000000, 0.4081851485557323467, 5.500309580042261004 ) ) ;
#1359 = CARTESIAN_POINT ( 'NONE',  ( 20.00000000000000000, 9.952211719080334973, 2.593577784831424093 ) ) ;
#1360 = EDGE_LOOP ( 'NONE', ( #3461, #2633, #1286, #683 ) ) ;
#1361 = CARTESIAN_POINT ( 'NONE',  ( 13.00000000000000178, 0.001523255446453698064, 8.000000580077024637 ) ) ;
#1362 = CARTESIAN_POINT ( 'NONE',  ( 6.500000000000000888, 0.6799406239595987556, -8.500517426721573955 ) ) ;
#1363 = PRODUCT_DEFINITION_SHAPE ( 'NONE', 'NONE',  #3218 ) ;
#1364 = CARTESIAN_POINT ( 'NONE',  ( 6.500000000000002665, 7.991542015890479078, -1.370157565731053184 ) ) ;
#1365 = CARTESIAN_POINT ( 'NONE',  ( 6.500000000000000888, 4.919808755959492075, 7.521274650041060106 ) ) ;
#1366 = CARTESIAN_POINT ( 'NONE',  ( 11.00000000000000000, 0.9648645641462239020, 7.996981420052114764 ) ) ;
#1367 = CARTESIAN_POINT ( 'NONE',  ( 13.00000000000000178, 7.413306281486634397, 5.141652362973592183 ) ) ;
#1368 = CARTESIAN_POINT ( 'NONE',  ( 12.00000000000000533, 1.058791184067875424E-19, 5.500001013597577426 ) ) ;
#1369 = CARTESIAN_POINT ( 'NONE',  ( 20.00000000000000000, 8.000001245960877583, -0.3341008311379625728 ) ) ;
#1370 = CARTESIAN_POINT ( 'NONE',  ( 11.00000000000000000, -0.9500000000000297096, 8.500000000000000000 ) ) ;
#1371 = EDGE_CURVE ( 'NONE', #2039, #3628, #1191, .T. ) ;
#1372 = VERTEX_POINT ( 'NONE', #3693 ) ;
#1373 = EDGE_LOOP ( 'NONE', ( #11, #3251, #993, #3297 ) ) ;
#1374 = CARTESIAN_POINT ( 'NONE',  ( 6.500000000000000888, -3.935974348749683660, -7.760463980645837090 ) ) ;
#1375 = CARTESIAN_POINT ( 'NONE',  ( 6.499999999999999112, -5.096078765416325318, -7.992518572132937038 ) ) ;
#1376 = ORIENTED_EDGE ( 'NONE', *, *, #515, .F. ) ;
#1377 = CARTESIAN_POINT ( 'NONE',  ( 0.000000000000000000, 7.364760967333056740, 5.257907453389946362 ) ) ;
#1378 = CARTESIAN_POINT ( 'NONE',  ( 2.000000000000001776, -7.361714456440144438, 5.257907453389930374 ) ) ;
#1379 = CARTESIAN_POINT ( 'NONE',  ( 20.00000000000000000, 9.592557225584055658, 4.922082116025720211 ) ) ;
#1380 = ORIENTED_EDGE ( 'NONE', *, *, #3874, .F. ) ;
#1381 = CARTESIAN_POINT ( 'NONE',  ( 13.00000000000000178, 3.862800328566350583, -5.214392422593067344 ) ) ;
#1382 = CARTESIAN_POINT ( 'NONE',  ( 2.000000000000001776, -7.993925265593027518, -0.9499999999998017808 ) ) ;
#1383 = CARTESIAN_POINT ( 'NONE',  ( 6.500000000000002665, 7.932685630013931899, -2.645739012952588176 ) ) ;
#1384 = CARTESIAN_POINT ( 'NONE',  ( -6.938893903907228378E-15, 8.232402828058971167, -7.628568885268041555 ) ) ;
#1385 = CARTESIAN_POINT ( 'NONE',  ( 5.000000000000000000, 7.919495878587492932, 2.802433418976869373 ) ) ;
#1386 = CARTESIAN_POINT ( 'NONE',  ( 13.00000000000000178, 7.659307731806791253, 4.388453230966709917 ) ) ;
#1387 = DIRECTION ( 'NONE',  ( -1.000000000000000000, -0.000000000000000000, -0.000000000000000000 ) ) ;
#1388 = CARTESIAN_POINT ( 'NONE',  ( 20.00000000000000000, 5.821275128020570122, -7.103874531599246644 ) ) ;
#1389 = CARTESIAN_POINT ( 'NONE',  ( 11.00000000000000000, 0.000000000000000000, 7.000000000000004441 ) ) ;
#1390 = VERTEX_POINT ( 'NONE', #1482 ) ;
#1391 = CARTESIAN_POINT ( 'NONE',  ( 20.00000000000000000, 7.659307731806791253, 4.388453230966709917 ) ) ;
#1392 = CARTESIAN_POINT ( 'NONE',  ( 6.500000000000000888, -1.669507142569619962, -7.986120789016839083 ) ) ;
#1393 = CARTESIAN_POINT ( 'NONE',  ( 5.000000000000000888, -7.974848337781192953, 1.862506083702128334 ) ) ;
#1394 = ORIENTED_EDGE ( 'NONE', *, *, #1922, .F. ) ;
#1395 = CARTESIAN_POINT ( 'NONE',  ( 11.00000000000000000, -3.758444770762070952, 7.793755650004164259 ) ) ;
#1396 = B_SPLINE_SURFACE_WITH_KNOTS ( 'NONE', 4, 1, ( 
 ( #1671, #3570 ),
 ( #2025, #3588 ),
 ( #2641, #1980 ),
 ( #3261, #179 ),
 ( #3880, #2044 ),
 ( #423, #2310 ),
 ( #2663, #2601 ),
 ( #2972, #3301 ),
 ( #135, #1109 ),
 ( #1048, #734 ),
 ( #1692, #2685 ),
 ( #2952, #3281 ),
 ( #756, #1754 ),
 ( #115, #3610 ),
 ( #443, #1384 ),
 ( #467, #3901 ),
 ( #3942, #488 ),
 ( #1734, #1069 ),
 ( #2376, #3014 ),
 ( #2331, #3859 ),
 ( #1714, #1404 ),
 ( #3922, #715 ),
 ( #2623, #1028 ),
 ( #2289, #2993 ),
 ( #1089, #93 ),
 ( #155, #2352 ),
 ( #1426, #3632 ),
 ( #777, #799 ) ),
 .UNSPECIFIED., .F., .F., .F.,
 ( 5, 1, 1, 1, 1, 1, 1, 1, 1, 1, 1, 1, 1, 1, 1, 1, 1, 1, 1, 1, 1, 1, 1, 1, 5 ),
 ( 2, 2 ),
 ( 0.05598378939387900488, 0.1438434350945421714, 0.2295776819180273542, 0.2879854558222087468, 0.3173365680213071083, 0.3466825347546780844, 0.3760307915020922320, 0.4053812968129312799, 0.4347302143907088579, 0.4640790138278358401, 0.4934292718648673470, 0.5178832292952935124, 0.5374496309186466148, 0.5614407115021561312, 0.5907904099055318881, 0.6201398579447298109, 0.6494894125023795706, 0.6788391061138823179, 0.7081886800739951582, 0.7375382592650827629, 0.7668879200445886113, 0.8239022218958399479, 0.8826014781629732964, 0.9413007387147120930, 1.000000000000000000 ),
 ( 0.000000000000000000, 1.000000000000000000 ),
 .UNSPECIFIED. ) ;
#1397 = EDGE_CURVE ( 'NONE', #2444, #2559, #2746, .T. ) ;
#1398 = DIRECTION ( 'NONE',  ( -1.000000000000000000, 0.000000000000000000, 0.000000000000000000 ) ) ;
#1399 = CARTESIAN_POINT ( 'NONE',  ( 18.00000000000000355, -6.199976180397095860, -6.842559245454698846 ) ) ;
#1400 = ORIENTED_EDGE ( 'NONE', *, *, #2511, .T. ) ;
#1401 = DIRECTION ( 'NONE',  ( 0.000000000000000000, 1.000000000000000000, 0.000000000000000000 ) ) ;
#1402 = CARTESIAN_POINT ( 'NONE',  ( 6.500000000000000888, 8.325115491524936573, 3.958251284450287510 ) ) ;
#1403 = CARTESIAN_POINT ( 'NONE',  ( 11.00000000000000000, 5.821275128020570122, -7.103874531599246644 ) ) ;
#1404 = CARTESIAN_POINT ( 'NONE',  ( -6.938893903907228378E-15, 9.592557225584069869, -4.922082116025469745 ) ) ;
#1405 = ADVANCED_FACE ( 'NONE', ( #1547 ), #4003, .T. ) ;
#1406 = CARTESIAN_POINT ( 'NONE',  ( 5.000000000000000000, 7.996738530762002028, 0.9750072175743491609 ) ) ;
#1407 = FACE_OUTER_BOUND ( 'NONE', #2821, .T. ) ;
#1408 = CARTESIAN_POINT ( 'NONE',  ( 2.000000000000002220, 0.000000000000000000, -7.750075612333780839 ) ) ;
#1409 = CARTESIAN_POINT ( 'NONE',  ( 20.00000000000000000, 7.624384212064461153, -4.518215179557856231 ) ) ;
#1410 = CARTESIAN_POINT ( 'NONE',  ( 18.00000000000000355, -7.361714456440144438, 5.257907453389930374 ) ) ;
#1411 = ORIENTED_EDGE ( 'NONE', *, *, #666, .F. ) ;
#1412 = CARTESIAN_POINT ( 'NONE',  ( 20.00000000000000000, 7.870589382685932556, 3.260513804451152353 ) ) ;
#1413 = DIRECTION ( 'NONE',  ( -0.000000000000000000, -1.000000000000000000, 2.168404344971008375E-16 ) ) ;
#1414 = DIRECTION ( 'NONE',  ( 0.000000000000000000, 0.000000000000000000, -1.000000000000000000 ) ) ;
#1415 = CARTESIAN_POINT ( 'NONE',  ( 0.000000000000000000, -7.960567960112083341, 2.177562438472021356 ) ) ;
#1416 = ORIENTED_EDGE ( 'NONE', *, *, #4078, .F. ) ;
#1417 = CARTESIAN_POINT ( 'NONE',  ( 5.000000000000000888, 7.963614471005002748, 2.177562438472038231 ) ) ;
#1418 = AXIS2_PLACEMENT_3D ( 'NONE', #2799, #845, #2442 ) ;
#1419 = CARTESIAN_POINT ( 'NONE',  ( 2.000000000000001776, -7.951688486432296088, 2.333320861749602404 ) ) ;
#1420 = CARTESIAN_POINT ( 'NONE',  ( 18.00000000000000355, -7.501387247522696811, -4.899417217456346840 ) ) ;
#1421 = VERTEX_POINT ( 'NONE', #282 ) ;
#1422 = CARTESIAN_POINT ( 'NONE',  ( 13.00000000000000178, -3.268209366061708199, 7.885017484777665508 ) ) ;
#1423 = EDGE_CURVE ( 'NONE', #2789, #1039, #2456, .T. ) ;
#1424 = DIRECTION ( 'NONE',  ( 0.000000000000000000, 3.614007241618347292E-16, 1.000000000000000000 ) ) ;
#1425 = CARTESIAN_POINT ( 'NONE',  ( 12.99999999999999467, 5.357227357212735797, 3.261163855499847219 ) ) ;
#1426 = CARTESIAN_POINT ( 'NONE',  ( 20.00000000000000000, 10.00000000000001421, -0.2474538092382009835 ) ) ;
#1427 = CARTESIAN_POINT ( 'NONE',  ( 5.000000000000000000, 7.806769986350412971, 3.693151717295427350 ) ) ;
#1428 = CARTESIAN_POINT ( 'NONE',  ( 0.000000000000000000, 7.000000000000005329, 0.9499999999999998446 ) ) ;
#1429 = CARTESIAN_POINT ( 'NONE',  ( 11.00000000000000000, 0.001523255446463035864, -5.499999854980488045 ) ) ;
#1430 = CARTESIAN_POINT ( 'NONE',  ( 13.00000000000000178, 7.994340404933882205, -1.198537620874680965 ) ) ;
#1431 = CARTESIAN_POINT ( 'NONE',  ( 18.00000000000000355, -7.951688486432296088, 2.333320861749602404 ) ) ;
#1432 = ORIENTED_EDGE ( 'NONE', *, *, #3021, .F. ) ;
#1433 = CARTESIAN_POINT ( 'NONE',  ( 13.00000000000000178, 7.954734997325215495, 2.333320861749619279 ) ) ;
#1434 = CARTESIAN_POINT ( 'NONE',  ( 0.000000000000000000, 7.806769986350412083, -3.693151717295219516 ) ) ;
#1435 = CARTESIAN_POINT ( 'NONE',  ( 13.00000000000000178, 7.999048912134699485, -0.6768666228592550294 ) ) ;
#1436 = FACE_OUTER_BOUND ( 'NONE', #642, .T. ) ;
#1437 = VERTEX_POINT ( 'NONE', #899 ) ;
#1438 = CARTESIAN_POINT ( 'NONE',  ( 5.000000000000000888, 7.546993110261257520, 4.773512810947254437 ) ) ;
#1439 = DIRECTION ( 'NONE',  ( 0.000000000000000000, 1.000000000000000000, 3.469446951953615372E-15 ) ) ;
#1440 = CARTESIAN_POINT ( 'NONE',  ( 18.00000000000000355, -7.951688486432296088, -2.333320861749382580 ) ) ;
#1441 = ORIENTED_EDGE ( 'NONE', *, *, #3233, .F. ) ;
#1442 = CARTESIAN_POINT ( 'NONE',  ( 11.00000000000000000, -3.986749424287184596, 7.750075608637186697 ) ) ;
#1443 = VECTOR ( 'NONE', #4011, 1000.000000000000000 ) ;
#1444 = CARTESIAN_POINT ( 'NONE',  ( 20.00000000000000000, -7.974848337781192953, 1.862506083702128334 ) ) ;
#1445 = CARTESIAN_POINT ( 'NONE',  ( 11.00000000000000000, 5.035885375531290009, 4.342439843241115760 ) ) ;
#1446 = CARTESIAN_POINT ( 'NONE',  ( 11.00000000000000000, 5.500000000000003553, -2.889476327351148832E-13 ) ) ;
#1447 = DIRECTION ( 'NONE',  ( 0.000000000000000000, 0.000000000000000000, -1.000000000000000000 ) ) ;
#1448 = CARTESIAN_POINT ( 'NONE',  ( 2.000000000000002220, -54.99999999999965894, -7.750075612333780839 ) ) ;
#1449 = LINE ( 'NONE', #1844, #377 ) ;
#1450 = CARTESIAN_POINT ( 'NONE',  ( 11.00000000000000000, -0.9500000000001148637, -6.999999999999920064 ) ) ;
#1451 = VERTEX_POINT ( 'NONE', #2724 ) ;
#1452 = CARTESIAN_POINT ( 'NONE',  ( 20.00000000000000000, 6.842564920666044159, 6.203019186482348069 ) ) ;
#1453 = EDGE_CURVE ( 'NONE', #1591, #1750, #876, .T. ) ;
#1454 = CARTESIAN_POINT ( 'NONE',  ( 11.00000000000000000, 5.500027414142281579, -0.8133115296098683000 ) ) ;
#1455 = CARTESIAN_POINT ( 'NONE',  ( 11.00000000000000000, 0.001523255446463035864, -5.499999854980488045 ) ) ;
#1456 = DIRECTION ( 'NONE',  ( 0.000000000000000000, -3.614007241618347292E-16, -1.000000000000000000 ) ) ;
#1457 = CARTESIAN_POINT ( 'NONE',  ( 0.000000000000000000, -7.867542871793014037, 3.260513804451135922 ) ) ;
#1458 = VERTEX_POINT ( 'NONE', #1772 ) ;
#1459 = CARTESIAN_POINT ( 'NONE',  ( 20.00000000000000000, 0.001523255446470592970, -8.000000580076788381 ) ) ;
#1460 = VECTOR ( 'NONE', #1936, 1000.000000000000000 ) ;
#1461 = LINE ( 'NONE', #1794, #2533 ) ;
#1462 = CARTESIAN_POINT ( 'NONE',  ( 0.000000000000000000, 6.837508212473188962, 8.806024165814488214 ) ) ;
#1463 = ORIENTED_EDGE ( 'NONE', *, *, #3959, .T. ) ;
#1464 = CARTESIAN_POINT ( 'NONE',  ( 5.000000000000000888, -0.9500000000001148637, -6.999999999999920064 ) ) ;
#1465 = CARTESIAN_POINT ( 'NONE',  ( 12.99999999999999467, 5.486564353746981482, 1.632558406208314716 ) ) ;
#1466 = CARTESIAN_POINT ( 'NONE',  ( 13.42074368738218837, 7.000000000000004441, -0.9500000000000000666 ) ) ;
#1467 = CARTESIAN_POINT ( 'NONE',  ( 0.000000000000000000, 5.404655749103321583, -9.450800041127243034 ) ) ;
#1468 = CARTESIAN_POINT ( 'NONE',  ( 11.00000000000000000, 7.955025362903376696, 2.335092155806048453 ) ) ;
#1469 = CARTESIAN_POINT ( 'NONE',  ( 13.00000000000000178, 7.998094335137079902, 0.8514301556693039119 ) ) ;
#1470 = CARTESIAN_POINT ( 'NONE',  ( 20.00000000000000000, -1.373354731173107801, -7.999332193501478727 ) ) ;
#1471 = CARTESIAN_POINT ( 'NONE',  ( 6.500000000000001776, 1.314854083768199899, 7.993626276589695934 ) ) ;
#1472 = ORIENTED_EDGE ( 'NONE', *, *, #3892, .T. ) ;
#1473 = CARTESIAN_POINT ( 'NONE',  ( 13.00000000000000178, 7.724210963675129271, 4.116547995452084052 ) ) ;
#1474 = LINE ( 'NONE', #1182, #2040 ) ;
#1475 = CARTESIAN_POINT ( 'NONE',  ( 11.00000000000000000, 5.359958319163709461, -3.242244432248527097 ) ) ;
#1476 = CARTESIAN_POINT ( 'NONE',  ( 5.000000000000001776, 7.994340404933882205, -1.198537620874680965 ) ) ;
#1477 = VECTOR ( 'NONE', #2410, 1000.000000000000000 ) ;
#1478 = CARTESIAN_POINT ( 'NONE',  ( 0.000000000000000000, -7.960567960112083341, 2.177562438472021356 ) ) ;
#1479 = CARTESIAN_POINT ( 'NONE',  ( 5.000000000000000888, -7.751014368456739412, 3.975098189427029638 ) ) ;
#1480 = CARTESIAN_POINT ( 'NONE',  ( 5.000000000000000888, 7.870589382685932556, 3.260513804451152353 ) ) ;
#1481 = PLANE ( 'NONE',  #2069 ) ;
#1482 = CARTESIAN_POINT ( 'NONE',  ( 0.000000000000000000, 7.000000000000004441, -0.9500000000000000666 ) ) ;
#1483 = ORIENTED_EDGE ( 'NONE', *, *, #753, .T. ) ;
#1484 = VECTOR ( 'NONE', #2998, 1000.000000000000000 ) ;
#1485 = CARTESIAN_POINT ( 'NONE',  ( 5.000000000000000888, 0.9500000000000734524, -6.999999999999995559 ) ) ;
#1486 = CARTESIAN_POINT ( 'NONE',  ( 11.00000000000000000, 1.628090368167735225, 5.486446534003650122 ) ) ;
#1487 = CARTESIAN_POINT ( 'NONE',  ( 6.500000000000000888, 7.954734997325215495, 2.333320861749619279 ) ) ;
#1488 = CARTESIAN_POINT ( 'NONE',  ( 0.000000000000000000, 3.382710778154773834E-13, -9.999999999999850786 ) ) ;
#1489 = CARTESIAN_POINT ( 'NONE',  ( 16.50000000000000000, -3.986703887528636692, 7.750075612333782615 ) ) ;
#1490 = CARTESIAN_POINT ( 'NONE',  ( 11.00000000000000000, 0.4099364528675500385, -5.500310913884323583 ) ) ;
#1491 = CARTESIAN_POINT ( 'NONE',  ( 5.000000000000000888, 0.9499999999999485523, -7.997135450844472082 ) ) ;
#1492 = CARTESIAN_POINT ( 'NONE',  ( 13.00000000000000178, -1.373354731173107801, -7.999332193501478727 ) ) ;
#1493 = ORIENTED_EDGE ( 'NONE', *, *, #3258, .F. ) ;
#1494 = CARTESIAN_POINT ( 'NONE',  ( 0.000000000000000000, 7.935626209784349072, 7.946779887102056072 ) ) ;
#1495 = CARTESIAN_POINT ( 'NONE',  ( 13.00000000000000178, -7.101159965809617169, 5.820499722137403964 ) ) ;
#1496 = ADVANCED_FACE ( 'NONE', ( #3029 ), #3568, .F. ) ;
#1497 = CARTESIAN_POINT ( 'NONE',  ( 0.000000000000000000, 7.919495878587501814, -2.802433418976625568 ) ) ;
#1498 = CARTESIAN_POINT ( 'NONE',  ( -8.673617379884035472E-16, 7.991542015890479078, -1.370157565731053184 ) ) ;
#1499 = CARTESIAN_POINT ( 'NONE',  ( 0.000000000000000000, -7.543946599368344330, 4.773512810947238449 ) ) ;
#1500 = CARTESIAN_POINT ( 'NONE',  ( 5.000000000000000888, -7.501387247522704804, 4.899417217456560891 ) ) ;
#1501 = CARTESIAN_POINT ( 'NONE',  ( 5.000000000000000888, 7.954734997325215495, 2.333320861749619279 ) ) ;
#1502 = LINE ( 'NONE', #2766, #1477 ) ;
#1503 = CARTESIAN_POINT ( 'NONE',  ( 0.000000000000000000, 5.897795986540761426, 9.271724392459137931 ) ) ;
#1504 = EDGE_CURVE ( 'NONE', #971, #146, #790, .T. ) ;
#1505 = ORIENTED_EDGE ( 'NONE', *, *, #3170, .F. ) ;
#1506 = CARTESIAN_POINT ( 'NONE',  ( 20.00000000000000000, -7.826697700378044686, 3.551969690029785909 ) ) ;
#1507 = LINE ( 'NONE', #1776, #3219 ) ;
#1508 = CARTESIAN_POINT ( 'NONE',  ( 6.500000000000000888, 7.888424765259834714, 3.110230222913495712 ) ) ;
#1509 = CARTESIAN_POINT ( 'NONE',  ( 5.000000000000001776, 7.996971776485952255, -0.9500000000000002887 ) ) ;
#1510 = SURFACE_STYLE_FILL_AREA ( #3389 ) ;
#1511 = CARTESIAN_POINT ( 'NONE',  ( 13.00000000000000178, 5.500027414142281579, -0.8133115296098683000 ) ) ;
#1512 = CARTESIAN_POINT ( 'NONE',  ( 20.00000000000000000, -7.929639119121001833, -2.645739012952605052 ) ) ;
#1513 = PLANE ( 'NONE',  #1557 ) ;
#1514 = EDGE_LOOP ( 'NONE', ( #3166, #3179, #570, #474 ) ) ;
#1515 = CARTESIAN_POINT ( 'NONE',  ( 5.000000000000000888, -6.839518409773001295, -6.203019186482218394 ) ) ;
#1516 = VECTOR ( 'NONE', #1317, 1000.000000000000000 ) ;
#1517 = CARTESIAN_POINT ( 'NONE',  ( 20.00000000000000000, -7.929639119121005386, 2.645739012952750713 ) ) ;
#1518 = CARTESIAN_POINT ( 'NONE',  ( -3.469446951953614189E-15, -7.621337701171527534, -4.518215179557873107 ) ) ;
#1519 = CARTESIAN_POINT ( 'NONE',  ( -8.673617379884035472E-16, 7.996487503113854700, -1.000006010947310120 ) ) ;
#1520 = CARTESIAN_POINT ( 'NONE',  ( 20.00000000000000000, 4.901036284322612957, 9.597547811488784220 ) ) ;
#1521 = CARTESIAN_POINT ( 'NONE',  ( 12.99999999999999467, 5.486564353746981482, 1.632558406208314716 ) ) ;
#1522 = CARTESIAN_POINT ( 'NONE',  ( 11.00000000000000000, -1.313793427163779004, 7.993584671374088124 ) ) ;
#1523 = APPLICATION_CONTEXT ( 'automotive_design' ) ;
#1524 = CARTESIAN_POINT ( 'NONE',  ( 20.00000000000000000, 3.382710778154773834E-13, 10.00000000000015099 ) ) ;
#1525 = DIRECTION ( 'NONE',  ( 0.000000000000000000, 1.000000000000000000, -7.228014483236698281E-17 ) ) ;
#1526 = ORIENTED_EDGE ( 'NONE', *, *, #326, .T. ) ;
#1527 = AXIS2_PLACEMENT_3D ( 'NONE', #2598, #3897, #3963 ) ;
#1528 = CARTESIAN_POINT ( 'NONE',  ( 20.00000000000000000, -4.398425283540267294, 7.675014244674405184 ) ) ;
#1529 = CARTESIAN_POINT ( 'NONE',  ( 11.00000000000000178, -3.595905679954393808, -7.822007410694487461 ) ) ;
#1530 = CARTESIAN_POINT ( 'NONE',  ( 6.500000000000000888, 7.932685630013924794, 2.645739012952767588 ) ) ;
#1531 = CARTESIAN_POINT ( 'NONE',  ( 0.000000000000000000, 4.263402913510627279, -9.744407353998882471 ) ) ;
#1532 = CARTESIAN_POINT ( 'NONE',  ( 10.99999999999999822, 7.867054172609929452, 3.306662718425794179 ) ) ;
#1533 = CARTESIAN_POINT ( 'NONE',  ( 13.00000000000000178, 7.983313762654070445, 1.702190156616706807 ) ) ;
#1534 = CARTESIAN_POINT ( 'NONE',  ( 20.00000000000000000, -7.410259770593713213, -5.141652362973361257 ) ) ;
#1535 = DIRECTION ( 'NONE',  ( 0.000000000000000000, 1.000000000000000000, -0.000000000000000000 ) ) ;
#1536 = ORIENTED_EDGE ( 'NONE', *, *, #375, .T. ) ;
#1537 = CARTESIAN_POINT ( 'NONE',  ( 0.000000000000000000, 0.9499999999999722000, 7.997127255426176085 ) ) ;
#1538 = CARTESIAN_POINT ( 'NONE',  ( 20.00000000000000000, -7.826697700378044686, 3.551969690029785909 ) ) ;
#1539 = CARTESIAN_POINT ( 'NONE',  ( 5.000000000000000888, -7.991293894040955692, -1.198537620874698062 ) ) ;
#1540 = CARTESIAN_POINT ( 'NONE',  ( 5.000000000000001776, 7.624384212064461153, -4.518215179557856231 ) ) ;
#1541 = CARTESIAN_POINT ( 'NONE',  ( 18.00000000000000355, -48.53950082113558295, -7.750075612333780839 ) ) ;
#1542 = CARTESIAN_POINT ( 'NONE',  ( 12.99999999999999467, 1.628090368167735225, 5.486446534003650122 ) ) ;
#1543 = CARTESIAN_POINT ( 'NONE',  ( 11.00000000000000000, 4.610453538246905403, -4.881787256642141415 ) ) ;
#1544 = AXIS2_PLACEMENT_3D ( 'NONE', #4043, #1213, #3007 ) ;
#1545 = B_SPLINE_CURVE_WITH_KNOTS ( 'NONE', 3,
 ( #231, #1119, #3975, #2097, #2694, #167, #2426, #788, #3353, #807, #1497, #453, #1765, #3620, #1434, #4016, #3375, #1809, #209, #2404, #476, #2449, #2077, #2738, #3686, #2386, #3641, #2715, #1742, #3707, #1183, #869, #827, #2673 ),
 .UNSPECIFIED., .F., .F.,
 ( 4, 2, 2, 2, 2, 2, 2, 2, 2, 2, 2, 2, 2, 2, 2, 2, 4 ),
 ( 0.05800249591586148501, 0.06249999999999977796, 0.09374999999999977796, 0.1249999999999997780, 0.1562499999999997780, 0.1874999999999997780, 0.2187499999999998057, 0.2499999999999997780, 0.2812499999999998890, 0.3124999999999998890, 0.3437499999999998890, 0.3749999999999998890, 0.4999999999999998890, 0.6249999999999998890, 0.7500000000000000000, 0.8749999999999998890, 0.9425128986974424805 ),
 .UNSPECIFIED. ) ;
#1546 = APPLICATION_PROTOCOL_DEFINITION ( 'draft international standard', 'automotive_design', 1998, #1523 ) ;
#1547 = FACE_OUTER_BOUND ( 'NONE', #2236, .T. ) ;
#1548 = ORIENTED_EDGE ( 'NONE', *, *, #74, .F. ) ;
#1549 = PLANE ( 'NONE',  #888 ) ;
#1550 = CARTESIAN_POINT ( 'NONE',  ( 5.000000000000000000, 7.919495878587501814, -2.802433418976625568 ) ) ;
#1551 = ADVANCED_FACE ( 'NONE', ( #105 ), #1744, .F. ) ;
#1552 = CARTESIAN_POINT ( 'NONE',  ( 0.000000000000000000, -0.9500000000000278222, 7.997097744788595364 ) ) ;
#1553 = CARTESIAN_POINT ( 'NONE',  ( 2.000000000000001776, -7.826697700378039357, -3.551969690029617599 ) ) ;
#1554 = DIRECTION ( 'NONE',  ( 0.000000000000000000, 0.000000000000000000, -1.000000000000000000 ) ) ;
#1555 = CARTESIAN_POINT ( 'NONE',  ( 5.000000000000000000, -2.657066463029897907, -7.942065616297995234 ) ) ;
#1556 = ORIENTED_EDGE ( 'NONE', *, *, #468, .T. ) ;
#1557 = AXIS2_PLACEMENT_3D ( 'NONE', #512, #2757, #4012 ) ;
#1558 = CARTESIAN_POINT ( 'NONE',  ( -3.469446951953614189E-15, -4.398425283540144726, -7.675014244674209785 ) ) ;
#1559 = CARTESIAN_POINT ( 'NONE',  ( 5.000000000000000888, 7.996971776485941596, 0.9500000000000000666 ) ) ;
#1560 = CARTESIAN_POINT ( 'NONE',  ( -3.469446951953614189E-15, -7.885378254366919748, -3.110230222913257681 ) ) ;
#1561 = FACE_OUTER_BOUND ( 'NONE', #1215, .T. ) ;
#1562 = CARTESIAN_POINT ( 'NONE',  ( 13.00000000000000178, 0.7000379167083684573, -8.000532588362069930 ) ) ;
#1563 = ADVANCED_FACE ( 'NONE', ( #1436 ), #1291, .F. ) ;
#1564 = CARTESIAN_POINT ( 'NONE',  ( 11.00000000000000000, -3.268209366061708199, 7.885017484777665508 ) ) ;
#1565 = CARTESIAN_POINT ( 'NONE',  ( 20.00000000000000000, -3.268209366061821886, -7.885017484777416819 ) ) ;
#1566 = VERTEX_POINT ( 'NONE', #2675 ) ;
#1567 = LINE ( 'NONE', #1337, #1945 ) ;
#1568 = CARTESIAN_POINT ( 'NONE',  ( 6.500000000000000888, 1.026574285919058110E-13, 8.499999564942370966 ) ) ;
#1569 = CARTESIAN_POINT ( 'NONE',  ( 2.000000000000001776, -7.410259770593713213, -5.141652362973361257 ) ) ;
#1570 = CARTESIAN_POINT ( 'NONE',  ( 0.000000000000000000, -7.960567960112083341, -2.177562438471835726 ) ) ;
#1571 = CARTESIAN_POINT ( 'NONE',  ( 6.500000000000001776, 7.364760967333056740, 5.257907453389946362 ) ) ;
#1572 = ORIENTED_EDGE ( 'NONE', *, *, #782, .T. ) ;
#1573 = VECTOR ( 'NONE', #737, 1000.000000000000000 ) ;
#1574 = CARTESIAN_POINT ( 'NONE',  ( 5.000000000000000888, -7.543946599368335448, -4.773512810947029728 ) ) ;
#1575 = EDGE_CURVE ( 'NONE', #726, #2318, #455, .T. ) ;
#1576 = CARTESIAN_POINT ( 'NONE',  ( 0.000000000000000000, 7.996962117353913158, -0.9500000000000001776 ) ) ;
#1577 = CARTESIAN_POINT ( 'NONE',  ( 5.000000000000000888, -7.621337701171527534, -4.518215179557873107 ) ) ;
#1578 = LINE ( 'NONE', #2878, #1058 ) ;
#1579 = CARTESIAN_POINT ( 'NONE',  ( 0.000000000000000000, 0.000000000000000000, 0.000000000000000000 ) ) ;
#1580 = EDGE_CURVE ( 'NONE', #2166, #1390, #1059, .T. ) ;
#1581 = CARTESIAN_POINT ( 'NONE',  ( 5.000000000000000888, 7.000000000000004441, -0.9500000000000000666 ) ) ;
#1582 = CARTESIAN_POINT ( 'NONE',  ( 20.00000000000000000, -7.410259770593713213, -5.141652362973361257 ) ) ;
#1583 = ADVANCED_FACE ( 'NONE', ( #3559 ), #2615, .F. ) ;
#1584 = VERTEX_POINT ( 'NONE', #586 ) ;
#1585 = CARTESIAN_POINT ( 'NONE',  ( 2.000000000000002220, 0.000000000000000000, -7.750075612333780839 ) ) ;
#1586 = CARTESIAN_POINT ( 'NONE',  ( 4.999999999999999112, 1.026574285919058110E-13, 8.499999564942370966 ) ) ;
#1587 = DIRECTION ( 'NONE',  ( 0.000000000000000000, 1.256228917186600745E-13, 1.000000000000000000 ) ) ;
#1588 = CARTESIAN_POINT ( 'NONE',  ( 2.000000000000001776, -7.993925265593027518, -0.9499999999998017808 ) ) ;
#1589 = CARTESIAN_POINT ( 'NONE',  ( 0.000000000000000000, -7.867542871793015813, -3.260513804450916542 ) ) ;
#1590 = CARTESIAN_POINT ( 'NONE',  ( 11.00000000000000000, 7.932685630013924794, 2.645739012952767588 ) ) ;
#1591 = VERTEX_POINT ( 'NONE', #566 ) ;
#1592 = ORIENTED_EDGE ( 'NONE', *, *, #1647, .F. ) ;
#1593 = CARTESIAN_POINT ( 'NONE',  ( 20.00000000000000000, 6.203022691289977963, 6.842559245454959971 ) ) ;
#1594 = CARTESIAN_POINT ( 'NONE',  ( 6.500000000000000888, 5.059279089555468803E-13, -8.499999564942138264 ) ) ;
#1595 = CARTESIAN_POINT ( 'NONE',  ( 5.000000000000000000, 7.831728099316932479, 5.645322682028865557 ) ) ;
#1596 = CARTESIAN_POINT ( 'NONE',  ( 6.500000000000000888, -0.9500000000001150857, -7.997106055648366407 ) ) ;
#1597 = VERTEX_POINT ( 'NONE', #2163 ) ;
#1598 = FACE_OUTER_BOUND ( 'NONE', #1762, .T. ) ;
#1599 = CARTESIAN_POINT ( 'NONE',  ( 13.42074368738218837, -0.9500000000000270450, 7.750075612333781727 ) ) ;
#1600 =( NAMED_UNIT ( * ) PLANE_ANGLE_UNIT ( ) SI_UNIT ( $, .RADIAN. ) );
#1601 = CARTESIAN_POINT ( 'NONE',  ( 13.00000000000000178, -7.751014368456733195, -3.975098189426821360 ) ) ;
#1602 = ORIENTED_EDGE ( 'NONE', *, *, #1679, .T. ) ;
#1603 = AXIS2_PLACEMENT_3D ( 'NONE', #2810, #645, #665 ) ;
#1604 = CARTESIAN_POINT ( 'NONE',  ( 10.99999999999999822, 4.346576354167732248, -7.676086873489168738 ) ) ;
#1605 = B_SPLINE_CURVE_WITH_KNOTS ( 'NONE', 3,
 ( #620, #34, #1943, #3843, #3491, #2253, #12, #3162, #1633, #1262, #1924, #3181, #57, #1324, #2528, #2585, #1962, #1656, #345, #328, #1613, #3221, #3146, #2603, #2915, #76, #932, #1593, #312, #137, #781, #2046, #2027, #470, #2666, #2378 ),
 .UNSPECIFIED., .F., .F.,
 ( 4, 2, 2, 2, 2, 2, 2, 2, 2, 2, 2, 2, 2, 2, 2, 2, 2, 4 ),
 ( 0.000000000000000000, 0.03124999999999992367, 0.06249999999999984734, 0.09374999999999979183, 0.1249999999999997502, 0.1562499999999997224, 0.1874999999999996947, 0.2187499999999996947, 0.2499999999999996669, 0.2812499999999996669, 0.3124999999999996114, 0.3437499999999996114, 0.3749999999999995559, 0.4999999999999996669, 0.6249999999999996669, 0.7499999999999996669, 0.8749999999999998890, 1.000000000000000000 ),
 .UNSPECIFIED. ) ;
#1606 = CARTESIAN_POINT ( 'NONE',  ( 20.00000000000000000, 7.983313762654077550, -1.702190156616459227 ) ) ;
#1607 = CARTESIAN_POINT ( 'NONE',  ( 6.500000000000000888, 7.870589382685947655, -3.260513804450900111 ) ) ;
#1608 = CARTESIAN_POINT ( 'NONE',  ( 2.000000000000001776, -7.929639119121001833, -2.645739012952605052 ) ) ;
#1609 = CARTESIAN_POINT ( 'NONE',  ( 0.000000000000000000, -7.621337701171527534, -4.518215179557873107 ) ) ;
#1610 = CARTESIAN_POINT ( 'NONE',  ( 11.00000000000000000, 7.870589382685932556, 3.260513804451152353 ) ) ;
#1611 = ORIENTED_EDGE ( 'NONE', *, *, #2797, .T. ) ;
#1612 = ORIENTED_EDGE ( 'NONE', *, *, #545, .F. ) ;
#1613 = CARTESIAN_POINT ( 'NONE',  ( 20.00000000000000000, 7.624384212064456712, 4.518215179558075612 ) ) ;
#1614 = CARTESIAN_POINT ( 'NONE',  ( 5.000000000000000000, -3.268209366061708199, 7.885017484777665508 ) ) ;
#1615 = VECTOR ( 'NONE', #1805, 1000.000000000000000 ) ;
#1616 = CARTESIAN_POINT ( 'NONE',  ( -8.673617379884035472E-16, 6.203022691290034807, -6.842559245454685524 ) ) ;
#1617 = CARTESIAN_POINT ( 'NONE',  ( 6.500000000000000888, -54.99999999999965894, -7.750075612333780839 ) ) ;
#1618 = EDGE_LOOP ( 'NONE', ( #3645, #4065, #2858, #2125, #3876 ) ) ;
#1619 = ORIENTED_EDGE ( 'NONE', *, *, #985, .F. ) ;
#1620 = FACE_OUTER_BOUND ( 'NONE', #1857, .T. ) ;
#1621 = CARTESIAN_POINT ( 'NONE',  ( 20.00000000000000000, -7.751014368456733195, -3.975098189426821360 ) ) ;
#1622 = ORIENTED_EDGE ( 'NONE', *, *, #3085, .T. ) ;
#1623 = CARTESIAN_POINT ( 'NONE',  ( 5.000000000000000888, 0.9499999999999757527, 7.000000000000007994 ) ) ;
#1624 = EDGE_CURVE ( 'NONE', #1437, #1056, #251, .T. ) ;
#1625 = CARTESIAN_POINT ( 'NONE',  ( 20.00000000000000000, 7.659307731806804576, -4.388453230966465668 ) ) ;
#1626 = EDGE_CURVE ( 'NONE', #971, #1913, #2183, .T. ) ;
#1627 = CARTESIAN_POINT ( 'NONE',  ( 6.500000000000000888, 7.932685630013931899, -2.645739012952588176 ) ) ;
#1628 = CARTESIAN_POINT ( 'NONE',  ( 2.000000000000001776, -4.492380575509423046, -7.646523405708561150 ) ) ;
#1629 = CARTESIAN_POINT ( 'NONE',  ( 5.000000000000000000, 0.000000000000000000, -7.750075612333780839 ) ) ;
#1630 = CARTESIAN_POINT ( 'NONE',  ( 6.500000000000001776, 6.203022691289977963, 6.842559245454959971 ) ) ;
#1631 = ORIENTED_EDGE ( 'NONE', *, *, #457, .T. ) ;
#1632 = DIRECTION ( 'NONE',  ( 0.000000000000000000, 1.000000000000000000, 0.000000000000000000 ) ) ;
#1633 = CARTESIAN_POINT ( 'NONE',  ( 20.00000000000000000, 7.977894848674115025, 1.862506083702145210 ) ) ;
#1634 = CARTESIAN_POINT ( 'NONE',  ( 6.500000000000000888, 5.059279089555468803E-13, -8.499999564942138264 ) ) ;
#1635 = EDGE_CURVE ( 'NONE', #1100, #2412, #368, .T. ) ;
#1636 = VECTOR ( 'NONE', #1139, 1000.000000000000000 ) ;
#1637 = CARTESIAN_POINT ( 'NONE',  ( -8.673617379884035472E-16, 3.271255876954762609, -7.885017484777410601 ) ) ;
#1638 = PLANE ( 'NONE',  #2340 ) ;
#1639 = ORIENTED_EDGE ( 'NONE', *, *, #3161, .F. ) ;
#1640 = DIRECTION ( 'NONE',  ( -1.000000000000000000, 0.000000000000000000, 0.000000000000000000 ) ) ;
#1641 = VECTOR ( 'NONE', #3142, 1000.000000000000000 ) ;
#1642 = CARTESIAN_POINT ( 'NONE',  ( 0.000000000000000000, 7.624384212064456712, 4.518215179558075612 ) ) ;
#1643 = CARTESIAN_POINT ( 'NONE',  ( 20.00000000000000000, -7.996953489107089474, -0.1658497824140048038 ) ) ;
#1644 = VERTEX_POINT ( 'NONE', #2418 ) ;
#1645 = CARTESIAN_POINT ( 'NONE',  ( 0.000000000000000000, 1.671588706517485923, 7.986163835448262027 ) ) ;
#1646 = VECTOR ( 'NONE', #1308, 1000.000000000000000 ) ;
#1647 = EDGE_CURVE ( 'NONE', #971, #2166, #841, .T. ) ;
#1648 = DIRECTION ( 'NONE',  ( -0.000000000000000000, 1.000000000000000000, -0.000000000000000000 ) ) ;
#1649 = PLANE ( 'NONE',  #128 ) ;
#1650 = CARTESIAN_POINT ( 'NONE',  ( 6.500000000000000888, 7.364760967333106478, -5.257907453389635499 ) ) ;
#1651 = CARTESIAN_POINT ( 'NONE',  ( 6.500000000000000888, 1.061554629058292579E-13, 8.499999564942370966 ) ) ;
#1652 = CARTESIAN_POINT ( 'NONE',  ( 6.500000000000002665, 7.888424765259851590, -3.110230222913241249 ) ) ;
#1653 = CARTESIAN_POINT ( 'NONE',  ( 11.00000000000000000, 7.963614471005002748, 2.177562438472038231 ) ) ;
#1654 = CARTESIAN_POINT ( 'NONE',  ( 11.00000000000000000, -3.986703890518010329, 7.750075611721620739 ) ) ;
#1655 = VECTOR ( 'NONE', #2767, 1000.000000000000000 ) ;
#1656 = CARTESIAN_POINT ( 'NONE',  ( 20.00000000000000000, 7.754060879349655266, 3.975098189427046069 ) ) ;
#1657 = CARTESIAN_POINT ( 'NONE',  ( 5.000000000000000000, 8.325115491524963218, -3.958251284449962881 ) ) ;
#1658 = CARTESIAN_POINT ( 'NONE',  ( 13.00000000000000178, 7.504433758415631317, -4.899417217456330853 ) ) ;
#1659 = DIRECTION ( 'NONE',  ( 0.000000000000000000, -0.000000000000000000, 1.000000000000000000 ) ) ;
#1660 = ORIENTED_EDGE ( 'NONE', *, *, #3170, .T. ) ;
#1661 = CARTESIAN_POINT ( 'NONE',  ( 20.00000000000000000, 7.999999999999998224, 7.126224442713237591E-14 ) ) ;
#1662 = CARTESIAN_POINT ( 'NONE',  ( 0.000000000000000000, 7.546993110261257520, 4.773512810947254437 ) ) ;
#1663 = CARTESIAN_POINT ( 'NONE',  ( 5.000000000000000888, -7.960567960112083341, 2.177562438472021356 ) ) ;
#1664 = VERTEX_POINT ( 'NONE', #3420 ) ;
#1665 = CARTESIAN_POINT ( 'NONE',  ( 5.000000000000000888, 7.364760967333056740, 5.257907453389946362 ) ) ;
#1666 = CARTESIAN_POINT ( 'NONE',  ( 11.00000000000000000, 0.001523255446458854530, 5.499999854980723413 ) ) ;
#1667 = CARTESIAN_POINT ( 'NONE',  ( 0.000000000000000000, 9.999999999999998224, 1.159323752073688904E-15 ) ) ;
#1668 = DIRECTION ( 'NONE',  ( -0.000000000000000000, 3.614007241618347292E-16, 1.000000000000000000 ) ) ;
#1669 = CARTESIAN_POINT ( 'NONE',  ( 0.000000000000000000, 0.9499999999999479972, -7.997126583135987232 ) ) ;
#1670 = CARTESIAN_POINT ( 'NONE',  ( 11.00000000000000000, 7.991542015890479078, -1.370157565731053184 ) ) ;
#1671 = CARTESIAN_POINT ( 'NONE',  ( 20.00000000000000000, 3.640088803240571740E-13, -9.999999999999916511 ) ) ;
#1672 = CARTESIAN_POINT ( 'NONE',  ( 11.00000000000000178, 1.990539237363439629, 7.971923534228264607 ) ) ;
#1673 = FACE_OUTER_BOUND ( 'NONE', #1968, .T. ) ;
#1674 = CARTESIAN_POINT ( 'NONE',  ( 6.500000000000000888, 7.831728099316984881, -5.645322682028509398 ) ) ;
#1675 = CARTESIAN_POINT ( 'NONE',  ( 20.00000000000000000, 7.977894848674130124, -1.862506083701936932 ) ) ;
#1676 = CARTESIAN_POINT ( 'NONE',  ( 18.00000000000000355, -7.885378254366916195, 3.110230222913479281 ) ) ;
#1677 = ORIENTED_EDGE ( 'NONE', *, *, #596, .F. ) ;
#1678 = DIRECTION ( 'NONE',  ( -1.000000000000000000, 0.000000000000000000, 0.000000000000000000 ) ) ;
#1679 = EDGE_CURVE ( 'NONE', #2241, #1075, #2782, .T. ) ;
#1680 = CARTESIAN_POINT ( 'NONE',  ( 2.000000000000001776, -0.9500000000000297096, 8.500000000000000000 ) ) ;
#1681 = CARTESIAN_POINT ( 'NONE',  ( 6.499999999999999112, -5.603660010752728127, -7.755597875504503413 ) ) ;
#1682 = EDGE_LOOP ( 'NONE', ( #3833, #373, #887, #1997, #1356, #831 ) ) ;
#1683 = CARTESIAN_POINT ( 'NONE',  ( 11.00000000000000355, -0.9838764090238829585, 7.996764109247860297 ) ) ;
#1684 = AXIS2_PLACEMENT_3D ( 'NONE', #3324, #181, #1447 ) ;
#1685 = CARTESIAN_POINT ( 'NONE',  ( 2.000000000000001776, -7.991293894040946810, 1.198537620874796428 ) ) ;
#1686 = CARTESIAN_POINT ( 'NONE',  ( 18.00000000000000355, -6.839518409773001295, -6.203019186482218394 ) ) ;
#1687 = ORIENTED_EDGE ( 'NONE', *, *, #1397, .F. ) ;
#1688 = CARTESIAN_POINT ( 'NONE',  ( 20.00000000000000000, 10.00000000000000355, -4.793002917534356401E-14 ) ) ;
#1689 = DIRECTION ( 'NONE',  ( -1.000000000000000000, -0.000000000000000000, -0.000000000000000000 ) ) ;
#1690 = B_SPLINE_SURFACE_WITH_KNOTS ( 'NONE', 3, 1, ( 
 ( #3354, #2762 ),
 ( #2716, #564 ),
 ( #210, #1519 ),
 ( #1476, #1830 ),
 ( #3111, #1498 ),
 ( #519, #4039 ),
 ( #2181, #2739 ),
 ( #4017, #1184 ),
 ( #3087, #3687 ),
 ( #277, #4059 ),
 ( #916, #3976 ),
 ( #583, #254 ),
 ( #851, #1230 ),
 ( #1208, #1140 ),
 ( #2470, #1851 ),
 ( #2405, #2119 ),
 ( #828, #3727 ),
 ( #892, #2161 ),
 ( #1540, #2805 ),
 ( #3440, #2898 ),
 ( #14, #969 ),
 ( #1010, #640 ),
 ( #2514, #2587 ),
 ( #1326, #700 ),
 ( #365, #3845 ),
 ( #1907, #1616 ),
 ( #2273, #3164 ),
 ( #2841, #2566 ),
 ( #658, #3476 ),
 ( #3131, #1637 ),
 ( #347, #2234 ),
 ( #59, #2856 ),
 ( #2825, #4076 ),
 ( #2202, #934 ) ),
 .UNSPECIFIED., .F., .F., .F.,
 ( 4, 2, 2, 2, 2, 2, 2, 2, 2, 2, 2, 2, 2, 2, 2, 2, 4 ),
 ( 2, 2 ),
 ( 0.05800249565544549069, 0.06249999999999977796, 0.09374999999999977796, 0.1249999999999997780, 0.1562499999999997780, 0.1874999999999997780, 0.2187499999999997780, 0.2499999999999997780, 0.2812499999999998890, 0.3124999999999998890, 0.3437499999999998890, 0.3749999999999998890, 0.4999999999999998890, 0.6249999999999998890, 0.7500000000000000000, 0.8750000000000000000, 0.9425128988997195645 ),
 ( 0.000000000000000000, 1.000000000000000000 ),
 .UNSPECIFIED. ) ;
#1691 = CARTESIAN_POINT ( 'NONE',  ( 11.00000000000000000, 2.660112973922839075, -7.942065616297989905 ) ) ;
#1692 = CARTESIAN_POINT ( 'NONE',  ( 20.00000000000000000, 6.837508212473213831, -8.806024165814243077 ) ) ;
#1693 = CARTESIAN_POINT ( 'NONE',  ( 11.00000000000000000, 3.634038877432802739, 7.815561142901223946 ) ) ;
#1694 = CARTESIAN_POINT ( 'NONE',  ( 13.00000000000000178, 7.624384212064456712, 4.518215179558075612 ) ) ;
#1695 = CARTESIAN_POINT ( 'NONE',  ( 5.000000000000000000, 5.059279089555468803E-13, -8.499999564942138264 ) ) ;
#1696 = CARTESIAN_POINT ( 'NONE',  ( 13.00000000000000178, 7.104206476702478845, -5.820499722137300935 ) ) ;
#1697 = CARTESIAN_POINT ( 'NONE',  ( 18.00000000000000355, -7.988495504997545460, 1.370157565731179972 ) ) ;
#1698 = ORIENTED_EDGE ( 'NONE', *, *, #3995, .T. ) ;
#1699 = CARTESIAN_POINT ( 'NONE',  ( 13.00000000000000178, 7.659307731806791253, 4.388453230966709917 ) ) ;
#1700 = EDGE_CURVE ( 'NONE', #2542, #2712, #2098, .T. ) ;
#1701 = CARTESIAN_POINT ( 'NONE',  ( 13.00000000000000178, 4.401471794433084561, -7.675014244674200015 ) ) ;
#1702 = CARTESIAN_POINT ( 'NONE',  ( 5.000000000000000888, -7.988495504997545460, 1.370157565731179972 ) ) ;
#1703 = ORIENTED_EDGE ( 'NONE', *, *, #1371, .F. ) ;
#1704 = CARTESIAN_POINT ( 'NONE',  ( 5.000000000000000888, 7.504433758415617994, 4.899417217456576878 ) ) ;
#1705 = EDGE_CURVE ( 'NONE', #1039, #4082, #606, .T. ) ;
#1706 = ADVANCED_FACE ( 'NONE', ( #189 ), #1918, .F. ) ;
#1707 = CARTESIAN_POINT ( 'NONE',  ( 2.000000000000001776, -6.839518409773132745, 6.203019186482333858 ) ) ;
#1708 = CARTESIAN_POINT ( 'NONE',  ( 13.42074368738218837, 0.000000000000000000, 7.000000000000005329 ) ) ;
#1709 = ORIENTED_EDGE ( 'NONE', *, *, #2511, .F. ) ;
#1710 = VECTOR ( 'NONE', #808, 1000.000000000000000 ) ;
#1711 = DIRECTION ( 'NONE',  ( 1.000000000000000000, 0.000000000000000000, 0.000000000000000000 ) ) ;
#1712 = CARTESIAN_POINT ( 'NONE',  ( 6.500000000000000888, 3.961258559890878939, -8.324856479216368399 ) ) ;
#1713 = CARTESIAN_POINT ( 'NONE',  ( 11.00000000000000000, 7.932685630013931899, -2.645739012952588176 ) ) ;
#1714 = CARTESIAN_POINT ( 'NONE',  ( 20.00000000000000000, 9.592557225584069869, -4.922082116025469745 ) ) ;
#1715 = CARTESIAN_POINT ( 'NONE',  ( 5.000000000000000000, 7.754060879349655266, 3.975098189427046069 ) ) ;
#1716 = CARTESIAN_POINT ( 'NONE',  ( 13.00000000000000178, 7.546993110261257520, 4.773512810947254437 ) ) ;
#1717 = LINE ( 'NONE', #3593, #180 ) ;
#1718 = CARTESIAN_POINT ( 'NONE',  ( 20.00000000000000000, 7.104206476702478845, -5.820499722137300935 ) ) ;
#1719 = CARTESIAN_POINT ( 'NONE',  ( 18.00000000000000355, -7.991293894040946810, 1.198537620874796428 ) ) ;
#1720 = VERTEX_POINT ( 'NONE', #2427 ) ;
#1721 = CARTESIAN_POINT ( 'NONE',  ( 13.00000000000000178, 7.932685630013924794, 2.645739012952767588 ) ) ;
#1722 = VECTOR ( 'NONE', #3779, 1000.000000000000000 ) ;
#1723 = LINE ( 'NONE', #3065, #2213 ) ;
#1724 = CARTESIAN_POINT ( 'NONE',  ( 13.00000000000000178, 2.660112973922839075, -7.942065616297989905 ) ) ;
#1725 = CARTESIAN_POINT ( 'NONE',  ( 0.000000000000000000, -7.974848337781192953, 1.862506083702128334 ) ) ;
#1726 = ORIENTED_EDGE ( 'NONE', *, *, #2445, .T. ) ;
#1727 = CARTESIAN_POINT ( 'NONE',  ( 5.000000000000000888, 7.659307731806791253, 4.388453230966709917 ) ) ;
#1728 = CARTESIAN_POINT ( 'NONE',  ( 2.000000000000001776, -7.885378254366916195, 3.110230222913479281 ) ) ;
#1729 = CARTESIAN_POINT ( 'NONE',  ( 18.00000000000000355, -4.492380575509387519, -7.646523405708573584 ) ) ;
#1730 = ORIENTED_EDGE ( 'NONE', *, *, #1889, .F. ) ;
#1731 = CARTESIAN_POINT ( 'NONE',  ( 13.00000000000000178, 5.472725181630982760, -2.032314195640062326 ) ) ;
#1732 = CARTESIAN_POINT ( 'NONE',  ( 6.500000000000000888, 7.831728099316932479, 5.645322682028865557 ) ) ;
#1733 = CARTESIAN_POINT ( 'NONE',  ( 6.500000000000002665, 1.314854083768207893, -7.993626276589456126 ) ) ;
#1734 = CARTESIAN_POINT ( 'NONE',  ( 20.00000000000000000, 9.048677220293276591, -6.394575911345750541 ) ) ;
#1735 = CARTESIAN_POINT ( 'NONE',  ( 5.000000000000000000, 7.724210963675129271, 4.116547995452084052 ) ) ;
#1736 = DIRECTION ( 'NONE',  ( 0.000000000000000000, -1.000000000000000000, 3.614007241618347292E-16 ) ) ;
#1737 = DIRECTION ( 'NONE',  ( 0.000000000000000000, -0.3420201433256730983, 0.9396926207859067626 ) ) ;
#1738 = CARTESIAN_POINT ( 'NONE',  ( 20.00000000000000000, 7.932685630013931899, -2.645739012952588176 ) ) ;
#1739 = CARTESIAN_POINT ( 'NONE',  ( 18.00000000000000355, -7.826697700378044686, 3.551969690029785909 ) ) ;
#1740 = VERTEX_POINT ( 'NONE', #2491 ) ;
#1741 = CARTESIAN_POINT ( 'NONE',  ( 20.00000000000000000, 7.754060879349655266, 3.975098189427046069 ) ) ;
#1742 = CARTESIAN_POINT ( 'NONE',  ( 0.000000000000000000, 4.401471794433084561, -7.675014244674200015 ) ) ;
#1743 = CARTESIAN_POINT ( 'NONE',  ( 13.00000000000000178, 7.983313762654077550, -1.702190156616459227 ) ) ;
#1744 = PLANE ( 'NONE',  #3042 ) ;
#1745 = ORIENTED_EDGE ( 'NONE', *, *, #2004, .T. ) ;
#1746 = CARTESIAN_POINT ( 'NONE',  ( 20.00000000000000000, 2.660112973922839075, -7.942065616297989905 ) ) ;
#1747 = VECTOR ( 'NONE', #1535, 1000.000000000000000 ) ;
#1748 = CARTESIAN_POINT ( 'NONE',  ( 18.00000000000000355, -3.986703887527497159, -7.750075612333780839 ) ) ;
#1749 = CARTESIAN_POINT ( 'NONE',  ( 11.00000000000000000, -3.986713929605794515, -7.750075611730935066 ) ) ;
#1750 = VERTEX_POINT ( 'NONE', #1786 ) ;
#1751 = CARTESIAN_POINT ( 'NONE',  ( 20.00000000000000000, -54.99999999999965894, 10.00000000000014388 ) ) ;
#1752 = CARTESIAN_POINT ( 'NONE',  ( 13.00000000000000178, -1.373354731173075383, 7.999332193501715871 ) ) ;
#1753 = CARTESIAN_POINT ( 'NONE',  ( 12.99999999999999467, 4.600761359244930127, 4.906070953246167043 ) ) ;
#1754 = CARTESIAN_POINT ( 'NONE',  ( -6.938893903907228378E-15, 7.616644854208688642, -8.242746957225845605 ) ) ;
#1755 = ADVANCED_FACE ( 'NONE', ( #232 ), #1690, .F. ) ;
#1756 = CARTESIAN_POINT ( 'NONE',  ( 5.000000000000000000, 4.401471794433175155, 7.675014244674414066 ) ) ;
#1757 = CARTESIAN_POINT ( 'NONE',  ( 13.00000000000000178, 4.401471794433175155, 7.675014244674414066 ) ) ;
#1758 = LINE ( 'NONE', #1408, #1964 ) ;
#1759 = CARTESIAN_POINT ( 'NONE',  ( 20.00000000000000000, -7.656261220913871846, -4.388453230966482543 ) ) ;
#1760 = CARTESIAN_POINT ( 'NONE',  ( 18.00000000000000355, -7.996002401241760538, 0.6768666228593124279 ) ) ;
#1761 = EDGE_CURVE ( 'NONE', #3371, #688, #1578, .T. ) ;
#1762 = EDGE_LOOP ( 'NONE', ( #1104, #3478, #3082, #367 ) ) ;
#1763 = CARTESIAN_POINT ( 'NONE',  ( 13.00000000000000178, 7.413306281486634397, 5.141652362973592183 ) ) ;
#1764 = EDGE_CURVE ( 'NONE', #2578, #1095, #3803, .T. ) ;
#1765 = CARTESIAN_POINT ( 'NONE',  ( 0.000000000000000000, 7.870589382685947655, -3.260513804450900111 ) ) ;
#1766 = CARTESIAN_POINT ( 'NONE',  ( 13.00000000000000178, 7.963614471005013407, -2.177562438471818851 ) ) ;
#1767 = CARTESIAN_POINT ( 'NONE',  ( 5.000000000000000888, -7.361714456440144438, 5.257907453389930374 ) ) ;
#1768 = EDGE_LOOP ( 'NONE', ( #703, #2408, #922, #2719 ) ) ;
#1769 = CARTESIAN_POINT ( 'NONE',  ( 20.00000000000000000, 7.546993110261269955, -4.773512810947013740 ) ) ;
#1770 = VECTOR ( 'NONE', #2315, 1000.000000000000000 ) ;
#1771 = LINE ( 'NONE', #3670, #1076 ) ;
#1772 = CARTESIAN_POINT ( 'NONE',  ( 0.000000000000000000, -7.993915008944729728, -0.9499999999998014477 ) ) ;
#1773 = EDGE_LOOP ( 'NONE', ( #3992, #2670, #1867, #3793, #2548 ) ) ;
#1774 = ADVANCED_FACE ( 'NONE', ( #991, #2546 ), #1926, .F. ) ;
#1775 = CARTESIAN_POINT ( 'NONE',  ( 20.00000000000000000, -7.996953489107073487, 5.437054339571344614E-14 ) ) ;
#1776 = CARTESIAN_POINT ( 'NONE',  ( 13.42074368738218837, -7.000000000000033751, 0.9500000000001983524 ) ) ;
#1777 = CARTESIAN_POINT ( 'NONE',  ( 11.00000000000000000, 7.996826841575422229, -0.9641626977563293455 ) ) ;
#1778 = CARTESIAN_POINT ( 'NONE',  ( 11.00000000000000178, 7.996166638707880914, 1.029685516089147379 ) ) ;
#1779 = CARTESIAN_POINT ( 'NONE',  ( 13.00000000000000178, 0.8183315972652314141, -5.500293231853421005 ) ) ;
#1780 = CARTESIAN_POINT ( 'NONE',  ( 6.500000000000000888, 0.000000000000000000, -6.999999999999957367 ) ) ;
#1781 = CARTESIAN_POINT ( 'NONE',  ( 11.00000000000000000, 7.996971776485941596, 0.9500000000000000666 ) ) ;
#1782 = ORIENTED_EDGE ( 'NONE', *, *, #405, .F. ) ;
#1783 = CARTESIAN_POINT ( 'NONE',  ( 13.00000000000000178, 4.919808755959492075, 7.521274650041060106 ) ) ;
#1784 = CARTESIAN_POINT ( 'NONE',  ( 20.00000000000000000, -7.995047824244156942, 0.8514301556692869255 ) ) ;
#1785 = CARTESIAN_POINT ( 'NONE',  ( 13.42074368738218837, 7.000000000000004441, -0.9500000000000000666 ) ) ;
#1786 = CARTESIAN_POINT ( 'NONE',  ( 6.500000000000000888, 0.000000000000000000, 7.750075612333781727 ) ) ;
#1787 = CARTESIAN_POINT ( 'NONE',  ( 13.00000000000000178, 7.829744211270971199, -3.551969690029601168 ) ) ;
#1788 = CARTESIAN_POINT ( 'NONE',  ( 0.000000000000000000, -3.268209366061708199, 7.885017484777665508 ) ) ;
#1789 = B_SPLINE_CURVE_WITH_KNOTS ( 'NONE', 3,
 ( #1429, #3636, #2688, #3946 ),
 .UNSPECIFIED., .F., .F.,
 ( 4, 4 ),
 ( 0.000000000000000000, 0.0001560730876388748709 ),
 .UNSPECIFIED. ) ;
#1790 = ORIENTED_EDGE ( 'NONE', *, *, #3041, .T. ) ;
#1791 = EDGE_CURVE ( 'NONE', #1351, #3819, #330, .T. ) ;
#1792 = CARTESIAN_POINT ( 'NONE',  ( 0.000000000000000000, 7.919495878587492932, 2.802433418976869373 ) ) ;
#1793 = VECTOR ( 'NONE', #2038, 1000.000000000000000 ) ;
#1794 = CARTESIAN_POINT ( 'NONE',  ( 6.500000000000000888, 0.9499999999998847144, -8.499999999999920064 ) ) ;
#1795 = CARTESIAN_POINT ( 'NONE',  ( 20.00000000000000000, 3.382710778154773834E-13, 10.00000000000015099 ) ) ;
#1796 = EDGE_LOOP ( 'NONE', ( #1612, #2943, #2205, #669 ) ) ;
#1797 = CARTESIAN_POINT ( 'NONE',  ( 20.00000000000000000, -0.6969914058154288439, 8.000532588362304409 ) ) ;
#1798 = CARTESIAN_POINT ( 'NONE',  ( 11.00000000000000178, -1.006677400501133635, -7.996524039103695358 ) ) ;
#1799 = CARTESIAN_POINT ( 'NONE',  ( 10.99999999999999822, 7.982301561452156413, -1.731967854232857595 ) ) ;
#1800 = CARTESIAN_POINT ( 'NONE',  ( 5.000000000000000000, 6.842564920665938466, -6.203019186482203295 ) ) ;
#1801 = EDGE_CURVE ( 'NONE', #1306, #1895, #663, .T. ) ;
#1802 = DIRECTION ( 'NONE',  ( 0.000000000000000000, 0.000000000000000000, 1.000000000000000000 ) ) ;
#1803 = CARTESIAN_POINT ( 'NONE',  ( 11.00000000000000000, 5.472725181630982760, -2.032314195640062326 ) ) ;
#1804 = DIRECTION ( 'NONE',  ( 0.000000000000000000, -1.000000000000000000, -3.195543245220434620E-15 ) ) ;
#1805 = DIRECTION ( 'NONE',  ( 0.000000000000000000, 1.000000000000000000, 3.195543245220434225E-15 ) ) ;
#1806 = ORIENTED_EDGE ( 'NONE', *, *, #539, .T. ) ;
#1807 = CARTESIAN_POINT ( 'NONE',  ( 0.000000000000000000, 0.3923409040902952616, 10.00029881779626351 ) ) ;
#1808 = CARTESIAN_POINT ( 'NONE',  ( 13.00000000000000178, -7.996954735067943076, 0.3341008311379720652 ) ) ;
#1809 = CARTESIAN_POINT ( 'NONE',  ( 0.000000000000000000, 7.659307731806804576, -4.388453230966465668 ) ) ;
#1810 = DIRECTION ( 'NONE',  ( -0.000000000000000000, 1.000000000000000000, 7.228014483236703211E-17 ) ) ;
#1811 = CARTESIAN_POINT ( 'NONE',  ( 0.000000000000000000, -1.669507143521484771, 7.986120788974610640 ) ) ;
#1812 = CARTESIAN_POINT ( 'NONE',  ( 0.000000000000000000, -5.818228617127482849, 7.103874531599563724 ) ) ;
#1813 = CARTESIAN_POINT ( 'NONE',  ( 5.000000000000000000, 1.026574285919058110E-13, 8.499999564942370966 ) ) ;
#1814 = LINE ( 'NONE', #3316, #299 ) ;
#1815 = CARTESIAN_POINT ( 'NONE',  ( 0.000000000000000000, 7.256833203547834898, 8.528140683638138597 ) ) ;
#1816 = EDGE_LOOP ( 'NONE', ( #3723, #3714, #835, #2829 ) ) ;
#1817 = VECTOR ( 'NONE', #641, 1000.000000000000000 ) ;
#1818 = DIRECTION ( 'NONE',  ( 0.000000000000000000, 3.195543245220434225E-15, -1.000000000000000000 ) ) ;
#1819 = CARTESIAN_POINT ( 'NONE',  ( 11.00000000000000000, 4.415685682162562742, 5.006672586045104012 ) ) ;
#1820 = CARTESIAN_POINT ( 'NONE',  ( 6.500000000000000888, 7.104206476702529471, 5.820499722137419063 ) ) ;
#1821 = CARTESIAN_POINT ( 'NONE',  ( 0.000000000000000000, 9.444615931807820886, -5.422764466181368981 ) ) ;
#1822 = CARTESIAN_POINT ( 'NONE',  ( 11.00000000000000355, 7.784886256489722989, 3.810074019157551728 ) ) ;
#1823 = CARTESIAN_POINT ( 'NONE',  ( 13.00000000000000178, 7.999999999999998224, 7.126224442713237591E-14 ) ) ;
#1824 = DIRECTION ( 'NONE',  ( -1.000000000000000000, 0.000000000000000000, 0.000000000000000000 ) ) ;
#1825 = DIRECTION ( 'NONE',  ( -0.000000000000000000, 0.000000000000000000, -1.000000000000000000 ) ) ;
#1826 = VERTEX_POINT ( 'NONE', #4093 ) ;
#1827 = CARTESIAN_POINT ( 'NONE',  ( -3.469446951953614189E-15, -1.313793427162379457, -7.993584671373881179 ) ) ;
#1828 = CARTESIAN_POINT ( 'NONE',  ( 13.00000000000000178, -7.951688486432296088, 2.333320861749602404 ) ) ;
#1829 = CARTESIAN_POINT ( 'NONE',  ( 5.000000000000000888, -7.980267251761149261, -1.702190156616476102 ) ) ;
#1830 = CARTESIAN_POINT ( 'NONE',  ( -8.673617379884035472E-16, 7.994340404933882205, -1.198537620874680965 ) ) ;
#1831 = CARTESIAN_POINT ( 'NONE',  ( 20.00000000000000000, 5.897795986540761426, 9.271724392459137931 ) ) ;
#1832 = CARTESIAN_POINT ( 'NONE',  ( 0.000000000000000000, -7.751014368456739412, 3.975098189427029638 ) ) ;
#1833 = CARTESIAN_POINT ( 'NONE',  ( 6.500000000000000888, -2.657066463029922332, 7.942065616298222608 ) ) ;
#1834 = LINE ( 'NONE', #2431, #1003 ) ;
#1835 = CARTESIAN_POINT ( 'NONE',  ( 0.000000000000000000, 3.368335470299244960, 9.888392719585777257 ) ) ;
#1836 = EDGE_LOOP ( 'NONE', ( #3734, #2864, #2989, #310 ) ) ;
#1837 = DIRECTION ( 'NONE',  ( 1.000000000000000000, 0.000000000000000000, 0.000000000000000000 ) ) ;
#1838 = CARTESIAN_POINT ( 'NONE',  ( 11.00000000000000000, 0.4081851485557323467, 5.500309580042261004 ) ) ;
#1839 = CARTESIAN_POINT ( 'NONE',  ( -0.01110256445313248519, 0.001523255446463035864, -5.499999854980488045 ) ) ;
#1840 = CARTESIAN_POINT ( 'NONE',  ( 5.000000000000000000, 7.977894848674130124, -1.862506083701936932 ) ) ;
#1841 = VECTOR ( 'NONE', #656, 1000.000000000000000 ) ;
#1842 = CARTESIAN_POINT ( 'NONE',  ( 11.00000000000000000, 7.996221160717898790, 1.024647287803448048 ) ) ;
#1843 = CARTESIAN_POINT ( 'NONE',  ( 13.00000000000000178, 1.634354366629693578, -5.486281535428419787 ) ) ;
#1844 = CARTESIAN_POINT ( 'NONE',  ( 13.42074368738218837, 0.9500000000000732303, -6.999999999999995559 ) ) ;
#1845 = CARTESIAN_POINT ( 'NONE',  ( 18.00000000000000355, -54.99999999999965894, -7.750075612333780839 ) ) ;
#1846 = ORIENTED_EDGE ( 'NONE', *, *, #234, .F. ) ;
#1847 = CARTESIAN_POINT ( 'NONE',  ( 5.000000000000000888, -7.501387247522696811, -4.899417217456346840 ) ) ;
#1848 = VECTOR ( 'NONE', #351, 1000.000000000000000 ) ;
#1849 = CARTESIAN_POINT ( 'NONE',  ( 13.00000000000000178, -7.361714456440144438, 5.257907453389930374 ) ) ;
#1850 = CARTESIAN_POINT ( 'NONE',  ( 5.000000000000000888, -7.929639119121001833, -2.645739012952605052 ) ) ;
#1851 = CARTESIAN_POINT ( 'NONE',  ( -8.673617379884035472E-16, 7.806769986350412083, -3.693151717295219516 ) ) ;
#1852 = CARTESIAN_POINT ( 'NONE',  ( 0.000000000000000000, -7.974848337781192953, 1.862506083702128334 ) ) ;
#1853 = CARTESIAN_POINT ( 'NONE',  ( 12.99999999999999467, 5.035885375531290009, 4.342439843241115760 ) ) ;
#1854 = CARTESIAN_POINT ( 'NONE',  ( 6.500000000000000888, -0.9500000000022790214, 7.997106055648579570 ) ) ;
#1855 = ADVANCED_FACE ( 'NONE', ( #1561 ), #3172, .F. ) ;
#1856 = CARTESIAN_POINT ( 'NONE',  ( 20.00000000000000000, 8.517584496679393880, 7.271227662708128925 ) ) ;
#1857 = EDGE_LOOP ( 'NONE', ( #1376, #394, #1909, #963, #1299, #2276, #878, #3848, #463, #2999 ) ) ;
#1858 = VECTOR ( 'NONE', #2965, 1000.000000000000000 ) ;
#1859 = CARTESIAN_POINT ( 'NONE',  ( 20.00000000000000000, -6.199976180397069214, 6.842559245454946648 ) ) ;
#1860 = CARTESIAN_POINT ( 'NONE',  ( 6.500000000000000888, 7.754060879349655266, 3.975098189427046069 ) ) ;
#1861 = CARTESIAN_POINT ( 'NONE',  ( 5.000000000000000000, 7.996738530762010910, -0.9750072175743066394 ) ) ;
#1862 = DIRECTION ( 'NONE',  ( 0.000000000000000000, -1.000000000000000000, 3.971603747630718475E-14 ) ) ;
#1863 = EDGE_CURVE ( 'NONE', #3185, #1150, #577, .T. ) ;
#1864 = CARTESIAN_POINT ( 'NONE',  ( 13.00000000000000178, 7.954734997325215495, 2.333320861749619279 ) ) ;
#1865 = CARTESIAN_POINT ( 'NONE',  ( 6.500000000000002665, 7.994340404933882205, -1.198537620874680965 ) ) ;
#1866 = CARTESIAN_POINT ( 'NONE',  ( 13.00000000000000178, -0.6969914058154272896, -8.000532588362071706 ) ) ;
#1867 = ORIENTED_EDGE ( 'NONE', *, *, #3820, .F. ) ;
#1868 = CARTESIAN_POINT ( 'NONE',  ( 0.000000000000000000, 5.404655749103294937, 9.450800041127486395 ) ) ;
#1869 = CARTESIAN_POINT ( 'NONE',  ( 20.00000000000000000, -7.996002401241760538, 0.6768666228593124279 ) ) ;
#1870 = CARTESIAN_POINT ( 'NONE',  ( 20.00000000000000000, 8.795726536140849205, -6.854604630103299456 ) ) ;
#1871 = CARTESIAN_POINT ( 'NONE',  ( 11.00000000000000000, 7.996971776485952255, -0.9500000000000001776 ) ) ;
#1872 = CARTESIAN_POINT ( 'NONE',  ( 20.00000000000000000, 9.444615931807804898, 5.422764466181620335 ) ) ;
#1873 = CARTESIAN_POINT ( 'NONE',  ( 6.500000000000000888, 8.499999999999998224, 5.053919964287874018E-14 ) ) ;
#1874 = PRODUCT_DEFINITION_FORMATION_WITH_SPECIFIED_SOURCE ( 'ä»', '', #765, .NOT_KNOWN. ) ;
#1875 = CARTESIAN_POINT ( 'NONE',  ( 20.00000000000000000, -6.199976180397095860, -6.842559245454698846 ) ) ;
#1876 = VERTEX_POINT ( 'NONE', #3369 ) ;
#1877 = CARTESIAN_POINT ( 'NONE',  ( 10.99999999999999822, 7.338168348472727587, -5.326754521902776318 ) ) ;
#1878 = CARTESIAN_POINT ( 'NONE',  ( 0.000000000000000000, 10.00001601634445336, -0.7583038693810123521 ) ) ;
#1879 = SURFACE_SIDE_STYLE ('',( #1510 ) ) ;
#1880 = FACE_OUTER_BOUND ( 'NONE', #795, .T. ) ;
#1881 = ADVANCED_FACE ( 'NONE', ( #3017 ), #2441, .T. ) ;
#1882 = CARTESIAN_POINT ( 'NONE',  ( 0.000000000000000000, -7.751014368456733195, -3.975098189426821360 ) ) ;
#1883 = CARTESIAN_POINT ( 'NONE',  ( 11.00000000000000000, 7.996487502996377117, 1.000006021809011658 ) ) ;
#1884 = ORIENTED_EDGE ( 'NONE', *, *, #958, .F. ) ;
#1885 = VECTOR ( 'NONE', #3477, 1000.000000000000000 ) ;
#1886 = CARTESIAN_POINT ( 'NONE',  ( 0.000000000000000000, 10.00000000000000711, 0.2474538092382215781 ) ) ;
#1887 = COLOUR_RGB ( '',0.7921568627450980005, 0.8196078431372548767, 0.9333333333333333481 ) ;
#1888 = CARTESIAN_POINT ( 'NONE',  ( 11.00000000000000000, -3.986713929605794515, -7.750075611730935066 ) ) ;
#1889 = EDGE_CURVE ( 'NONE', #325, #3073, #3413, .T. ) ;
#1890 = CARTESIAN_POINT ( 'NONE',  ( 20.00000000000000000, 9.865080165817266433, -3.530353927617342791 ) ) ;
#1891 = CARTESIAN_POINT ( 'NONE',  ( 5.000000000000000000, 5.643552600981589507, 7.832188056507720653 ) ) ;
#1892 = CARTESIAN_POINT ( 'NONE',  ( 0.000000000000000000, -7.803723475457496228, 3.693151717295410918 ) ) ;
#1893 = PLANE ( 'NONE',  #1340 ) ;
#1894 = CARTESIAN_POINT ( 'NONE',  ( 20.00000000000000000, -7.867542871793015813, -3.260513804450916542 ) ) ;
#1895 = VERTEX_POINT ( 'NONE', #225 ) ;
#1896 = CARTESIAN_POINT ( 'NONE',  ( 11.00000000000000178, 2.837146845768680148, -7.919999649965770772 ) ) ;
#1897 = LINE ( 'NONE', #957, #2714 ) ;
#1898 = CARTESIAN_POINT ( 'NONE',  ( 6.500000000000000888, 7.996971776485952255, -0.9500000000000002887 ) ) ;
#1899 = DIRECTION ( 'NONE',  ( 0.000000000000000000, 0.3420201433256731538, -0.9396926207859067626 ) ) ;
#1900 = CARTESIAN_POINT ( 'NONE',  ( 0.000000000000000000, -6.199976180397095860, -6.842559245454698846 ) ) ;
#1901 = CARTESIAN_POINT ( 'NONE',  ( 11.00000000000000000, 7.806769986350412971, 3.693151717295427350 ) ) ;
#1902 = ORIENTED_EDGE ( 'NONE', *, *, #163, .T. ) ;
#1903 = B_SPLINE_CURVE_WITH_KNOTS ( 'NONE', 3,
 ( #1588, #2506, #3176, #1240, #3485, #1295, #2194, #3467, #2849, #1608, #4086, #651, #2891, #1553, #3141, #2556, #960, #3529, #307, #2226, #1275, #1569, #28, #3814, #693, #1917, #1256, #7, #1628, #2522 ),
 .UNSPECIFIED., .F., .F.,
 ( 4, 2, 2, 2, 2, 2, 2, 2, 2, 2, 2, 2, 2, 2, 4 ),
 ( 0.05800249565091608606, 0.06249999999999977796, 0.09374999999999977796, 0.1249999999999997780, 0.1562499999999997780, 0.1874999999999997780, 0.2187499999999997780, 0.2499999999999998057, 0.2812499999999998890, 0.3124999999999998890, 0.3437499999999998890, 0.3749999999999998890, 0.4999999999999998890, 0.6249999999999998890, 0.7386033044863322683 ),
 .UNSPECIFIED. ) ;
#1904 = VERTEX_POINT ( 'NONE', #1178 ) ;
#1905 = CARTESIAN_POINT ( 'NONE',  ( 11.00000000000000000, -3.927969640647588800, -7.761938240430323432 ) ) ;
#1906 = CARTESIAN_POINT ( 'NONE',  ( 20.00000000000000000, 4.263402913510627279, -9.744407353998882471 ) ) ;
#1907 = CARTESIAN_POINT ( 'NONE',  ( 5.000000000000001776, 6.203022691290034807, -6.842559245454685524 ) ) ;
#1908 = CARTESIAN_POINT ( 'NONE',  ( 0.000000000000000000, 0.9499999999999757527, 7.000000000000007994 ) ) ;
#1909 = ORIENTED_EDGE ( 'NONE', *, *, #2945, .F. ) ;
#1910 = CARTESIAN_POINT ( 'NONE',  ( 0.000000000000000000, 7.754060879349655266, 3.975098189427046069 ) ) ;
#1911 = DIRECTION ( 'NONE',  ( 0.000000000000000000, 3.469446951953615372E-15, -1.000000000000000000 ) ) ;
#1912 = CARTESIAN_POINT ( 'NONE',  ( 20.00000000000000000, -7.995047824244162271, -0.8514301556692025486 ) ) ;
#1913 = VERTEX_POINT ( 'NONE', #1491 ) ;
#1914 = CARTESIAN_POINT ( 'NONE',  ( 11.00000000000000000, 7.790097818367512694, -3.781480933355988672 ) ) ;
#1915 = LINE ( 'NONE', #1708, #1793 ) ;
#1916 = CARTESIAN_POINT ( 'NONE',  ( 13.42074368738218837, 0.9499999999998847144, -8.499999999999920064 ) ) ;
#1917 = CARTESIAN_POINT ( 'NONE',  ( 2.000000000000001776, -6.199976180397095860, -6.842559245454698846 ) ) ;
#1918 = B_SPLINE_SURFACE_WITH_KNOTS ( 'NONE', 3, 1, ( 
 ( #3708, #3045 ),
 ( #870, #2139 ),
 ( #1165, #3397 ),
 ( #1455, #3664 ) ),
 .UNSPECIFIED., .F., .F., .F.,
 ( 4, 4 ),
 ( 2, 2 ),
 ( 0.9998439269123611250, 1.000000000000000000 ),
 ( 0.000000000000000000, 1.000000000000000000 ),
 .UNSPECIFIED. ) ;
#1919 = CARTESIAN_POINT ( 'NONE',  ( 11.00000000000000000, -3.986703887527561996, -7.750075612333780839 ) ) ;
#1920 = CARTESIAN_POINT ( 'NONE',  ( 11.00000000000000000, 7.546993110261257520, 4.773512810947254437 ) ) ;
#1921 = ORIENTED_EDGE ( 'NONE', *, *, #2591, .T. ) ;
#1922 = EDGE_CURVE ( 'NONE', #2658, #344, #1449, .T. ) ;
#1923 = EDGE_LOOP ( 'NONE', ( #1335, #3704, #2086, #3596 ) ) ;
#1924 = CARTESIAN_POINT ( 'NONE',  ( 20.00000000000000000, 7.954734997325215495, 2.333320861749619279 ) ) ;
#1925 = CARTESIAN_POINT ( 'NONE',  ( 5.000000000000000000, -3.986703887528487478, 7.750075612333814590 ) ) ;
#1926 = PLANE ( 'NONE',  #2189 ) ;
#1927 = LINE ( 'NONE', #3225, #3262 ) ;
#1928 = ORIENTED_EDGE ( 'NONE', *, *, #3417, .T. ) ;
#1929 = ORIENTED_EDGE ( 'NONE', *, *, #108, .T. ) ;
#1930 = EDGE_CURVE ( 'NONE', #3255, #2812, #2133, .T. ) ;
#1931 = DIRECTION ( 'NONE',  ( 0.000000000000000000, -1.000000000000000000, 0.000000000000000000 ) ) ;
#1932 = EDGE_CURVE ( 'NONE', #2250, #3507, #823, .T. ) ;
#1933 = CARTESIAN_POINT ( 'NONE',  ( 20.00000000000000000, -7.543946599368335448, -4.773512810947029728 ) ) ;
#1934 = ORIENTED_EDGE ( 'NONE', *, *, #2004, .F. ) ;
#1935 = CARTESIAN_POINT ( 'NONE',  ( 11.00000000000000000, 0.9867709631993868413, -7.996766321813806755 ) ) ;
#1936 = DIRECTION ( 'NONE',  ( 0.000000000000000000, -1.000000000000000000, -1.261617073437677999E-16 ) ) ;
#1937 = CARTESIAN_POINT ( 'NONE',  ( 6.500000000000000888, 7.754060879349665925, -3.975098189426804929 ) ) ;
#1938 = CARTESIAN_POINT ( 'NONE',  ( 11.00000000000000000, 5.500000000000029310, -0.4066469495636367837 ) ) ;
#1939 = CARTESIAN_POINT ( 'NONE',  ( 13.00000000000000178, 7.999999999999998224, 7.126224442713237591E-14 ) ) ;
#1940 = CARTESIAN_POINT ( 'NONE',  ( 11.00000000000000000, 6.842564920666044159, 6.203019186482348069 ) ) ;
#1941 = VERTEX_POINT ( 'NONE', #1780 ) ;
#1942 = CARTESIAN_POINT ( 'NONE',  ( 6.500000000000000888, 7.831728099316932479, 5.645322682028865557 ) ) ;
#1943 = CARTESIAN_POINT ( 'NONE',  ( 20.00000000000000000, 8.000001245960866925, 0.3341008311379889961 ) ) ;
#1944 = CARTESIAN_POINT ( 'NONE',  ( 20.00000000000000000, 9.952211719080347407, -2.593577784831173183 ) ) ;
#1945 = VECTOR ( 'NONE', #3562, 1000.000000000000000 ) ;
#1946 = CARTESIAN_POINT ( 'NONE',  ( 20.00000000000000000, 0.7000379167083684573, -8.000532588362069930 ) ) ;
#1947 = CARTESIAN_POINT ( 'NONE',  ( 2.000000000000002220, -3.986703930149749997, 7.750075612333781727 ) ) ;
#1948 = ORIENTED_EDGE ( 'NONE', *, *, #2611, .T. ) ;
#1949 = CARTESIAN_POINT ( 'NONE',  ( 13.00000000000000000, -3.986703930149755326, 7.750075612333780839 ) ) ;
#1950 = EDGE_CURVE ( 'NONE', #3472, #80, #2397, .T. ) ;
#1951 = DIRECTION ( 'NONE',  ( -1.000000000000000000, 0.000000000000000000, 0.000000000000000000 ) ) ;
#1952 = CARTESIAN_POINT ( 'NONE',  ( 20.00000000000000000, -7.721164452782224075, -4.116547995451790065 ) ) ;
#1953 = VERTEX_POINT ( 'NONE', #3680 ) ;
#1954 = CARTESIAN_POINT ( 'NONE',  ( 6.500000000000000888, 1.026574285919058110E-13, 8.499999564942370966 ) ) ;
#1955 = CARTESIAN_POINT ( 'NONE',  ( 10.99999999999999822, 7.919206247934956977, -2.845984418294931650 ) ) ;
#1956 = CARTESIAN_POINT ( 'NONE',  ( 4.999999999999999112, -5.603660037863409826, 7.755597862850675206 ) ) ;
#1957 = CARTESIAN_POINT ( 'NONE',  ( 6.500000000000000888, 7.806769986350412083, -3.693151717295219516 ) ) ;
#1958 = DIRECTION ( 'NONE',  ( 0.000000000000000000, 4.565061778886335030E-16, 1.000000000000000000 ) ) ;
#1959 = CARTESIAN_POINT ( 'NONE',  ( 11.00000000000000000, 5.500000000000020428, 0.4083238538074149271 ) ) ;
#1960 = CARTESIAN_POINT ( 'NONE',  ( 6.500000000000001776, 7.919495878587492932, 2.802433418976869373 ) ) ;
#1961 = FACE_OUTER_BOUND ( 'NONE', #786, .T. ) ;
#1962 = CARTESIAN_POINT ( 'NONE',  ( 20.00000000000000000, 7.806769986350412971, 3.693151717295427350 ) ) ;
#1963 = CARTESIAN_POINT ( 'NONE',  ( 0.000000000000000000, 0.000000000000000000, 0.000000000000000000 ) ) ;
#1964 = VECTOR ( 'NONE', #2667, 1000.000000000000000 ) ;
#1965 = CARTESIAN_POINT ( 'NONE',  ( 13.00000000000000178, 8.000001245960877583, -0.3341008311379625728 ) ) ;
#1966 = DIRECTION ( 'NONE',  ( 1.000000000000000000, 0.000000000000000000, 0.000000000000000000 ) ) ;
#1967 = ORIENTED_EDGE ( 'NONE', *, *, #2068, .F. ) ;
#1968 = EDGE_LOOP ( 'NONE', ( #2035, #2963, #1352, #1556 ) ) ;
#1969 = VECTOR ( 'NONE', #2209, 1000.000000000000000 ) ;
#1970 = CARTESIAN_POINT ( 'NONE',  ( 0.000000000000000000, 7.888424765259834714, 3.110230222913495712 ) ) ;
#1971 = CARTESIAN_POINT ( 'NONE',  ( 5.000000000000000888, -7.993692019869075516, 0.9750072175744757264 ) ) ;
#1972 = ORIENTED_EDGE ( 'NONE', *, *, #1981, .F. ) ;
#1973 = CARTESIAN_POINT ( 'NONE',  ( 2.000000000000001776, -7.000000000000032863, -0.9499999999998016698 ) ) ;
#1974 = EDGE_CURVE ( 'NONE', #3318, #611, #844, .T. ) ;
#1975 = CARTESIAN_POINT ( 'NONE',  ( 2.000000000000001776, -7.101159965809617169, 5.820499722137403964 ) ) ;
#1976 = CARTESIAN_POINT ( 'NONE',  ( 20.00000000000000000, 7.919495878587501814, -2.802433418976625568 ) ) ;
#1977 = CARTESIAN_POINT ( 'NONE',  ( 6.500000000000000888, 1.314854083766737514, -7.993626276589487212 ) ) ;
#1978 = CARTESIAN_POINT ( 'NONE',  ( 4.999999999999999112, 1.061554629058292579E-13, 8.499999564942370966 ) ) ;
#1979 = CARTESIAN_POINT ( 'NONE',  ( 6.500000000000002665, 7.546993110261269955, -4.773512810947013740 ) ) ;
#1980 = CARTESIAN_POINT ( 'NONE',  ( -6.938893903907228378E-15, 1.167546064766775915, -9.999712963350850359 ) ) ;
#1981 = EDGE_CURVE ( 'NONE', #1584, #344, #2248, .T. ) ;
#1982 = CARTESIAN_POINT ( 'NONE',  ( 5.000000000000000000, 6.203022691289977963, 6.842559245454959971 ) ) ;
#1983 = VECTOR ( 'NONE', #216, 1000.000000000000000 ) ;
#1984 = CARTESIAN_POINT ( 'NONE',  ( 13.00000000000000178, 7.364760967333056740, 5.257907453389946362 ) ) ;
#1985 = CARTESIAN_POINT ( 'NONE',  ( 20.00000000000000000, 10.00001601634445336, -0.7583038693810123521 ) ) ;
#1986 = CARTESIAN_POINT ( 'NONE',  ( 20.00000000000000000, 7.724210963675156805, -4.116547995451774078 ) ) ;
#1987 = CARTESIAN_POINT ( 'NONE',  ( 18.00000000000000355, -7.996954735067943076, 0.3341008311379720652 ) ) ;
#1988 = VERTEX_POINT ( 'NONE', #982 ) ;
#1989 = ORIENTED_EDGE ( 'NONE', *, *, #1147, .T. ) ;
#1990 = B_SPLINE_SURFACE_WITH_KNOTS ( 'NONE', 3, 1, ( 
 ( #3742, #3392 ),
 ( #3038, #1471 ),
 ( #3840, #2558 ),
 ( #3158, #2524 ),
 ( #324, #929 ),
 ( #1006, #3764 ),
 ( #382, #3143 ),
 ( #2836, #3178 ),
 ( #2851, #1630 ),
 ( #1940, #2893 ),
 ( #1277, #1297 ),
 ( #675, #1571 ),
 ( #3197, #3782 ),
 ( #30, #360 ),
 ( #1920, #3816 ),
 ( #3470, #342 ),
 ( #1343, #617 ),
 ( #54, #983 ),
 ( #2268, #635 ),
 ( #1901, #3531 ),
 ( #696, #1319 ),
 ( #1610, #309 ),
 ( #2912, #2249 ),
 ( #2582, #1960 ),
 ( #1590, #3506 ),
 ( #2872, #4088 ),
 ( #1653, #653 ),
 ( #73, #2541 ),
 ( #3217, #9 ),
 ( #2196, #3453 ),
 ( #2210, #945 ),
 ( #1883, #1259 ),
 ( #3798, #962 ),
 ( #2228, #3487 ) ),
 .UNSPECIFIED., .F., .F., .F.,
 ( 4, 2, 2, 2, 2, 2, 2, 2, 2, 2, 2, 2, 2, 2, 2, 2, 4 ),
 ( 2, 2 ),
 ( 0.05748710110028450865, 0.1250000000000001110, 0.2500000000000003331, 0.3750000000000003331, 0.5000000000000003331, 0.6250000000000004441, 0.6562500000000004441, 0.6875000000000004441, 0.7187500000000003331, 0.7500000000000003331, 0.7812500000000003331, 0.8125000000000003331, 0.8437500000000002220, 0.8750000000000002220, 0.9062500000000002220, 0.9375000000000001110, 0.9419975023888241816 ),
 ( 0.000000000000000000, 1.000000000000000000 ),
 .UNSPECIFIED. ) ;
#1991 = LINE ( 'NONE', #1680, #1111 ) ;
#1992 = CARTESIAN_POINT ( 'NONE',  ( 0.000000000000000000, -7.980267251761149261, 1.702190156616689709 ) ) ;
#1993 = ORIENTED_EDGE ( 'NONE', *, *, #2808, .T. ) ;
#1994 = LINE ( 'NONE', #2344, #1858 ) ;
#1995 = CARTESIAN_POINT ( 'NONE',  ( 11.00000000000000000, 5.156146663284949305, 4.058982713292728306 ) ) ;
#1996 = CARTESIAN_POINT ( 'NONE',  ( 0.000000000000000000, 9.865080165817255775, 3.530353927617593701 ) ) ;
#1997 = ORIENTED_EDGE ( 'NONE', *, *, #3515, .F. ) ;
#1998 = CARTESIAN_POINT ( 'NONE',  ( 13.00000000000000000, 0.0007616277232318789713, -5.500000434292574347 ) ) ;
#1999 = CARTESIAN_POINT ( 'NONE',  ( 4.999999999999999112, 6.945255748662737538, 6.945581049634569126 ) ) ;
#2000 = CARTESIAN_POINT ( 'NONE',  ( 6.500000000000002665, 7.104206476702478845, -5.820499722137300935 ) ) ;
#2001 = FACE_OUTER_BOUND ( 'NONE', #2594, .T. ) ;
#2002 = EDGE_CURVE ( 'NONE', #164, #3514, #2175, .T. ) ;
#2003 = CARTESIAN_POINT ( 'NONE',  ( 10.99999999999999822, 1.725036298624118780, 7.982331112949267116 ) ) ;
#2004 = EDGE_CURVE ( 'NONE', #559, #2039, #2540, .T. ) ;
#2005 = CARTESIAN_POINT ( 'NONE',  ( 6.500000000000000888, -5.603660037478966238, -7.755597863029656480 ) ) ;
#2006 = CARTESIAN_POINT ( 'NONE',  ( 0.000000000000000000, 7.996961519837687327, 0.9499999999999999556 ) ) ;
#2007 = CARTESIAN_POINT ( 'NONE',  ( 13.00000000000000178, 7.829744211270971199, -3.551969690029601168 ) ) ;
#2008 = FACE_OUTER_BOUND ( 'NONE', #1128, .T. ) ;
#2009 = ORIENTED_EDGE ( 'NONE', *, *, #213, .F. ) ;
#2010 = VERTEX_POINT ( 'NONE', #3469 ) ;
#2011 = ADVANCED_FACE ( 'NONE', ( #308 ), #2523, .T. ) ;
#2012 = EDGE_CURVE ( 'NONE', #1329, #1458, #3528, .T. ) ;
#2013 = VECTOR ( 'NONE', #2078, 1000.000000000000000 ) ;
#2014 = CARTESIAN_POINT ( 'NONE',  ( 13.00000000000000178, 5.821275128020570122, -7.103874531599246644 ) ) ;
#2015 = CARTESIAN_POINT ( 'NONE',  ( 11.00000000000000000, -0.9500000000000260458, 7.997106055648604439 ) ) ;
#2016 = EDGE_LOOP ( 'NONE', ( #1394, #654, #1782, #2230 ) ) ;
#2017 = CARTESIAN_POINT ( 'NONE',  ( 0.000000000000000000, 6.842564920666044159, 6.203019186482348069 ) ) ;
#2018 = CARTESIAN_POINT ( 'NONE',  ( 11.00000000000000000, 5.215440310433337778, 3.860915876506642697 ) ) ;
#2019 = CARTESIAN_POINT ( 'NONE',  ( 18.00000000000000355, -7.101159965809542562, -5.820499722137316034 ) ) ;
#2020 = ORIENTED_EDGE ( 'NONE', *, *, #1023, .T. ) ;
#2021 = CARTESIAN_POINT ( 'NONE',  ( 11.00000000000000000, -7.993925265593027518, -0.9499999999998021138 ) ) ;
#2022 = CARTESIAN_POINT ( 'NONE',  ( 11.00000000000000000, 7.220955875342910391E-16, -5.500001013604661537 ) ) ;
#2023 = B_SPLINE_SURFACE_WITH_KNOTS ( 'NONE', 3, 1, ( 
 ( #551, #3715 ),
 ( #3407, #1797 ),
 ( #1752, #571 ),
 ( #264, #4046 ),
 ( #2478, #3012 ),
 ( #177, #2414 ),
 ( #2168, #3428 ),
 ( #593, #3119 ),
 ( #284, #1859 ),
 ( #1246, #3745 ),
 ( #1495, #849 ),
 ( #1849, #2737 ),
 ( #868, #2158 ),
 ( #275, #3994 ),
 ( #2137, #1228 ),
 ( #1163, #581 ),
 ( #2823, #252 ),
 ( #3352, #2425 ),
 ( #3767, #562 ),
 ( #3109, #2117 ),
 ( #2468, #1538 ),
 ( #3685, #3395 ),
 ( #2780, #517 ),
 ( #230, #3438 ),
 ( #3418, #1517 ),
 ( #1828, #4037 ),
 ( #2802, #3084 ),
 ( #4057, #2760 ),
 ( #3374, #540 ),
 ( #604, #2489 ),
 ( #1206, #914 ),
 ( #890, #1784 ),
 ( #3725, #1869 ),
 ( #1808, #3064 ),
 ( #2179, #3129 ),
 ( #294, #208 ) ),
 .UNSPECIFIED., .F., .F., .F.,
 ( 4, 2, 2, 2, 2, 2, 2, 2, 2, 2, 2, 2, 2, 2, 2, 2, 2, 4 ),
 ( 2, 2 ),
 ( 0.000000000000000000, 0.1250000000000001110, 0.2500000000000003331, 0.3750000000000003331, 0.5000000000000003331, 0.6250000000000004441, 0.6562500000000004441, 0.6875000000000004441, 0.7187500000000003331, 0.7500000000000003331, 0.7812500000000003331, 0.8125000000000003331, 0.8437500000000002220, 0.8750000000000002220, 0.9062500000000002220, 0.9375000000000001110, 0.9687500000000001110, 1.000000000000000000 ),
 ( 0.000000000000000000, 1.000000000000000000 ),
 .UNSPECIFIED. ) ;
#2024 = CARTESIAN_POINT ( 'NONE',  ( 6.500000000000002665, 4.919808755959280688, -7.521274650040940202 ) ) ;
#2025 = CARTESIAN_POINT ( 'NONE',  ( 20.00000000000000000, 0.3923409040903210188, -10.00029881779602903 ) ) ;
#2026 = CARTESIAN_POINT ( 'NONE',  ( 5.000000000000000000, 7.104206476702529471, 5.820499722137419063 ) ) ;
#2027 = CARTESIAN_POINT ( 'NONE',  ( 20.00000000000000000, 2.660112973922829749, 7.942065616298227937 ) ) ;
#2028 = CARTESIAN_POINT ( 'NONE',  ( 0.000000000000000000, 0.000000000000000000, 0.000000000000000000 ) ) ;
#2029 = CARTESIAN_POINT ( 'NONE',  ( 13.00000000000000178, 7.963614471005013407, -2.177562438471818851 ) ) ;
#2030 = CARTESIAN_POINT ( 'NONE',  ( 18.00000000000000355, -7.721164452782213417, 4.116547995452068065 ) ) ;
#2031 = VERTEX_POINT ( 'NONE', #674 ) ;
#2032 = CARTESIAN_POINT ( 'NONE',  ( 13.00000000000000178, 7.806769986350412971, 3.693151717295427350 ) ) ;
#2033 = CARTESIAN_POINT ( 'NONE',  ( 11.00000000000000000, -3.884840231510555242, -7.770442492787568156 ) ) ;
#2034 = CARTESIAN_POINT ( 'NONE',  ( 4.999999999999997335, -5.096078765416325318, -7.992518572132937038 ) ) ;
#2035 = ORIENTED_EDGE ( 'NONE', *, *, #1023, .F. ) ;
#2036 = CARTESIAN_POINT ( 'NONE',  ( 11.00000000000000355, -1.432560109091747469, 7.990130470113435912 ) ) ;
#2037 = CARTESIAN_POINT ( 'NONE',  ( 2.000000000000001776, -7.826697700378044686, 3.551969690029785909 ) ) ;
#2038 = DIRECTION ( 'NONE',  ( 1.000000000000000000, -0.000000000000000000, 0.000000000000000000 ) ) ;
#2039 = VERTEX_POINT ( 'NONE', #1629 ) ;
#2040 = VECTOR ( 'NONE', #2448, 1000.000000000000000 ) ;
#2041 = CARTESIAN_POINT ( 'NONE',  ( 13.00000000000000178, 5.007504352881252174, -4.413953308678520315 ) ) ;
#2042 = CARTESIAN_POINT ( 'NONE',  ( 4.999999999999999112, 3.961258559890605824, 8.324856479216643734 ) ) ;
#2043 = CARTESIAN_POINT ( 'NONE',  ( 11.00000000000000000, 1.314854083768207893, -7.993626276589456126 ) ) ;
#2044 = CARTESIAN_POINT ( 'NONE',  ( -6.938893903907228378E-15, 3.368335470299270717, -9.888392719585535673 ) ) ;
#2045 = CARTESIAN_POINT ( 'NONE',  ( 11.00000000000000000, 0.9499999999999722000, 7.997127255426169867 ) ) ;
#2046 = CARTESIAN_POINT ( 'NONE',  ( 20.00000000000000000, 3.271255876954616060, 7.885017484777672614 ) ) ;
#2047 = DIRECTION ( 'NONE',  ( 1.000000000000000000, 0.000000000000000000, 0.000000000000000000 ) ) ;
#2048 = CARTESIAN_POINT ( 'NONE',  ( 13.00000000000000178, 7.806769986350412083, -3.693151717295219516 ) ) ;
#2049 = CARTESIAN_POINT ( 'NONE',  ( 18.00000000000000355, -7.867542871793014037, 3.260513804451135922 ) ) ;
#2050 = ORIENTED_EDGE ( 'NONE', *, *, #3450, .T. ) ;
#2051 = CARTESIAN_POINT ( 'NONE',  ( 13.00000000000000178, 3.271255876954616060, 7.885017484777672614 ) ) ;
#2052 = VECTOR ( 'NONE', #1668, 1000.000000000000000 ) ;
#2053 = DIRECTION ( 'NONE',  ( 0.000000000000000000, 1.000000000000000000, 0.000000000000000000 ) ) ;
#2054 = CARTESIAN_POINT ( 'NONE',  ( 13.00000000000000178, 7.954734997325225265, -2.333320861749365704 ) ) ;
#2055 = DIRECTION ( 'NONE',  ( 0.000000000000000000, -1.000000000000000000, 7.228014483236698281E-17 ) ) ;
#2056 = VERTEX_POINT ( 'NONE', #1939 ) ;
#2057 = ADVANCED_FACE ( 'NONE', ( #3196 ), #662, .F. ) ;
#2058 = CARTESIAN_POINT ( 'NONE',  ( 5.000000000000000888, 7.983313762654070445, 1.702190156616706807 ) ) ;
#2059 = ADVANCED_FACE ( 'NONE', ( #1005 ), #396, .F. ) ;
#2060 = FACE_OUTER_BOUND ( 'NONE', #39, .T. ) ;
#2061 = CARTESIAN_POINT ( 'NONE',  ( 0.000000000000000000, -0.9500000000001150857, -7.997098400010432151 ) ) ;
#2062 = EDGE_LOOP ( 'NONE', ( #3277, #192, #3668, #3672 ) ) ;
#2063 = CARTESIAN_POINT ( 'NONE',  ( 5.000000000000001776, 7.996971776485952255, -0.9500000000000002887 ) ) ;
#2064 = EDGE_CURVE ( 'NONE', #3809, #3371, #1507, .T. ) ;
#2065 = DIRECTION ( 'NONE',  ( 1.000000000000000000, 0.000000000000000000, 0.000000000000000000 ) ) ;
#2066 = CARTESIAN_POINT ( 'NONE',  ( 11.00000000000000000, 5.357227357212735797, 3.261163855499847219 ) ) ;
#2067 = CARTESIAN_POINT ( 'NONE',  ( 6.500000000000001776, 0.9499999999999724221, 7.997135450844712778 ) ) ;
#2068 = EDGE_CURVE ( 'NONE', #946, #1311, #3138, .T. ) ;
#2069 = AXIS2_PLACEMENT_3D ( 'NONE', #2745, #875, #2144 ) ;
#2070 = PLANE ( 'NONE',  #1684 ) ;
#2071 = CARTESIAN_POINT ( 'NONE',  ( 13.42074368738218837, 0.9499999999999705347, 8.500000000000007105 ) ) ;
#2072 = DIRECTION ( 'NONE',  ( -1.000000000000000000, -0.000000000000000000, -0.000000000000000000 ) ) ;
#2073 = CARTESIAN_POINT ( 'NONE',  ( 20.00000000000000000, -6.199976180397095860, -6.842559245454698846 ) ) ;
#2074 = LINE ( 'NONE', #2978, #2477 ) ;
#2075 = ORIENTED_EDGE ( 'NONE', *, *, #1323, .T. ) ;
#2076 = CARTESIAN_POINT ( 'NONE',  ( 13.00000000000000178, 7.998094335137079902, 0.8514301556693039119 ) ) ;
#2077 = CARTESIAN_POINT ( 'NONE',  ( 0.000000000000000000, 7.364760967333106478, -5.257907453389635499 ) ) ;
#2078 = DIRECTION ( 'NONE',  ( 1.000000000000000000, 0.000000000000000000, 0.000000000000000000 ) ) ;
#2079 = EDGE_CURVE ( 'NONE', #3809, #2609, #2563, .T. ) ;
#2080 = CARTESIAN_POINT ( 'NONE',  ( 12.99999999999999467, 5.500026894713686332, 0.8166491829174142847 ) ) ;
#2081 = EDGE_LOOP ( 'NONE', ( #3471, #618, #3329, #1400 ) ) ;
#2082 = CARTESIAN_POINT ( 'NONE',  ( 0.000000000000000000, 7.624384212064456712, 4.518215179558075612 ) ) ;
#2083 = VECTOR ( 'NONE', #1648, 1000.000000000000000 ) ;
#2084 = CARTESIAN_POINT ( 'NONE',  ( 6.500000000000000888, 8.499999999999998224, 5.053919964287874018E-14 ) ) ;
#2085 = CARTESIAN_POINT ( 'NONE',  ( 0.000000000000000000, 8.517584496679393880, 7.271227662708128925 ) ) ;
#2086 = ORIENTED_EDGE ( 'NONE', *, *, #1423, .F. ) ;
#2087 = CARTESIAN_POINT ( 'NONE',  ( 20.00000000000000000, -7.621337701171542633, 4.518215179558059624 ) ) ;
#2088 = CARTESIAN_POINT ( 'NONE',  ( 10.99999999999999822, -1.887813875299716670, -7.976082915599128853 ) ) ;
#2089 = DIRECTION ( 'NONE',  ( 1.000000000000000000, 0.000000000000000000, 0.000000000000000000 ) ) ;
#2090 = CARTESIAN_POINT ( 'NONE',  ( 10.99999999999999822, 4.346952977562937193, 7.675971859442288547 ) ) ;
#2091 = CARTESIAN_POINT ( 'NONE',  ( 13.00000000000000178, 4.435968942674827886, -4.989594474322975870 ) ) ;
#2092 = CARTESIAN_POINT ( 'NONE',  ( 20.00000000000000000, -7.885378254366919748, -3.110230222913257681 ) ) ;
#2093 = CARTESIAN_POINT ( 'NONE',  ( 13.00000000000000178, -2.657066463029897907, -7.942065616297995234 ) ) ;
#2094 = ORIENTED_EDGE ( 'NONE', *, *, #3343, .T. ) ;
#2095 = CARTESIAN_POINT ( 'NONE',  ( 20.00000000000000000, 7.413306281486634397, 5.141652362973592183 ) ) ;
#2096 = CARTESIAN_POINT ( 'NONE',  ( 13.42074368738218837, -7.000000000000033751, 0.9500000000001983524 ) ) ;
#2097 = CARTESIAN_POINT ( 'NONE',  ( 0.000000000000000000, 7.994340404933882205, -1.198537620874680965 ) ) ;
#2098 = LINE ( 'NONE', #3066, #530 ) ;
#2099 = CARTESIAN_POINT ( 'NONE',  ( 6.500000000000000888, -2.657066463029897907, -7.942065616297995234 ) ) ;
#2100 = CARTESIAN_POINT ( 'NONE',  ( 12.99999999999999467, 4.990519674808725270, 4.434164208948621066 ) ) ;
#2101 = ORIENTED_EDGE ( 'NONE', *, *, #1211, .T. ) ;
#2102 = CARTESIAN_POINT ( 'NONE',  ( 5.000000000000000888, 7.806769986350412971, 3.693151717295427350 ) ) ;
#2103 = CARTESIAN_POINT ( 'NONE',  ( 5.000000000000000000, 5.059279089555468803E-13, -8.499999564942138264 ) ) ;
#2104 = B_SPLINE_CURVE_WITH_KNOTS ( 'NONE', 3,
 ( #2291, #2954, #1030, #491, #118, #1757, #3861, #3552, #3264, #717, #2975, #1984, #1367, #2625, #1716, #1694, #1386, #2644, #1071, #3592, #3740, #3035, #3989, #2420, #3701, #1864, #270, #3123, #1533, #4010, #2112, #1469, #4052, #3368, #3969, #1823 ),
 .UNSPECIFIED., .F., .F.,
 ( 4, 2, 2, 2, 2, 2, 2, 2, 2, 2, 2, 2, 2, 2, 2, 2, 2, 4 ),
 ( 0.000000000000000000, 0.1250000000000001110, 0.2500000000000003331, 0.3750000000000003331, 0.5000000000000003331, 0.6250000000000004441, 0.6562500000000004441, 0.6875000000000004441, 0.7187500000000003331, 0.7500000000000003331, 0.7812500000000003331, 0.8125000000000003331, 0.8437500000000002220, 0.8750000000000002220, 0.9062500000000002220, 0.9375000000000001110, 0.9687500000000001110, 1.000000000000000000 ),
 .UNSPECIFIED. ) ;
#2105 = CARTESIAN_POINT ( 'NONE',  ( 0.000000000000000000, 7.616644854208664661, 8.242746957226094295 ) ) ;
#2106 = VERTEX_POINT ( 'NONE', #3200 ) ;
#2107 = CARTESIAN_POINT ( 'NONE',  ( 20.00000000000000000, -7.656261220913877175, 4.388453230966693042 ) ) ;
#2108 = CARTESIAN_POINT ( 'NONE',  ( 10.99999999999999822, -1.022731902783019065, -7.996347218184256533 ) ) ;
#2109 = CARTESIAN_POINT ( 'NONE',  ( 11.00000000000000533, 7.995645920115755700, -1.076805667195791294 ) ) ;
#2110 = CARTESIAN_POINT ( 'NONE',  ( 5.000000000000000000, 7.806769986350412083, -3.693151717295219516 ) ) ;
#2111 = CARTESIAN_POINT ( 'NONE',  ( 10.99999999999999822, 6.239824263842168151, 6.805696618999408365 ) ) ;
#2112 = CARTESIAN_POINT ( 'NONE',  ( 13.00000000000000178, 7.994340404933870659, 1.198537620874813303 ) ) ;
#2113 = CARTESIAN_POINT ( 'NONE',  ( 20.00000000000000000, -7.996953489107089474, -0.1658497824140048038 ) ) ;
#2114 = CARTESIAN_POINT ( 'NONE',  ( 5.000000000000000000, -54.99999999999965894, 7.750075612333781727 ) ) ;
#2115 = EDGE_LOOP ( 'NONE', ( #1061, #997, #38, #3865 ) ) ;
#2116 = CARTESIAN_POINT ( 'NONE',  ( 0.000000000000000000, 8.795726536140829666, 6.854604630103548146 ) ) ;
#2117 = CARTESIAN_POINT ( 'NONE',  ( 20.00000000000000000, -7.803723475457496228, 3.693151717295410918 ) ) ;
#2118 = CARTESIAN_POINT ( 'NONE',  ( 5.000000000000000888, 0.9499999999999757527, 7.000000000000007994 ) ) ;
#2119 = CARTESIAN_POINT ( 'NONE',  ( -8.673617379884035472E-16, 7.754060879349665925, -3.975098189426804929 ) ) ;
#2120 = CARTESIAN_POINT ( 'NONE',  ( 0.000000000000000000, -7.361714456440144438, 5.257907453389930374 ) ) ;
#2121 = CARTESIAN_POINT ( 'NONE',  ( 0.000000000000000000, -7.656261220913877175, 4.388453230966693042 ) ) ;
#2122 = CARTESIAN_POINT ( 'NONE',  ( 5.000000000000000888, 7.994340404933870659, 1.198537620874813303 ) ) ;
#2123 = CARTESIAN_POINT ( 'NONE',  ( 5.000000000000000000, -5.096078780529515129, -7.992518567706961896 ) ) ;
#2124 = CARTESIAN_POINT ( 'NONE',  ( 11.00000000000000000, 0.9499999999999724221, 7.997135450844712778 ) ) ;
#2125 = ORIENTED_EDGE ( 'NONE', *, *, #3778, .F. ) ;
#2126 = CARTESIAN_POINT ( 'NONE',  ( 20.00000000000000000, -7.991293894040946810, 1.198537620874796428 ) ) ;
#2127 = CARTESIAN_POINT ( 'NONE',  ( 11.00000000000000000, 0.8148452774453561753, 5.500294959846138809 ) ) ;
#2128 = CARTESIAN_POINT ( 'NONE',  ( 6.500000000000000888, 7.963614471005002748, 2.177562438472038231 ) ) ;
#2129 = CARTESIAN_POINT ( 'NONE',  ( 0.000000000000000000, 9.592557225584069869, -4.922082116025469745 ) ) ;
#2130 = FILL_AREA_STYLE_COLOUR ( '', #1887 ) ;
#2131 = CARTESIAN_POINT ( 'NONE',  ( 13.00000000000000178, 4.693626143160524400, -4.818133009941723444 ) ) ;
#2132 = EDGE_CURVE ( 'NONE', #1826, #3628, #2854, .T. ) ;
#2133 = LINE ( 'NONE', #3658, #1443 ) ;
#2134 = FACE_OUTER_BOUND ( 'NONE', #1279, .T. ) ;
#2135 = ORIENTED_EDGE ( 'NONE', *, *, #153, .F. ) ;
#2136 = CARTESIAN_POINT ( 'NONE',  ( 0.000000000000000000, 6.837508212473188962, 8.806024165814488214 ) ) ;
#2137 = CARTESIAN_POINT ( 'NONE',  ( 13.00000000000000178, -7.543946599368344330, 4.773512810947238449 ) ) ;
#2138 = CARTESIAN_POINT ( 'NONE',  ( 11.00000000000000000, 5.486718253736335704, -1.626499314788049544 ) ) ;
#2139 = CARTESIAN_POINT ( 'NONE',  ( 13.01199999999999868, 0.0005077518126913240382, -5.500000627910791806 ) ) ;
#2140 = CARTESIAN_POINT ( 'NONE',  ( 0.000000000000000000, -1.313793429122728007, 7.993584671332984115 ) ) ;
#2141 = CARTESIAN_POINT ( 'NONE',  ( 5.000000000000000888, -7.543946599368344330, 4.773512810947238449 ) ) ;
#2142 = ADVANCED_FACE ( 'NONE', ( #965 ), #678, .F. ) ;
#2143 = CARTESIAN_POINT ( 'NONE',  ( 20.00000000000000000, 7.104206476702478845, -5.820499722137300935 ) ) ;
#2144 = DIRECTION ( 'NONE',  ( 0.000000000000000000, -1.000000000000000000, 3.971603747630718475E-14 ) ) ;
#2145 = CARTESIAN_POINT ( 'NONE',  ( 11.00000000000000000, 0.000000000000000000, -6.522789215968461285 ) ) ;
#2146 = ORIENTED_EDGE ( 'NONE', *, *, #3021, .T. ) ;
#2147 = VECTOR ( 'NONE', #1174, 1000.000000000000000 ) ;
#2148 = DIRECTION ( 'NONE',  ( 0.000000000000000000, 1.000000000000000000, -3.971603747630718475E-14 ) ) ;
#2149 = CARTESIAN_POINT ( 'NONE',  ( 12.99999999999999467, 4.038411208028892752, 5.162636836433294185 ) ) ;
#2150 = CARTESIAN_POINT ( 'NONE',  ( 6.500000000000000888, 7.546993110261257520, 4.773512810947254437 ) ) ;
#2151 = CARTESIAN_POINT ( 'NONE',  ( 5.000000000000000000, 7.996487503114126483, -1.000006010922226629 ) ) ;
#2152 = CARTESIAN_POINT ( 'NONE',  ( 11.00000000000000000, 7.815293711453879411, 3.636630285510063842 ) ) ;
#2153 = CARTESIAN_POINT ( 'NONE',  ( 13.00000000000000178, 5.221541760204545746, -3.838501389505185823 ) ) ;
#2154 = CARTESIAN_POINT ( 'NONE',  ( 20.00000000000000000, -7.501387247522696811, -4.899417217456346840 ) ) ;
#2155 = CARTESIAN_POINT ( 'NONE',  ( 5.000000000000000000, -3.268209366061821886, -7.885017484777416819 ) ) ;
#2156 = ORIENTED_EDGE ( 'NONE', *, *, #545, .T. ) ;
#2157 = CARTESIAN_POINT ( 'NONE',  ( 5.000000000000000888, -7.101159965809542562, -5.820499722137316034 ) ) ;
#2158 = CARTESIAN_POINT ( 'NONE',  ( 20.00000000000000000, -7.410259770593721207, 5.141652362973576196 ) ) ;
#2159 = EDGE_CURVE ( 'NONE', #1204, #3983, #2896, .T. ) ;
#2160 = CARTESIAN_POINT ( 'NONE',  ( 5.000000000000000888, -7.993925265593027518, -0.9499999999998021138 ) ) ;
#2161 = CARTESIAN_POINT ( 'NONE',  ( -8.673617379884035472E-16, 7.659307731806804576, -4.388453230966465668 ) ) ;
#2162 = CARTESIAN_POINT ( 'NONE',  ( 0.000000000000000000, -3.268209366061708199, 7.885017484777665508 ) ) ;
#2163 = CARTESIAN_POINT ( 'NONE',  ( 5.000000000000000000, 5.059279089555468803E-13, -8.499999564942138264 ) ) ;
#2164 = FACE_OUTER_BOUND ( 'NONE', #2062, .T. ) ;
#2165 = CARTESIAN_POINT ( 'NONE',  ( 11.00000000000000000, 0.9499999999998847144, -8.499999999999920064 ) ) ;
#2166 = VERTEX_POINT ( 'NONE', #1576 ) ;
#2167 = AXIS2_PLACEMENT_3D ( 'NONE', #2028, #447, #3926 ) ;
#2168 = CARTESIAN_POINT ( 'NONE',  ( 13.00000000000000178, -4.916762245066584214, 7.521274650041049448 ) ) ;
#2169 = CARTESIAN_POINT ( 'NONE',  ( 11.00000000000000000, -0.9500000000000260458, 7.997106055648604439 ) ) ;
#2170 = LINE ( 'NONE', #1466, #228 ) ;
#2171 = CARTESIAN_POINT ( 'NONE',  ( 0.000000000000000000, 9.264259240779146864, -5.916551912301851068 ) ) ;
#2172 = VECTOR ( 'NONE', #948, 1000.000000000000000 ) ;
#2173 = CARTESIAN_POINT ( 'NONE',  ( 11.00000000000000355, 7.994094216282138454, 1.201094664387440281 ) ) ;
#2174 = CARTESIAN_POINT ( 'NONE',  ( 11.00000000000000000, 2.855206409138233870, -5.407318554255646781 ) ) ;
#2175 = LINE ( 'NONE', #1919, #1969 ) ;
#2176 = PLANE ( 'NONE',  #3331 ) ;
#2177 = VERTEX_POINT ( 'NONE', #4091 ) ;
#2178 = CARTESIAN_POINT ( 'NONE',  ( -3.469446951953614189E-15, -7.410259770593713213, -5.141652362973361257 ) ) ;
#2179 = CARTESIAN_POINT ( 'NONE',  ( 13.00000000000000178, -7.996953489107080593, 0.1658497824139630872 ) ) ;
#2180 = CARTESIAN_POINT ( 'NONE',  ( -3.469446951953614189E-15, -7.916449367694571748, -2.802433418976642443 ) ) ;
#2181 = CARTESIAN_POINT ( 'NONE',  ( 5.000000000000001776, 7.977894848674130124, -1.862506083701936932 ) ) ;
#2182 = CARTESIAN_POINT ( 'NONE',  ( 20.00000000000000000, 9.739256424143770019, 4.284627123311322450 ) ) ;
#2183 = B_SPLINE_CURVE_WITH_KNOTS ( 'NONE', 3,
 ( #1509, #1861, #2151, #2729, #3387, #4067, #1840, #267, #2438, #3718, #1550, #2772, #882, #4028, #2110, #3365, #1219, #595, #3100, #531, #1155, #2482, #3410, #3430, #1800, #244, #2753, #574, #1197, #3057, #222, #2461, #2503, #554 ),
 .UNSPECIFIED., .F., .F.,
 ( 4, 2, 2, 2, 2, 2, 2, 2, 2, 2, 2, 2, 2, 2, 2, 2, 4 ),
 ( 0.05800249565092898546, 0.06249999999999977796, 0.09374999999999977796, 0.1249999999999997780, 0.1562499999999997502, 0.1874999999999997780, 0.2187499999999997780, 0.2499999999999997502, 0.2812499999999998890, 0.3124999999999998890, 0.3437499999999998890, 0.3749999999999998335, 0.4999999999999998890, 0.6249999999999998890, 0.7500000000000000000, 0.8750000000000000000, 0.9425128988998585644 ),
 .UNSPECIFIED. ) ;
#2184 = CARTESIAN_POINT ( 'NONE',  ( 11.00000000000000000, 0.001523255446463035864, -5.499999854980488045 ) ) ;
#2185 = LINE ( 'NONE', #2496, #2730 ) ;
#2186 = CARTESIAN_POINT ( 'NONE',  ( 13.00000000000000178, -7.996954735067952846, -0.3341008311379795037 ) ) ;
#2187 = ORIENTED_EDGE ( 'NONE', *, *, #1123, .F. ) ;
#2188 = ADVANCED_FACE ( 'NONE', ( #1347 ), #3899, .F. ) ;
#2189 = AXIS2_PLACEMENT_3D ( 'NONE', #1283, #622, #2217 ) ;
#2190 = CARTESIAN_POINT ( 'NONE',  ( 2.000000000000002220, -54.99999999999965894, -7.750075612333780839 ) ) ;
#2191 = CARTESIAN_POINT ( 'NONE',  ( 0.000000000000000000, 4.901036284322639602, -9.597547811488542635 ) ) ;
#2192 = EDGE_CURVE ( 'NONE', #1941, #354, #2839, .T. ) ;
#2193 = FACE_OUTER_BOUND ( 'NONE', #3765, .T. ) ;
#2194 = CARTESIAN_POINT ( 'NONE',  ( 2.000000000000001776, -7.974848337781201835, -1.862506083701953807 ) ) ;
#2195 = CARTESIAN_POINT ( 'NONE',  ( 0.000000000000000000, -7.980267251761149261, -1.702190156616476102 ) ) ;
#2196 = CARTESIAN_POINT ( 'NONE',  ( 11.00000000000000000, 7.991542015890466644, 1.370157565731196847 ) ) ;
#2197 = ORIENTED_EDGE ( 'NONE', *, *, #2231, .T. ) ;
#2198 = EDGE_CURVE ( 'NONE', #1372, #3049, #2270, .T. ) ;
#2199 = CARTESIAN_POINT ( 'NONE',  ( 5.000000000000000888, -0.9500000000001148637, -7.997106055648364631 ) ) ;
#2200 = CARTESIAN_POINT ( 'NONE',  ( 2.000000000000002220, -54.99999999999965894, 7.750075612333781727 ) ) ;
#2201 = CARTESIAN_POINT ( 'NONE',  ( 5.000000000000000888, -7.656261220913871846, -4.388453230966482543 ) ) ;
#2202 = CARTESIAN_POINT ( 'NONE',  ( 5.000000000000001776, 0.9500000000022044144, -7.997135450844450766 ) ) ;
#2203 = CARTESIAN_POINT ( 'NONE',  ( 0.000000000000000000, -6.839518409773132745, 6.203019186482333858 ) ) ;
#2204 = CARTESIAN_POINT ( 'NONE',  ( 13.00000000000000178, -7.960567960112083341, -2.177562438471835726 ) ) ;
#2205 = ORIENTED_EDGE ( 'NONE', *, *, #3450, .F. ) ;
#2206 = CARTESIAN_POINT ( 'NONE',  ( 11.00000000000000000, 7.971885279313183581, -1.994876536538419121 ) ) ;
#2207 = CARTESIAN_POINT ( 'NONE',  ( 20.00000000000000000, -54.99999999999965894, 10.00000000000014388 ) ) ;
#2208 = CARTESIAN_POINT ( 'NONE',  ( 6.500000000000000888, -3.961258559890256326, 8.324856479216730776 ) ) ;
#2209 = DIRECTION ( 'NONE',  ( 1.000000000000000000, 0.000000000000000000, 0.000000000000000000 ) ) ;
#2210 = CARTESIAN_POINT ( 'NONE',  ( 11.00000000000000000, 7.994340404933870659, 1.198537620874813303 ) ) ;
#2211 = ORIENTED_EDGE ( 'NONE', *, *, #2311, .F. ) ;
#2212 = ORIENTED_EDGE ( 'NONE', *, *, #836, .F. ) ;
#2213 = VECTOR ( 'NONE', #2053, 1000.000000000000000 ) ;
#2214 = CARTESIAN_POINT ( 'NONE',  ( 13.01199999999999868, 1.482307657695025593E-18, 5.500001013597577426 ) ) ;
#2215 = LINE ( 'NONE', #1594, #2693 ) ;
#2216 = EDGE_CURVE ( 'NONE', #2889, #1664, #1605, .T. ) ;
#2217 = DIRECTION ( 'NONE',  ( 0.000000000000000000, -0.3420201433256730983, 0.9396926207859067626 ) ) ;
#2218 = LINE ( 'NONE', #79, #1885 ) ;
#2219 = ORIENTED_EDGE ( 'NONE', *, *, #2565, .T. ) ;
#2220 = CARTESIAN_POINT ( 'NONE',  ( 13.00000000000000178, -7.867542871793015813, -3.260513804450916542 ) ) ;
#2221 = EDGE_LOOP ( 'NONE', ( #1934, #332, #1117, #3805 ) ) ;
#2222 = EDGE_CURVE ( 'NONE', #722, #2778, #920, .T. ) ;
#2223 = CARTESIAN_POINT ( 'NONE',  ( 10.99999999999999822, 6.805071163297704118, -6.240717916544947563 ) ) ;
#2224 = DIRECTION ( 'NONE',  ( 0.000000000000000000, 1.000000000000000000, 7.228014483236703211E-17 ) ) ;
#2225 = PRESENTATION_STYLE_ASSIGNMENT (( #941 ) ) ;
#2226 = CARTESIAN_POINT ( 'NONE',  ( 2.000000000000001776, -7.543946599368335448, -4.773512810947029728 ) ) ;
#2227 = CARTESIAN_POINT ( 'NONE',  ( 0.000000000000000000, -0.9500000000001150857, -7.997098400010432151 ) ) ;
#2228 = CARTESIAN_POINT ( 'NONE',  ( 11.00000000000000000, 7.996971776180958003, 0.9500000326984660015 ) ) ;
#2229 = ORIENTED_EDGE ( 'NONE', *, *, #3525, .T. ) ;
#2230 = ORIENTED_EDGE ( 'NONE', *, *, #175, .F. ) ;
#2231 = EDGE_CURVE ( 'NONE', #722, #3335, #3635, .T. ) ;
#2232 = CARTESIAN_POINT ( 'NONE',  ( 6.500000000000000888, -0.9500000000001148637, -6.999999999999920064 ) ) ;
#2233 = DIRECTION ( 'NONE',  ( -0.000000000000000000, -1.256228917186600745E-13, -1.000000000000000000 ) ) ;
#2234 = CARTESIAN_POINT ( 'NONE',  ( -8.673617379884035472E-16, 2.660112973922839075, -7.942065616297989905 ) ) ;
#2235 = DIRECTION ( 'NONE',  ( 0.000000000000000000, -7.228014483236698281E-17, -1.000000000000000000 ) ) ;
#2236 = EDGE_LOOP ( 'NONE', ( #1592, #1192, #2365, #2306 ) ) ;
#2237 = CARTESIAN_POINT ( 'NONE',  ( 13.00000000000000178, 7.999048912134683498, 0.6768666228593294143 ) ) ;
#2238 = AXIS2_PLACEMENT_3D ( 'NONE', #2910, #2065, #1067 ) ;
#2239 = CARTESIAN_POINT ( 'NONE',  ( 0.000000000000000000, 0.9499999999999722000, 7.997127255426176085 ) ) ;
#2240 = CARTESIAN_POINT ( 'NONE',  ( 20.00000000000000000, -7.974848337781201835, -1.862506083701953807 ) ) ;
#2241 = VERTEX_POINT ( 'NONE', #758 ) ;
#2242 = B_SPLINE_CURVE_WITH_KNOTS ( 'NONE', 3,
 ( #2329, #441, #380, #2287, #3279, #71, #3920, #1712, #2991, #1362, #91 ),
 .UNSPECIFIED., .F., .F.,
 ( 4, 1, 1, 1, 1, 1, 1, 1, 4 ),
 ( 0.05591983065812389242, 0.1739298518258584059, 0.2919398729935929193, 0.4099498941613274328, 0.5279599153290619462, 0.6459699364967964597, 0.7639799576645309731, 0.8819899788322653755, 0.9999999999999998890 ),
 .UNSPECIFIED. ) ;
#2243 = CARTESIAN_POINT ( 'NONE',  ( 11.00000000000000000, 7.782584299821235341, -3.822568348198548627 ) ) ;
#2244 = CARTESIAN_POINT ( 'NONE',  ( 4.999999999999999112, -5.096078780746490011, 7.992518567643992711 ) ) ;
#2245 = VECTOR ( 'NONE', #1711, 1000.000000000000000 ) ;
#2246 = CARTESIAN_POINT ( 'NONE',  ( 6.500000000000000888, 7.919495878587501814, -2.802433418976625568 ) ) ;
#2247 = LINE ( 'NONE', #3504, #2570 ) ;
#2248 = LINE ( 'NONE', #3486, #1641 ) ;
#2249 = CARTESIAN_POINT ( 'NONE',  ( 6.500000000000001776, 7.888424765259834714, 3.110230222913495712 ) ) ;
#2250 = VERTEX_POINT ( 'NONE', #406 ) ;
#2251 = ORIENTED_EDGE ( 'NONE', *, *, #240, .F. ) ;
#2252 = CARTESIAN_POINT ( 'NONE',  ( 11.00000000000000000, 3.263498545960469954, -5.357729545476878741 ) ) ;
#2253 = CARTESIAN_POINT ( 'NONE',  ( 20.00000000000000000, 7.994340404933870659, 1.198537620874813303 ) ) ;
#2254 = CARTESIAN_POINT ( 'NONE',  ( 11.00000000000000000, 0.9499999999999724221, 7.997135450844712778 ) ) ;
#2255 = CARTESIAN_POINT ( 'NONE',  ( 13.00000000000000178, 0.001523255446470592970, -8.000000580076788381 ) ) ;
#2256 = CARTESIAN_POINT ( 'NONE',  ( 6.500000000000000888, -1.313793427162379457, -7.993584671373881179 ) ) ;
#2257 = ORIENTED_EDGE ( 'NONE', *, *, #895, .T. ) ;
#2258 = ORIENTED_EDGE ( 'NONE', *, *, #298, .F. ) ;
#2259 = PLANE ( 'NONE',  #780 ) ;
#2260 = CARTESIAN_POINT ( 'NONE',  ( 13.00000000000000178, -6.839518409773001295, -6.203019186482218394 ) ) ;
#2261 = EDGE_LOOP ( 'NONE', ( #3556, #451, #1483, #196, #1622, #61 ) ) ;
#2262 = VECTOR ( 'NONE', #953, 1000.000000000000000 ) ;
#2263 = CARTESIAN_POINT ( 'NONE',  ( 0.000000000000000000, 2.660112973922829749, 7.942065616298227937 ) ) ;
#2264 = CARTESIAN_POINT ( 'NONE',  ( 10.99999999999999645, 2.004424400150890850, -7.971320193124041609 ) ) ;
#2265 = CARTESIAN_POINT ( 'NONE',  ( 20.00000000000000000, 8.000001245960877583, -0.3341008311379625728 ) ) ;
#2266 = CARTESIAN_POINT ( 'NONE',  ( 13.00000000000000178, 5.500000000000003553, -2.889476327351148832E-13 ) ) ;
#2267 = CARTESIAN_POINT ( 'NONE',  ( 11.00000000000000000, 7.888424765259851590, -3.110230222913241249 ) ) ;
#2268 = CARTESIAN_POINT ( 'NONE',  ( 11.00000000000000000, 7.754060879349655266, 3.975098189427046069 ) ) ;
#2269 = CARTESIAN_POINT ( 'NONE',  ( 11.00000000000000000, 4.435968942674827886, -4.989594474322975870 ) ) ;
#2270 = LINE ( 'NONE', #3473, #1841 ) ;
#2271 = FACE_OUTER_BOUND ( 'NONE', #3062, .T. ) ;
#2272 = VECTOR ( 'NONE', #366, 1000.000000000000000 ) ;
#2273 = CARTESIAN_POINT ( 'NONE',  ( 5.000000000000001776, 5.821275128020570122, -7.103874531599246644 ) ) ;
#2274 = CARTESIAN_POINT ( 'NONE',  ( 6.500000000000000888, -0.9500000000000270450, 7.997106055648604439 ) ) ;
#2275 = ORIENTED_EDGE ( 'NONE', *, *, #2002, .F. ) ;
#2276 = ORIENTED_EDGE ( 'NONE', *, *, #2741, .F. ) ;
#2277 = ADVANCED_FACE ( 'NONE', ( #1091 ), #2354, .T. ) ;
#2278 = CARTESIAN_POINT ( 'NONE',  ( 0.000000000000000000, 4.919808755959492075, 7.521274650041060106 ) ) ;
#2279 = CARTESIAN_POINT ( 'NONE',  ( 0.000000000000000000, -7.993692019869075516, 0.9750072175744757264 ) ) ;
#2280 = ORIENTED_EDGE ( 'NONE', *, *, #1705, .T. ) ;
#2281 = CARTESIAN_POINT ( 'NONE',  ( 0.000000000000000000, 6.203022691289977963, 6.842559245454959971 ) ) ;
#2282 = B_SPLINE_SURFACE_WITH_KNOTS ( 'NONE', 3, 1, ( 
 ( #2859, #1661 ),
 ( #62, #2920 ),
 ( #17, #972 ),
 ( #2237, #3186 ),
 ( #2076, #2713 ),
 ( #1118, #142 ),
 ( #2384, #826 ),
 ( #165, #123 ),
 ( #2403, #763 ),
 ( #3597, #3020 ),
 ( #1433, #3330 ),
 ( #1721, #496 ),
 ( #2736, #207 ),
 ( #2692, #3040 ),
 ( #3288, #1412 ),
 ( #2359, #3640 ),
 ( #2032, #452 ),
 ( #2960, #1741 ),
 ( #1473, #2671 ),
 ( #1699, #1391 ),
 ( #3661, #2980 ),
 ( #187, #2649 ),
 ( #806, #3930 ),
 ( #1763, #2095 ),
 ( #3951, #3911 ),
 ( #3350, #1096 ),
 ( #3619, #1452 ),
 ( #3974, #1138 ),
 ( #514, #787 ),
 ( #1783, #3993 ),
 ( #1162, #2424 ),
 ( #2051, #3309 ),
 ( #1077, #2339 ),
 ( #475, #3000 ),
 ( #3684, #848 ),
 ( #3269, #431 ) ),
 .UNSPECIFIED., .F., .F., .F.,
 ( 4, 2, 2, 2, 2, 2, 2, 2, 2, 2, 2, 2, 2, 2, 2, 2, 2, 4 ),
 ( 2, 2 ),
 ( 0.000000000000000000, 0.03124999999999992367, 0.06249999999999984734, 0.09374999999999979183, 0.1249999999999997502, 0.1562499999999997224, 0.1874999999999996947, 0.2187499999999996947, 0.2499999999999996669, 0.2812499999999996669, 0.3124999999999996114, 0.3437499999999996114, 0.3749999999999995559, 0.4999999999999996669, 0.6249999999999996669, 0.7499999999999996669, 0.8749999999999998890, 1.000000000000000000 ),
 ( 0.000000000000000000, 1.000000000000000000 ),
 .UNSPECIFIED. ) ;
#2283 = CARTESIAN_POINT ( 'NONE',  ( 18.00000000000000355, -54.99999999999965894, -7.750075612333780839 ) ) ;
#2284 = ADVANCED_FACE ( 'NONE', ( #1407 ), #801, .F. ) ;
#2285 = CARTESIAN_POINT ( 'NONE',  ( 20.00000000000000000, 7.991542015890479078, -1.370157565731053184 ) ) ;
#2286 = CARTESIAN_POINT ( 'NONE',  ( 13.00000000000000178, 5.221541760204545746, -3.838501389505185823 ) ) ;
#2287 = CARTESIAN_POINT ( 'NONE',  ( 6.500000000000000888, 8.325115491524963218, -3.958251284449962881 ) ) ;
#2288 = CARTESIAN_POINT ( 'NONE',  ( 11.00000000000000000, 4.919808755959280688, -7.521274650040940202 ) ) ;
#2289 = CARTESIAN_POINT ( 'NONE',  ( 20.00000000000000000, 9.952211719080347407, -2.593577784831173183 ) ) ;
#2290 = LINE ( 'NONE', #362, #3999 ) ;
#2291 = CARTESIAN_POINT ( 'NONE',  ( 13.00000000000000178, 0.001523255446453698064, 8.000000580077024637 ) ) ;
#2292 = CARTESIAN_POINT ( 'NONE',  ( 5.000000000000000000, -1.313793427162311511, 7.993584671374119210 ) ) ;
#2293 = AXIS2_PLACEMENT_3D ( 'NONE', #3577, #1640, #333 ) ;
#2294 = CARTESIAN_POINT ( 'NONE',  ( 20.00000000000000000, 7.870589382685947655, -3.260513804450900111 ) ) ;
#2295 = LINE ( 'NONE', #37, #1355 ) ;
#2296 = ORIENTED_EDGE ( 'NONE', *, *, #3810, .T. ) ;
#2297 = ORIENTED_EDGE ( 'NONE', *, *, #942, .F. ) ;
#2298 = DIRECTION ( 'NONE',  ( 0.000000000000000000, 0.000000000000000000, 1.000000000000000000 ) ) ;
#2299 = DIRECTION ( 'NONE',  ( 0.000000000000000000, -1.000000000000000000, 7.228014483236698281E-17 ) ) ;
#2300 = VERTEX_POINT ( 'NONE', #1428 ) ;
#2301 = CARTESIAN_POINT ( 'NONE',  ( 5.000000000000000888, 1.314854083768200121, 7.993626276589695934 ) ) ;
#2302 = ADVANCED_FACE ( 'NONE', ( #1673 ), #182, .T. ) ;
#2303 = CARTESIAN_POINT ( 'NONE',  ( 2.000000000000001776, -7.803723475457496228, 3.693151717295410918 ) ) ;
#2304 = CARTESIAN_POINT ( 'NONE',  ( 18.00000000000000355, -7.916449367694571748, -2.802433418976642443 ) ) ;
#2305 = EDGE_CURVE ( 'NONE', #1904, #1740, #3283, .T. ) ;
#2306 = ORIENTED_EDGE ( 'NONE', *, *, #1580, .F. ) ;
#2307 = CARTESIAN_POINT ( 'NONE',  ( 13.00000000000000178, 2.041997018946008158, -5.472561165222932011 ) ) ;
#2308 = CARTESIAN_POINT ( 'NONE',  ( 6.500000000000000888, 5.643552600981589507, 7.832188056507720653 ) ) ;
#2309 = CARTESIAN_POINT ( 'NONE',  ( 11.00000000000000000, 7.546993110261269955, -4.773512810947013740 ) ) ;
#2310 = CARTESIAN_POINT ( 'NONE',  ( -6.938893903907228378E-15, 4.263402913510627279, -9.744407353998882471 ) ) ;
#2311 = EDGE_CURVE ( 'NONE', #3427, #1204, #2843, .T. ) ;
#2312 = CARTESIAN_POINT ( 'NONE',  ( 5.000000000000000000, 7.829744211270962317, 3.551969690029802340 ) ) ;
#2313 = VECTOR ( 'NONE', #589, 1000.000000000000000 ) ;
#2314 = DIRECTION ( 'NONE',  ( 0.000000000000000000, 1.000000000000000000, 3.469446951953615372E-15 ) ) ;
#2315 = DIRECTION ( 'NONE',  ( -1.000000000000000000, 0.000000000000000000, 0.000000000000000000 ) ) ;
#2316 = CARTESIAN_POINT ( 'NONE',  ( 13.00000000000000178, 6.203022691290034807, -6.842559245454685524 ) ) ;
#2317 = CARTESIAN_POINT ( 'NONE',  ( 18.00000000000000355, -7.543946599368344330, 4.773512810947238449 ) ) ;
#2318 = VERTEX_POINT ( 'NONE', #3325 ) ;
#2319 = PLANE ( 'NONE',  #2293 ) ;
#2320 = PLANE ( 'NONE',  #1282 ) ;
#2321 = B_SPLINE_CURVE_WITH_KNOTS ( 'NONE', 3,
 ( #1442, #3010, #176, #2703, #1129, #1395, #2655, #3603, #769, #45, #2925, #3915, #2614, #3209, #67, #2036, #3232, #1081, #1312, #458, #1357, #1683, #3871, #3561 ),
 .UNSPECIFIED., .F., .F.,
 ( 4, 2, 2, 1, 1, 1, 1, 2, 2, 1, 1, 1, 2, 2, 1, 4 ),
 ( 0.7389282793587986786, 0.7453307815059112551, 0.7517332836530237206, 0.7645382879472486515, 0.7901482965356986243, 0.8413683137125984590, 0.8669783223010483209, 0.8733808244481607863, 0.8797833265952732518, 0.8925883308894981827, 0.9181983394779478225, 0.9310033437721727534, 0.9374058459192851078, 0.9390064714560633075, 0.9406070969928413961, 0.9438083480663976843 ),
 .UNSPECIFIED. ) ;
#2322 = CARTESIAN_POINT ( 'NONE',  ( 5.000000000000000888, -7.993925265593015084, 0.9500000000001986855 ) ) ;
#2323 = ORIENTED_EDGE ( 'NONE', *, *, #2493, .F. ) ;
#2324 = LINE ( 'NONE', #127, #987 ) ;
#2325 = CARTESIAN_POINT ( 'NONE',  ( -0.01110256445313248519, 5.500000000000003553, -2.889476327351148832E-13 ) ) ;
#2326 = CARTESIAN_POINT ( 'NONE',  ( 20.00000000000000000, 9.264259240779130877, 5.916551912302102423 ) ) ;
#2327 = ORIENTED_EDGE ( 'NONE', *, *, #1320, .F. ) ;
#2328 = CARTESIAN_POINT ( 'NONE',  ( 18.00000000000000355, -54.99999999999965894, 7.750075612333781727 ) ) ;
#2329 = CARTESIAN_POINT ( 'NONE',  ( 6.500000000000000888, 8.499999999999998224, 5.053919964287874018E-14 ) ) ;
#2330 = CARTESIAN_POINT ( 'NONE',  ( 11.00000000000000000, 7.659307731806804576, -4.388453230966465668 ) ) ;
#2331 = CARTESIAN_POINT ( 'NONE',  ( 20.00000000000000000, 9.444615931807820886, -5.422764466181368981 ) ) ;
#2332 = UNCERTAINTY_MEASURE_WITH_UNIT (LENGTH_MEASURE( 1.000000000000000082E-05 ), #1002, 'distance_accuracy_value', 'NONE');
#2333 = CARTESIAN_POINT ( 'NONE',  ( 11.00000000000000178, 1.078896444673807187, 7.995738216855999170 ) ) ;
#2334 = CARTESIAN_POINT ( 'NONE',  ( 11.00000000000000000, 0.000000000000000000, -6.522789215968461285 ) ) ;
#2335 = CARTESIAN_POINT ( 'NONE',  ( 11.00000000000000000, -0.9500000000001148637, -7.997106055648366407 ) ) ;
#2336 = CARTESIAN_POINT ( 'NONE',  ( 13.00000000000000178, 4.401471794433084561, -7.675014244674200015 ) ) ;
#2337 = CARTESIAN_POINT ( 'NONE',  ( 18.00000000000000355, -6.839518409773132745, 6.203019186482333858 ) ) ;
#2338 = VERTEX_POINT ( 'NONE', #3906 ) ;
#2339 = CARTESIAN_POINT ( 'NONE',  ( 20.00000000000000000, 2.660112973922829749, 7.942065616298227937 ) ) ;
#2340 = AXIS2_PLACEMENT_3D ( 'NONE', #2588, #3846, #1304 ) ;
#2341 = CARTESIAN_POINT ( 'NONE',  ( 13.00000000000000178, 7.991542015890479078, -1.370157565731053184 ) ) ;
#2342 = CARTESIAN_POINT ( 'NONE',  ( 20.00000000000000000, -2.657066463029897907, -7.942065616297995234 ) ) ;
#2343 = ORIENTED_EDGE ( 'NONE', *, *, #4035, .F. ) ;
#2344 = CARTESIAN_POINT ( 'NONE',  ( 2.000000000000002220, 0.000000000000000000, 7.750075612333781727 ) ) ;
#2345 = CARTESIAN_POINT ( 'NONE',  ( 11.00000000000000000, 3.244071727962475116, 5.360521218167641599 ) ) ;
#2346 = CARTESIAN_POINT ( 'NONE',  ( 0.000000000000000000, 9.739256424143770019, 4.284627123311322450 ) ) ;
#2347 = ORIENTED_EDGE ( 'NONE', *, *, #2741, .T. ) ;
#2348 = CARTESIAN_POINT ( 'NONE',  ( 13.00000000000000178, -3.935974376228933647, 7.760463975283649063 ) ) ;
#2349 = EDGE_CURVE ( 'NONE', #976, #2056, #2104, .T. ) ;
#2350 = CARTESIAN_POINT ( 'NONE',  ( 11.00000000000000000, -0.9500000000001148637, -7.997106055648366407 ) ) ;
#2351 = CARTESIAN_POINT ( 'NONE',  ( 6.500000000000002665, 7.919495878587501814, -2.802433418976625568 ) ) ;
#2352 = CARTESIAN_POINT ( 'NONE',  ( -6.938893903907228378E-15, 10.00001601634445336, -0.7583038693810123521 ) ) ;
#2353 = CARTESIAN_POINT ( 'NONE',  ( 5.000000000000000000, 7.954734997325215495, 2.333320861749619279 ) ) ;
#2354 = PLANE ( 'NONE',  #2561 ) ;
#2355 = LINE ( 'NONE', #3613, #2500 ) ;
#2356 = CARTESIAN_POINT ( 'NONE',  ( 20.00000000000000000, 6.842564920665938466, -6.203019186482203295 ) ) ;
#2357 = CARTESIAN_POINT ( 'NONE',  ( 11.00000000000000000, -0.9500000000000278222, 7.997097744788737472 ) ) ;
#2358 = ORIENTED_EDGE ( 'NONE', *, *, #3810, .F. ) ;
#2359 = CARTESIAN_POINT ( 'NONE',  ( 13.00000000000000178, 7.829744211270962317, 3.551969690029802340 ) ) ;
#2360 = EDGE_CURVE ( 'NONE', #2177, #3472, #3345, .T. ) ;
#2361 = ADVANCED_FACE ( 'NONE', ( #533 ), #2650, .F. ) ;
#2362 = CARTESIAN_POINT ( 'NONE',  ( 11.00000000000000000, 5.472725181630982760, -2.032314195640062326 ) ) ;
#2363 = CARTESIAN_POINT ( 'NONE',  ( 13.00000000000000178, 7.364760967333106478, -5.257907453389635499 ) ) ;
#2364 = CARTESIAN_POINT ( 'NONE',  ( 4.999999999999997335, 5.059323558785199654E-13, -8.499999564942138264 ) ) ;
#2365 = ORIENTED_EDGE ( 'NONE', *, *, #3599, .T. ) ;
#2366 = AXIS2_PLACEMENT_3D ( 'NONE', #2200, #385, #2544 ) ;
#2367 = CARTESIAN_POINT ( 'NONE',  ( 0.000000000000000000, 7.991542015890466644, 1.370157565731196847 ) ) ;
#2368 = ADVANCED_FACE ( 'NONE', ( #1880 ), #3796, .F. ) ;
#2369 = CARTESIAN_POINT ( 'NONE',  ( 2.000000000000001776, -7.721164452782213417, 4.116547995452068065 ) ) ;
#2370 = CARTESIAN_POINT ( 'NONE',  ( 18.00000000000000355, -7.621337701171527534, -4.518215179557873107 ) ) ;
#2371 = EDGE_LOOP ( 'NONE', ( #2853, #4004, #2948, #1305 ) ) ;
#2372 = VECTOR ( 'NONE', #1951, 1000.000000000000000 ) ;
#2373 = CARTESIAN_POINT ( 'NONE',  ( 13.00000000000000178, 5.359958319163709461, -3.242244432248527097 ) ) ;
#2374 = CARTESIAN_POINT ( 'NONE',  ( 5.000000000000000000, 2.073275153093621537, -8.498808627325052711 ) ) ;
#2375 = CARTESIAN_POINT ( 'NONE',  ( 12.99999999999999467, 1.628090368167735225, 5.486446534003650122 ) ) ;
#2376 = CARTESIAN_POINT ( 'NONE',  ( 20.00000000000000000, 9.264259240779146864, -5.916551912301851068 ) ) ;
#2377 = FACE_OUTER_BOUND ( 'NONE', #952, .T. ) ;
#2378 = CARTESIAN_POINT ( 'NONE',  ( 20.00000000000000000, 0.001523255446453698064, 8.000000580077024637 ) ) ;
#2379 = EDGE_CURVE ( 'NONE', #2578, #164, #1903, .T. ) ;
#2380 = CARTESIAN_POINT ( 'NONE',  ( 6.500000000000000888, 8.499999999999998224, 5.053919964287874018E-14 ) ) ;
#2381 = CARTESIAN_POINT ( 'NONE',  ( 20.00000000000000000, 7.994340404933882205, -1.198537620874680965 ) ) ;
#2382 = CARTESIAN_POINT ( 'NONE',  ( 20.00000000000000000, 7.937004968648881054, 7.937005178039901132 ) ) ;
#2383 = ORIENTED_EDGE ( 'NONE', *, *, #3444, .F. ) ;
#2384 = CARTESIAN_POINT ( 'NONE',  ( 13.00000000000000178, 7.991542015890466644, 1.370157565731196847 ) ) ;
#2385 = VECTOR ( 'NONE', #5, 1000.000000000000000 ) ;
#2386 = CARTESIAN_POINT ( 'NONE',  ( 0.000000000000000000, 6.203022691290034807, -6.842559245454685524 ) ) ;
#2387 = CARTESIAN_POINT ( 'NONE',  ( 13.00000000000000178, 8.000000000000014211, -0.1658497824139879007 ) ) ;
#2388 = CARTESIAN_POINT ( 'NONE',  ( 5.000000000000000888, -3.268209366061708199, 7.885017484777665508 ) ) ;
#2389 = ORIENTED_EDGE ( 'NONE', *, *, #2958, .T. ) ;
#2390 = CARTESIAN_POINT ( 'NONE',  ( 20.00000000000000000, 7.624384212064461153, -4.518215179557856231 ) ) ;
#2391 = CARTESIAN_POINT ( 'NONE',  ( 18.00000000000000355, -54.99999999999965894, 10.00000000000014388 ) ) ;
#2392 = FACE_OUTER_BOUND ( 'NONE', #1278, .T. ) ;
#2393 = ORIENTED_EDGE ( 'NONE', *, *, #1060, .T. ) ;
#2394 = CARTESIAN_POINT ( 'NONE',  ( 20.00000000000000000, -6.199976180397069214, 6.842559245454946648 ) ) ;
#2395 = CARTESIAN_POINT ( 'NONE',  ( 11.00000000000000000, -1.016328865009883842, -7.996418255842455025 ) ) ;
#2396 = CARTESIAN_POINT ( 'NONE',  ( 11.00000000000000000, -0.9500000000001148637, -6.522789215968463061 ) ) ;
#2397 = B_SPLINE_CURVE_WITH_KNOTS ( 'NONE', 3,
 ( #1223, #2113, #3037, #2709, #885, #3104, #3990, #271, #3327, #2485, #3080, #1512, #247, #2092, #511, #2776, #4032, #1202, #2464, #1759, #2400, #3721, #2154, #1534, #2798, #4053, #803, #2073, #183, #3971, #3346, #204, #1159, #1470, #2733, #2421 ),
 .UNSPECIFIED., .F., .F.,
 ( 4, 2, 2, 2, 2, 2, 2, 2, 2, 2, 2, 2, 2, 2, 2, 2, 2, 4 ),
 ( 0.000000000000000000, 0.03124999999999988898, 0.06249999999999977796, 0.09374999999999977796, 0.1249999999999997780, 0.1562499999999997780, 0.1874999999999997780, 0.2187499999999997780, 0.2499999999999997780, 0.2812499999999998890, 0.3124999999999998890, 0.3437499999999998890, 0.3749999999999998890, 0.4999999999999998890, 0.6249999999999998890, 0.7500000000000000000, 0.8750000000000000000, 1.000000000000000000 ),
 .UNSPECIFIED. ) ;
#2398 = DIRECTION ( 'NONE',  ( -1.000000000000000000, 0.000000000000000000, 0.000000000000000000 ) ) ;
#2399 = CARTESIAN_POINT ( 'NONE',  ( 11.00000000000000000, 5.408736163148613052, -2.840122101027795498 ) ) ;
#2400 = CARTESIAN_POINT ( 'NONE',  ( 20.00000000000000000, -7.621337701171527534, -4.518215179557873107 ) ) ;
#2401 = CARTESIAN_POINT ( 'NONE',  ( 5.000000000000000888, 0.9499999999998847144, -8.499999999999920064 ) ) ;
#2402 = ORIENTED_EDGE ( 'NONE', *, *, #3223, .F. ) ;
#2403 = CARTESIAN_POINT ( 'NONE',  ( 13.00000000000000178, 7.977894848674115025, 1.862506083702145210 ) ) ;
#2404 = CARTESIAN_POINT ( 'NONE',  ( 0.000000000000000000, 7.546993110261269955, -4.773512810947013740 ) ) ;
#2405 = CARTESIAN_POINT ( 'NONE',  ( 5.000000000000001776, 7.754060879349665925, -3.975098189426804929 ) ) ;
#2406 = CARTESIAN_POINT ( 'NONE',  ( 13.00000000000000178, 7.724210963675156805, -4.116547995451774078 ) ) ;
#2407 = CARTESIAN_POINT ( 'NONE',  ( 0.000000000000000000, -1.313793427162311511, 7.993584671374119210 ) ) ;
#2408 = ORIENTED_EDGE ( 'NONE', *, *, #2964, .F. ) ;
#2409 = CARTESIAN_POINT ( 'NONE',  ( 0.000000000000000000, 7.994340404933870659, 1.198537620874813303 ) ) ;
#2410 = DIRECTION ( 'NONE',  ( -1.000000000000000000, -0.000000000000000000, -0.000000000000000000 ) ) ;
#2411 = CARTESIAN_POINT ( 'NONE',  ( 20.00000000000000000, 6.376839101563200884, 9.057530382100665634 ) ) ;
#2412 = VERTEX_POINT ( 'NONE', #340 ) ;
#2413 = VECTOR ( 'NONE', #2398, 1000.000000000000000 ) ;
#2414 = CARTESIAN_POINT ( 'NONE',  ( 20.00000000000000000, -4.398425283540267294, 7.675014244674405184 ) ) ;
#2415 = EDGE_CURVE ( 'NONE', #3318, #1055, #3230, .T. ) ;
#2416 = CARTESIAN_POINT ( 'NONE',  ( 12.99999999999999467, 5.215440310433337778, 3.860915876506642697 ) ) ;
#2417 = CARTESIAN_POINT ( 'NONE',  ( 11.00000000000000000, 7.996292337569873787, -1.018050682760275771 ) ) ;
#2418 = CARTESIAN_POINT ( 'NONE',  ( 11.00000000000000000, 0.9500000000000732303, -6.999999999999995559 ) ) ;
#2419 = CARTESIAN_POINT ( 'NONE',  ( 11.00000000000000178, 7.996631335259421824, 0.9849553411747599130 ) ) ;
#2420 = CARTESIAN_POINT ( 'NONE',  ( 13.00000000000000178, 7.919495878587492932, 2.802433418976869373 ) ) ;
#2421 = CARTESIAN_POINT ( 'NONE',  ( 20.00000000000000000, 0.001523255446470592970, -8.000000580076788381 ) ) ;
#2422 = DIRECTION ( 'NONE',  ( 0.000000000000000000, 0.000000000000000000, 1.000000000000000000 ) ) ;
#2423 = ORIENTED_EDGE ( 'NONE', *, *, #2079, .T. ) ;
#2424 = CARTESIAN_POINT ( 'NONE',  ( 20.00000000000000000, 4.401471794433175155, 7.675014244674414066 ) ) ;
#2425 = CARTESIAN_POINT ( 'NONE',  ( 20.00000000000000000, -7.721164452782213417, 4.116547995452068065 ) ) ;
#2426 = CARTESIAN_POINT ( 'NONE',  ( 0.000000000000000000, 7.977894848674130124, -1.862506083701936932 ) ) ;
#2427 = CARTESIAN_POINT ( 'NONE',  ( 2.000000000000001776, -0.9500000000000242695, 7.000000000000001776 ) ) ;
#2428 = CARTESIAN_POINT ( 'NONE',  ( 20.00000000000000000, 8.232402828058953403, 7.628568885268290245 ) ) ;
#2429 = CARTESIAN_POINT ( 'NONE',  ( 12.99999999999999467, 5.156146663284949305, 4.058982713292728306 ) ) ;
#2430 = CARTESIAN_POINT ( 'NONE',  ( 5.000000000000000888, 7.996971776180958003, 0.9500000326984660015 ) ) ;
#2431 = CARTESIAN_POINT ( 'NONE',  ( 0.000000000000000000, 0.9499999999999705347, 8.500000000000007105 ) ) ;
#2432 = CARTESIAN_POINT ( 'NONE',  ( 13.42074368738218837, 8.500000000000003553, -0.9500000000000001776 ) ) ;
#2433 = ORIENTED_EDGE ( 'NONE', *, *, #3683, .F. ) ;
#2434 = EDGE_CURVE ( 'NONE', #2778, #1056, #4069, .T. ) ;
#2435 = CARTESIAN_POINT ( 'NONE',  ( 20.00000000000000000, -7.996953489107080593, 0.1658497824139630872 ) ) ;
#2436 = CARTESIAN_POINT ( 'NONE',  ( 12.99999999999999467, 4.882887968213838192, 4.608772051037313133 ) ) ;
#2437 = CARTESIAN_POINT ( 'NONE',  ( 6.500000000000000888, 7.977894848674115025, 1.862506083702145210 ) ) ;
#2438 = CARTESIAN_POINT ( 'NONE',  ( 5.000000000000000000, 7.954734997325225265, -2.333320861749365704 ) ) ;
#2439 = CARTESIAN_POINT ( 'NONE',  ( 11.00000000000000000, 5.125178338350984575, 7.423257149164898649 ) ) ;
#2440 = CARTESIAN_POINT ( 'NONE',  ( 13.00000000000000178, 5.163387706420091483, -4.036701835579181719 ) ) ;
#2441 = PLANE ( 'NONE',  #1307 ) ;
#2442 = DIRECTION ( 'NONE',  ( 0.000000000000000000, 1.000000000000000000, 3.195543245220434225E-15 ) ) ;
#2443 = EDGE_CURVE ( 'NONE', #1451, #3073, #2247, .T. ) ;
#2444 = VERTEX_POINT ( 'NONE', #926 ) ;
#2445 = EDGE_CURVE ( 'NONE', #2010, #1100, #3156, .T. ) ;
#2446 = CARTESIAN_POINT ( 'NONE',  ( -3.469446951953614189E-15, -3.268209366061821886, -7.885017484777416819 ) ) ;
#2447 = B_SPLINE_CURVE_WITH_KNOTS ( 'NONE', 3,
 ( #2580, #3838, #1004, #3215, #3548, #1341, #754, #3608, #2374, #113, #713 ),
 .UNSPECIFIED., .F., .F.,
 ( 4, 1, 1, 1, 1, 1, 1, 1, 4 ),
 ( 0.05591983065812389242, 0.1739298518258584059, 0.2919398729935929193, 0.4099498941613274328, 0.5279599153290619462, 0.6459699364967964597, 0.7639799576645309731, 0.8819899788322653755, 0.9999999999999998890 ),
 .UNSPECIFIED. ) ;
#2448 = DIRECTION ( 'NONE',  ( 0.000000000000000000, -1.000000000000000000, 0.000000000000000000 ) ) ;
#2449 = CARTESIAN_POINT ( 'NONE',  ( 0.000000000000000000, 7.413306281486648608, -5.141652362973346158 ) ) ;
#2450 = CARTESIAN_POINT ( 'NONE',  ( 11.00000000000000000, 7.996971776485952255, -0.9500000000000001776 ) ) ;
#2451 = CARTESIAN_POINT ( 'NONE',  ( 20.00000000000000000, 9.048677220293258827, 6.394575911346000119 ) ) ;
#2452 = VECTOR ( 'NONE', #1254, 1000.000000000000000 ) ;
#2453 = CARTESIAN_POINT ( 'NONE',  ( 5.000000000000000888, -7.826697700378044686, 3.551969690029785909 ) ) ;
#2454 = CARTESIAN_POINT ( 'NONE',  ( 20.00000000000000000, 4.401471794433084561, -7.675014244674200015 ) ) ;
#2455 = PLANE ( 'NONE',  #3785 ) ;
#2456 = LINE ( 'NONE', #2497, #200 ) ;
#2457 = ORIENTED_EDGE ( 'NONE', *, *, #4050, .F. ) ;
#2458 = CARTESIAN_POINT ( 'NONE',  ( 20.00000000000000000, -7.960567960112083341, 2.177562438472021356 ) ) ;
#2459 = CARTESIAN_POINT ( 'NONE',  ( 11.00000000000000000, -0.9500000000001150857, -7.997098400010425046 ) ) ;
#2460 = CARTESIAN_POINT ( 'NONE',  ( 6.500000000000000888, 5.821275128020391598, 7.103874531599575270 ) ) ;
#2461 = CARTESIAN_POINT ( 'NONE',  ( 5.000000000000000000, 1.671588706516804246, -7.986163835448052417 ) ) ;
#2462 = CARTESIAN_POINT ( 'NONE',  ( 11.00000000000000000, 7.422066500850078796, 5.127958148725290322 ) ) ;
#2463 = CARTESIAN_POINT ( 'NONE',  ( 11.00000000000000000, 0.001523255446463615262, -5.499999854980488045 ) ) ;
#2464 = CARTESIAN_POINT ( 'NONE',  ( 20.00000000000000000, -7.721164452782224075, -4.116547995451790065 ) ) ;
#2465 = CARTESIAN_POINT ( 'NONE',  ( 5.000000000000000888, -0.9500000000001150857, -7.997106055648366407 ) ) ;
#2466 = EDGE_LOOP ( 'NONE', ( #3979, #647, #3152, #3783, #2938, #2543, #2924, #3248, #2589, #910, #1034, #3190, #2881, #43, #1921, #3198 ) ) ;
#2467 = CARTESIAN_POINT ( 'NONE',  ( 5.000000000000000888, -7.361714456440171084, -5.257907453389651486 ) ) ;
#2468 = CARTESIAN_POINT ( 'NONE',  ( 13.00000000000000178, -7.826697700378044686, 3.551969690029785909 ) ) ;
#2469 = CARTESIAN_POINT ( 'NONE',  ( -3.469446951953614189E-15, -7.974848337781201835, -1.862506083701953807 ) ) ;
#2470 = CARTESIAN_POINT ( 'NONE',  ( 5.000000000000001776, 7.806769986350412083, -3.693151717295219516 ) ) ;
#2471 = CARTESIAN_POINT ( 'NONE',  ( 0.000000000000000000, -7.867542871793014037, 3.260513804451135922 ) ) ;
#2472 = CARTESIAN_POINT ( 'NONE',  ( 5.000000000000000888, -6.839518409773132745, 6.203019186482333858 ) ) ;
#2473 = CARTESIAN_POINT ( 'NONE',  ( 6.500000000000000888, -1.669507142568861013, 7.986120789017108201 ) ) ;
#2474 = CARTESIAN_POINT ( 'NONE',  ( 2.000000000000001776, -7.993692019869079068, 0.9750072175744753933 ) ) ;
#2475 = CARTESIAN_POINT ( 'NONE',  ( 5.000000000000000000, -54.99999999999965894, -7.750075612333780839 ) ) ;
#2476 = ORIENTED_EDGE ( 'NONE', *, *, #108, .F. ) ;
#2477 = VECTOR ( 'NONE', #1115, 1000.000000000000000 ) ;
#2478 = CARTESIAN_POINT ( 'NONE',  ( 13.00000000000000178, -3.268209366061708199, 7.885017484777665508 ) ) ;
#2479 = DIRECTION ( 'NONE',  ( 0.000000000000000000, 3.614007241618350743E-15, -1.000000000000000000 ) ) ;
#2480 = CARTESIAN_POINT ( 'NONE',  ( 11.00000000000000178, -3.838184892333396547, -7.779152640160728716 ) ) ;
#2481 = CARTESIAN_POINT ( 'NONE',  ( 2.000000000000002220, 0.000000000000000000, 7.750075612333781727 ) ) ;
#2482 = CARTESIAN_POINT ( 'NONE',  ( 5.000000000000000000, 7.413306281486648608, -5.141652362973346158 ) ) ;
#2483 = CARTESIAN_POINT ( 'NONE',  ( 11.00000000000000178, 7.755043633711663276, 3.969478799072436281 ) ) ;
#2484 = CARTESIAN_POINT ( 'NONE',  ( 11.00000000000000000, 4.610453538246905403, -4.881787256642141415 ) ) ;
#2485 = CARTESIAN_POINT ( 'NONE',  ( 20.00000000000000000, -7.960567960112083341, -2.177562438471835726 ) ) ;
#2486 = FACE_OUTER_BOUND ( 'NONE', #263, .T. ) ;
#2487 = ORIENTED_EDGE ( 'NONE', *, *, #3011, .F. ) ;
#2488 = CARTESIAN_POINT ( 'NONE',  ( 0.000000000000000000, 9.048677220293258827, 6.394575911346000119 ) ) ;
#2489 = CARTESIAN_POINT ( 'NONE',  ( 20.00000000000000000, -7.988495504997545460, 1.370157565731179972 ) ) ;
#2490 = CARTESIAN_POINT ( 'NONE',  ( 20.00000000000000000, 6.837508212473213831, -8.806024165814243077 ) ) ;
#2491 = CARTESIAN_POINT ( 'NONE',  ( 13.00000000000000000, 0.0007616277232318789713, -5.500000434292574347 ) ) ;
#2492 = CARTESIAN_POINT ( 'NONE',  ( 0.000000000000000000, -6.199976180397069214, 6.842559245454946648 ) ) ;
#2493 = EDGE_CURVE ( 'NONE', #1390, #2300, #3195, .T. ) ;
#2494 = CARTESIAN_POINT ( 'NONE',  ( 12.99999999999999467, 0.4081851485557323467, 5.500309580042261004 ) ) ;
#2495 = CARTESIAN_POINT ( 'NONE',  ( 6.500000000000000888, 3.961258559890605824, 8.324856479216643734 ) ) ;
#2496 = CARTESIAN_POINT ( 'NONE',  ( 5.000000000000000888, 0.9499999999999705347, 8.500000000000007105 ) ) ;
#2497 = CARTESIAN_POINT ( 'NONE',  ( 11.00000000000000000, -6.519747295085047689, -0.9499999999999995115 ) ) ;
#2498 = ORIENTED_EDGE ( 'NONE', *, *, #3895, .T. ) ;
#2499 = EDGE_CURVE ( 'NONE', #1895, #1597, #2447, .T. ) ;
#2500 = VECTOR ( 'NONE', #2047, 1000.000000000000000 ) ;
#2501 = B_SPLINE_CURVE_WITH_KNOTS ( 'NONE', 3,
 ( #2239, #2903, #1332, #3206, #19, #2882, #2278, #1014, #3516, #3497, #63, #3480, #644, #3249, #1662, #1642, #370, #3540, #1910, #2592, #3736, #3868, #1970, #3849, #391, #2921, #3167, #83, #973, #3558, #103, #1036, #1353, #2610 ),
 .UNSPECIFIED., .F., .F.,
 ( 4, 2, 2, 2, 2, 2, 2, 2, 2, 2, 2, 2, 2, 2, 2, 2, 4 ),
 ( 0.05748710128118296458, 0.1250000000000001110, 0.2500000000000003331, 0.3750000000000003331, 0.5000000000000003331, 0.6250000000000004441, 0.6562500000000004441, 0.6875000000000004441, 0.7187500000000003331, 0.7500000000000002220, 0.7812500000000003331, 0.8125000000000003331, 0.8437500000000002220, 0.8750000000000002220, 0.9062500000000002220, 0.9375000000000001110, 0.9419975040509793729 ),
 .UNSPECIFIED. ) ;
#2502 = FACE_OUTER_BOUND ( 'NONE', #682, .T. ) ;
#2503 = CARTESIAN_POINT ( 'NONE',  ( 5.000000000000000000, 1.314854083766737514, -7.993626276589487212 ) ) ;
#2504 = VECTOR ( 'NONE', #1280, 1000.000000000000000 ) ;
#2505 = CARTESIAN_POINT ( 'NONE',  ( 6.500000000000000888, 6.842564920665938466, -6.203019186482203295 ) ) ;
#2506 = CARTESIAN_POINT ( 'NONE',  ( 2.000000000000001776, -7.993692019869085286, -0.9750072175741801850 ) ) ;
#2507 = CARTESIAN_POINT ( 'NONE',  ( 0.000000000000000000, -6.839518409773001295, -6.203019186482218394 ) ) ;
#2508 = LINE ( 'NONE', #536, #1615 ) ;
#2509 = EDGE_LOOP ( 'NONE', ( #336, #2257, #900, #1493, #1660, #1145 ) ) ;
#2510 = CARTESIAN_POINT ( 'NONE',  ( 0.000000000000000000, 7.616644854208664661, 8.242746957226094295 ) ) ;
#2511 = EDGE_CURVE ( 'NONE', #1988, #1566, #1087, .T. ) ;
#2512 = PLANE ( 'NONE',  #3290 ) ;
#2513 = CARTESIAN_POINT ( 'NONE',  ( 20.00000000000000000, 7.256833203547858879, -8.528140683637893460 ) ) ;
#2514 = CARTESIAN_POINT ( 'NONE',  ( 5.000000000000001776, 7.364760967333106478, -5.257907453389635499 ) ) ;
#2515 = CARTESIAN_POINT ( 'NONE',  ( 0.000000000000000000, -7.826697700378044686, 3.551969690029785909 ) ) ;
#2516 = CARTESIAN_POINT ( 'NONE',  ( 13.00000000000000178, -7.929639119121001833, -2.645739012952605052 ) ) ;
#2517 = ORIENTED_EDGE ( 'NONE', *, *, #1397, .T. ) ;
#2518 = VECTOR ( 'NONE', #3754, 1000.000000000000000 ) ;
#2519 = CARTESIAN_POINT ( 'NONE',  ( 11.00000000000000000, 6.239410542518824876, -6.805965857234960836 ) ) ;
#2520 = LINE ( 'NONE', #2207, #3771 ) ;
#2521 = PLANE ( 'NONE',  #3830 ) ;
#2522 = CARTESIAN_POINT ( 'NONE',  ( 2.000000000000002220, -3.986703887527559331, -7.750075612333780839 ) ) ;
#2523 = PLANE ( 'NONE',  #3426 ) ;
#2524 = CARTESIAN_POINT ( 'NONE',  ( 6.500000000000001776, 2.660112973922829749, 7.942065616298227937 ) ) ;
#2525 = ORIENTED_EDGE ( 'NONE', *, *, #450, .F. ) ;
#2526 = CARTESIAN_POINT ( 'NONE',  ( 0.000000000000000000, 9.264259240779130877, 5.916551912302102423 ) ) ;
#2527 = B_SPLINE_CURVE_WITH_KNOTS ( 'NONE', 4,
 ( #3086, #4038, #1207, #3474, #639, #1906, #3163, #3457, #253, #1229, #2490, #2513, #915, #3439, #933, #605, #1870, #3130, #2824, #4075, #1247, #621, #1890, #1944, #2564, #1985, #2897, #77 ),
 .UNSPECIFIED., .F., .F.,
 ( 5, 1, 1, 1, 1, 1, 1, 1, 1, 1, 1, 1, 1, 1, 1, 1, 1, 1, 1, 1, 1, 1, 1, 1, 5 ),
 ( 0.05598378939387900488, 0.1438434350945421714, 0.2295776819180273542, 0.2879854558222087468, 0.3173365680213071083, 0.3466825347546780844, 0.3760307915020921765, 0.4053812968129312799, 0.4347302143907088579, 0.4640790138278358956, 0.4934292718648673470, 0.5178832292952935124, 0.5374496309186466148, 0.5614407115021561312, 0.5907904099055318881, 0.6201398579447298109, 0.6494894125023795706, 0.6788391061138823179, 0.7081886800739951582, 0.7375382592650827629, 0.7668879200445886113, 0.8239022218958399479, 0.8826014781629732964, 0.9413007387147120930, 1.000000000000000000 ),
 .UNSPECIFIED. ) ;
#2528 = CARTESIAN_POINT ( 'NONE',  ( 20.00000000000000000, 7.870589382685932556, 3.260513804451152353 ) ) ;
#2529 = CARTESIAN_POINT ( 'NONE',  ( 5.000000000000000888, -7.751014368456733195, -3.975098189426821360 ) ) ;
#2530 = CARTESIAN_POINT ( 'NONE',  ( 13.00000000000000178, 1.376401242066048969, -7.999332193501475174 ) ) ;
#2531 = DIRECTION ( 'NONE',  ( -0.000000000000000000, 1.000000000000000000, -0.000000000000000000 ) ) ;
#2532 = EDGE_CURVE ( 'NONE', #3957, #1329, #3630, .T. ) ;
#2533 = VECTOR ( 'NONE', #2723, 1000.000000000000000 ) ;
#2534 = CARTESIAN_POINT ( 'NONE',  ( 20.00000000000000000, -7.951688486432296088, -2.333320861749382580 ) ) ;
#2535 = VERTEX_POINT ( 'NONE', #2950 ) ;
#2536 = CARTESIAN_POINT ( 'NONE',  ( 11.00000000000000178, 5.124938728594683468, -7.423314186825918704 ) ) ;
#2537 = DIRECTION ( 'NONE',  ( 0.000000000000000000, 0.000000000000000000, -1.000000000000000000 ) ) ;
#2538 = VECTOR ( 'NONE', #2547, 1000.000000000000000 ) ;
#2539 = CARTESIAN_POINT ( 'NONE',  ( 20.00000000000000000, 3.382710778154773834E-13, -9.999999999999850786 ) ) ;
#2540 = LINE ( 'NONE', #341, #585 ) ;
#2541 = CARTESIAN_POINT ( 'NONE',  ( 6.500000000000001776, 7.977894848674115025, 1.862506083702145210 ) ) ;
#2542 = VERTEX_POINT ( 'NONE', #2929 ) ;
#2543 = ORIENTED_EDGE ( 'NONE', *, *, #2795, .F. ) ;
#2544 = DIRECTION ( 'NONE',  ( 1.000000000000000000, 0.000000000000000000, 0.000000000000000000 ) ) ;
#2545 = CARTESIAN_POINT ( 'NONE',  ( -3.469446951953614189E-15, -7.993440992221199970, -1.000006010922172006 ) ) ;
#2546 = FACE_OUTER_BOUND ( 'NONE', #3247, .T. ) ;
#2547 = DIRECTION ( 'NONE',  ( 0.000000000000000000, -3.614007241618350743E-15, 1.000000000000000000 ) ) ;
#2548 = ORIENTED_EDGE ( 'NONE', *, *, #1211, .F. ) ;
#2549 = EDGE_LOOP ( 'NONE', ( #2135, #111, #1035, #1972, #1505, #1709 ) ) ;
#2550 = CARTESIAN_POINT ( 'NONE',  ( 13.00000000000000000, -6.519747295085047689, -6.522789215968461285 ) ) ;
#2551 = CARTESIAN_POINT ( 'NONE',  ( 20.00000000000000000, -7.621337701171527534, -4.518215179557873107 ) ) ;
#2552 = ORIENTED_EDGE ( 'NONE', *, *, #2499, .F. ) ;
#2553 = CARTESIAN_POINT ( 'NONE',  ( 11.00000000000000000, 7.755028841894374914, -3.969484234009895474 ) ) ;
#2554 = CARTESIAN_POINT ( 'NONE',  ( 20.00000000000000000, 7.754060879349665925, -3.975098189426804929 ) ) ;
#2555 = LINE ( 'NONE', #4085, #1722 ) ;
#2556 = CARTESIAN_POINT ( 'NONE',  ( 2.000000000000001776, -7.751014368456733195, -3.975098189426821360 ) ) ;
#2557 = CARTESIAN_POINT ( 'NONE',  ( 0.000000000000000000, -7.543946599368335448, -4.773512810947029728 ) ) ;
#2558 = CARTESIAN_POINT ( 'NONE',  ( 6.500000000000001776, 1.671588706517485923, 7.986163835448262027 ) ) ;
#2559 = VERTEX_POINT ( 'NONE', #2022 ) ;
#2560 = ORIENTED_EDGE ( 'NONE', *, *, #2222, .T. ) ;
#2561 = AXIS2_PLACEMENT_3D ( 'NONE', #3304, #1736, #2995 ) ;
#2562 = CARTESIAN_POINT ( 'NONE',  ( 11.00000000000000000, 5.007504352881252174, -4.413953308678520315 ) ) ;
#2563 = LINE ( 'NONE', #3786, #186 ) ;
#2564 = CARTESIAN_POINT ( 'NONE',  ( 20.00000000000000000, 9.994226508186198288, -1.603055307975489008 ) ) ;
#2565 = EDGE_CURVE ( 'NONE', #343, #3030, #3238, .T. ) ;
#2566 = CARTESIAN_POINT ( 'NONE',  ( -8.673617379884035472E-16, 4.919808755959280688, -7.521274650040940202 ) ) ;
#2567 = CARTESIAN_POINT ( 'NONE',  ( 20.00000000000000000, 2.203757848894326354, 9.983457728216011517 ) ) ;
#2568 = ORIENTED_EDGE ( 'NONE', *, *, #3475, .F. ) ;
#2569 = ORIENTED_EDGE ( 'NONE', *, *, #3096, .T. ) ;
#2570 = VECTOR ( 'NONE', #1899, 1000.000000000000000 ) ;
#2571 = CARTESIAN_POINT ( 'NONE',  ( 11.00000000000000000, -6.519747295085047689, 7.750075612333780839 ) ) ;
#2572 = CARTESIAN_POINT ( 'NONE',  ( 13.00000000000000178, -4.398425283540144726, -7.675014244674209785 ) ) ;
#2573 = VERTEX_POINT ( 'NONE', #1669 ) ;
#2574 = CARTESIAN_POINT ( 'NONE',  ( 0.000000000000000000, 0.9500000000022277291, 7.997135450844688798 ) ) ;
#2575 = DIRECTION ( 'NONE',  ( 1.000000000000000000, -0.000000000000000000, 0.000000000000000000 ) ) ;
#2576 = CARTESIAN_POINT ( 'NONE',  ( 20.00000000000000000, 7.998094335137088784, -0.8514301556691856732 ) ) ;
#2577 = PRESENTATION_LAYER_ASSIGNMENT (  '', '', ( #2973 ) ) ;
#2578 = VERTEX_POINT ( 'NONE', #1382 ) ;
#2579 = CARTESIAN_POINT ( 'NONE',  ( 6.500000000000000888, 7.546993110261269955, -4.773512810947013740 ) ) ;
#2580 = CARTESIAN_POINT ( 'NONE',  ( 5.000000000000000000, 8.499999999999998224, 5.053919964287874018E-14 ) ) ;
#2581 = CARTESIAN_POINT ( 'NONE',  ( 11.00000000000000000, 7.413306281486648608, -5.141652362973346158 ) ) ;
#2582 = CARTESIAN_POINT ( 'NONE',  ( 11.00000000000000000, 7.919495878587492932, 2.802433418976869373 ) ) ;
#2583 = ADVANCED_FACE ( 'NONE', ( #400 ), #2683, .F. ) ;
#2584 = DIRECTION ( 'NONE',  ( -1.000000000000000000, 0.000000000000000000, 0.000000000000000000 ) ) ;
#2585 = CARTESIAN_POINT ( 'NONE',  ( 20.00000000000000000, 7.829744211270962317, 3.551969690029802340 ) ) ;
#2586 = CARTESIAN_POINT ( 'NONE',  ( 6.500000000000000888, 5.643552600981778689, -7.832188056507392915 ) ) ;
#2587 = CARTESIAN_POINT ( 'NONE',  ( -8.673617379884035472E-16, 7.364760967333106478, -5.257907453389635499 ) ) ;
#2588 = CARTESIAN_POINT ( 'NONE',  ( 20.00000000000000000, 3.382710778154773834E-13, -9.999999999999850786 ) ) ;
#2589 = ORIENTED_EDGE ( 'NONE', *, *, #3832, .T. ) ;
#2590 = ORIENTED_EDGE ( 'NONE', *, *, #213, .T. ) ;
#2591 = EDGE_CURVE ( 'NONE', #1329, #1584, #797, .T. ) ;
#2592 = CARTESIAN_POINT ( 'NONE',  ( 0.000000000000000000, 7.806769986350412971, 3.693151717295427350 ) ) ;
#2593 = CARTESIAN_POINT ( 'NONE',  ( 20.00000000000000000, -4.398425283540144726, -7.675014244674209785 ) ) ;
#2594 = EDGE_LOOP ( 'NONE', ( #3357, #1380, #2476, #1726 ) ) ;
#2595 = CARTESIAN_POINT ( 'NONE',  ( 0.000000000000000000, 4.401471794433175155, 7.675014244674414066 ) ) ;
#2596 = CARTESIAN_POINT ( 'NONE',  ( 11.00000000000000000, 3.840150750097256704, 5.220663184251984390 ) ) ;
#2597 = CARTESIAN_POINT ( 'NONE',  ( 20.00000000000000000, 7.870589382685947655, -3.260513804450900111 ) ) ;
#2598 = CARTESIAN_POINT ( 'NONE',  ( 13.42074368738218837, 8.500000000000003553, 0.9499999999999999556 ) ) ;
#2599 = CARTESIAN_POINT ( 'NONE',  ( 4.999999999999999112, 2.073275153093287582, 8.498808627325306730 ) ) ;
#2600 = CARTESIAN_POINT ( 'NONE',  ( 11.00000000000000000, 7.104206476702478845, -5.820499722137300935 ) ) ;
#2601 = CARTESIAN_POINT ( 'NONE',  ( -6.938893903907228378E-15, 4.901036284322639602, -9.597547811488542635 ) ) ;
#2602 = DIRECTION ( 'NONE',  ( 0.000000000000000000, -1.000000000000000000, -3.195543245220434225E-15 ) ) ;
#2603 = CARTESIAN_POINT ( 'NONE',  ( 20.00000000000000000, 7.413306281486634397, 5.141652362973592183 ) ) ;
#2604 = LINE ( 'NONE', #657, #3213 ) ;
#2605 = VECTOR ( 'NONE', #2700, 1000.000000000000000 ) ;
#2606 = CARTESIAN_POINT ( 'NONE',  ( 13.00000000000000178, 3.271255876954762609, -7.885017484777410601 ) ) ;
#2607 = DIRECTION ( 'NONE',  ( 0.000000000000000000, 1.000000000000000000, -7.228014483236698281E-17 ) ) ;
#2608 = ORIENTED_EDGE ( 'NONE', *, *, #1453, .F. ) ;
#2609 = VERTEX_POINT ( 'NONE', #152 ) ;
#2610 = CARTESIAN_POINT ( 'NONE',  ( 0.000000000000000000, 7.996961519837687327, 0.9499999999999999556 ) ) ;
#2611 = EDGE_CURVE ( 'NONE', #283, #3427, #2242, .T. ) ;
#2612 = CARTESIAN_POINT ( 'NONE',  ( 5.000000000000000888, -7.980267251761149261, 1.702190156616689709 ) ) ;
#2613 = ORIENTED_EDGE ( 'NONE', *, *, #3820, .T. ) ;
#2614 = CARTESIAN_POINT ( 'NONE',  ( 11.00000000000000178, -1.978396469289402271, 7.972328697830890931 ) ) ;
#2615 = B_SPLINE_SURFACE_WITH_KNOTS ( 'NONE', 3, 1, ( 
 ( #2322, #433 ),
 ( #1971, #2279 ),
 ( #125, #3312 ),
 ( #3541, #705 ),
 ( #1702, #393 ),
 ( #2612, #1992 ),
 ( #1393, #1725 ),
 ( #1663, #1415 ),
 ( #2652, #3250 ),
 ( #3913, #414 ),
 ( #1079, #3601 ),
 ( #767, #2983 ),
 ( #3933, #1457 ),
 ( #2453, #853 ),
 ( #872, #3334 ),
 ( #1479, #1832 ),
 ( #499, #1186 ),
 ( #3422, #2121 ),
 ( #2742, #2785 ),
 ( #2141, #1210 ),
 ( #1500, #1121 ),
 ( #3978, #2764 ),
 ( #1767, #4000 ),
 ( #3378, #3955 ),
 ( #2472, #3068 ),
 ( #3667, #544 ),
 ( #1167, #1812 ),
 ( #3025, #191 ),
 ( #3089, #235 ),
 ( #2388, #1788 ),
 ( #4019, #3710 ),
 ( #1143, #3401 ),
 ( #2718, #2407 ),
 ( #3729, #521 ) ),
 .UNSPECIFIED., .F., .F., .F.,
 ( 4, 2, 2, 2, 2, 2, 2, 2, 2, 2, 2, 2, 2, 2, 2, 2, 4 ),
 ( 2, 2 ),
 ( 0.05800249565093475862, 0.06249999999999984734, 0.09374999999999979183, 0.1249999999999997502, 0.1562499999999997224, 0.1874999999999996947, 0.2187499999999996947, 0.2499999999999996669, 0.2812499999999996669, 0.3124999999999996114, 0.3437499999999996114, 0.3749999999999995559, 0.4999999999999996669, 0.6249999999999996669, 0.7499999999999996669, 0.8749999999999998890, 0.9423249776319697624 ),
 ( 0.000000000000000000, 1.000000000000000000 ),
 .UNSPECIFIED. ) ;
#2616 = ADVANCED_FACE ( 'NONE', ( #133 ), #628, .F. ) ;
#2617 = CARTESIAN_POINT ( 'NONE',  ( 13.42074368738218837, 7.000000000000004441, -0.9500000000000000666 ) ) ;
#2618 = CARTESIAN_POINT ( 'NONE',  ( 0.000000000000000000, 9.952211719080334973, 2.593577784831424093 ) ) ;
#2619 = ORIENTED_EDGE ( 'NONE', *, *, #2816, .F. ) ;
#2620 = CARTESIAN_POINT ( 'NONE',  ( 13.00000000000000178, 4.435968942674827886, -4.989594474322975870 ) ) ;
#2621 = CARTESIAN_POINT ( 'NONE',  ( 6.500000000000000888, 0.6799406239592207246, 8.500517426721813763 ) ) ;
#2622 = CARTESIAN_POINT ( 'NONE',  ( 6.500000000000002665, 7.963614471005013407, -2.177562438471818851 ) ) ;
#2623 = CARTESIAN_POINT ( 'NONE',  ( 20.00000000000000000, 9.865080165817266433, -3.530353927617342791 ) ) ;
#2624 = CARTESIAN_POINT ( 'NONE',  ( 10.99999999999999822, 1.958089623256422662, 7.973302941035735003 ) ) ;
#2625 = CARTESIAN_POINT ( 'NONE',  ( 13.00000000000000178, 7.504433758415617994, 4.899417217456576878 ) ) ;
#2626 = CARTESIAN_POINT ( 'NONE',  ( 5.000000000000000000, 8.498942797976841490, -2.079162928629852747 ) ) ;
#2627 = CARTESIAN_POINT ( 'NONE',  ( 20.00000000000000000, 8.000000000000014211, -0.1658497824139879007 ) ) ;
#2628 = CARTESIAN_POINT ( 'NONE',  ( 18.00000000000000355, -7.803723475457496228, 3.693151717295410918 ) ) ;
#2629 = ORIENTED_EDGE ( 'NONE', *, *, #3161, .T. ) ;
#2630 = ORIENTED_EDGE ( 'NONE', *, *, #958, .T. ) ;
#2631 = CARTESIAN_POINT ( 'NONE',  ( 6.500000000000000888, -3.884840231510555242, -7.770442492787568156 ) ) ;
#2632 = CARTESIAN_POINT ( 'NONE',  ( 4.999999999999997335, -5.603660010752728127, -7.755597875504503413 ) ) ;
#2633 = ORIENTED_EDGE ( 'NONE', *, *, #2064, .T. ) ;
#2634 = CARTESIAN_POINT ( 'NONE',  ( 5.000000000000000888, 7.413306281486634397, 5.141652362973592183 ) ) ;
#2635 = CARTESIAN_POINT ( 'NONE',  ( 11.00000000000000000, 5.035885375531290009, 4.342439843241115760 ) ) ;
#2636 = CARTESIAN_POINT ( 'NONE',  ( 0.000000000000000000, 9.592557225584055658, 4.922082116025720211 ) ) ;
#2637 = EDGE_LOOP ( 'NONE', ( #1526, #1790, #3204, #1967 ) ) ;
#2638 = CARTESIAN_POINT ( 'NONE',  ( 13.00000000000000178, 4.344289922069421550, -5.035011510684050506 ) ) ;
#2639 = CARTESIAN_POINT ( 'NONE',  ( 2.000000000000001776, -0.9500000000001148637, -6.999999999999920064 ) ) ;
#2640 = CARTESIAN_POINT ( 'NONE',  ( 11.00000000000000000, 7.806769986350412083, -3.693151717295219516 ) ) ;
#2641 = CARTESIAN_POINT ( 'NONE',  ( 20.00000000000000000, 1.167546064766775915, -9.999712963350850359 ) ) ;
#2642 = ADVANCED_FACE ( 'NONE', ( #1152 ), #2750, .T. ) ;
#2643 = CARTESIAN_POINT ( 'NONE',  ( 5.000000000000000000, 4.919808755959492075, 7.521274650041060106 ) ) ;
#2644 = CARTESIAN_POINT ( 'NONE',  ( 13.00000000000000178, 7.724210963675129271, 4.116547995452084052 ) ) ;
#2645 = CARTESIAN_POINT ( 'NONE',  ( 5.000000000000000000, 7.831728099316984881, -5.645322682028509398 ) ) ;
#2646 = CARTESIAN_POINT ( 'NONE',  ( 13.00000000000000178, 7.919495878587501814, -2.802433418976625568 ) ) ;
#2647 = LINE ( 'NONE', #3286, #1017 ) ;
#2648 = ORIENTED_EDGE ( 'NONE', *, *, #1266, .F. ) ;
#2649 = CARTESIAN_POINT ( 'NONE',  ( 20.00000000000000000, 7.546993110261257520, 4.773512810947254437 ) ) ;
#2650 = B_SPLINE_SURFACE_WITH_KNOTS ( 'NONE', 3, 1, ( 
 ( #2463, #510 ),
 ( #1490, #2775 ),
 ( #884, #1779 ),
 ( #2755, #1843 ),
 ( #1158, #2796 ),
 ( #2174, #576 ),
 ( #1200, #1134 ),
 ( #863, #3679 ),
 ( #3657, #822 ),
 ( #1222, #3079 ),
 ( #3720, #2091 ),
 ( #2484, #907 ),
 ( #556, #2131 ),
 ( #203, #3433 ),
 ( #598, #288 ),
 ( #2708, #2440 ),
 ( #2732, #2153 ),
 ( #1177, #843 ),
 ( #2399, #246 ),
 ( #1803, #3059 ),
 ( #4031, #224 ),
 ( #3390, #1511 ),
 ( #1938, #3451 ),
 ( #2870, #2266 ) ),
 .UNSPECIFIED., .F., .F., .F.,
 ( 4, 2, 2, 2, 2, 2, 2, 2, 2, 2, 2, 4 ),
 ( 2, 2 ),
 ( 0.000000000000000000, 0.1250000000000003331, 0.2500000000000006106, 0.3750000000000008882, 0.4375000000000009992, 0.4687500000000008327, 0.5000000000000006661, 0.5625000000000006661, 0.6250000000000006661, 0.7500000000000004441, 0.8750000000000002220, 1.000000000000000000 ),
 ( 0.000000000000000000, 1.000000000000000000 ),
 .UNSPECIFIED. ) ;
#2651 = CARTESIAN_POINT ( 'NONE',  ( 13.00000000000000178, 8.000001245960877583, -0.3341008311379625728 ) ) ;
#2652 = CARTESIAN_POINT ( 'NONE',  ( 5.000000000000000888, -7.951688486432296088, 2.333320861749602404 ) ) ;
#2653 = EDGE_CURVE ( 'NONE', #1095, #3809, #1194, .T. ) ;
#2654 = ORIENTED_EDGE ( 'NONE', *, *, #3212, .F. ) ;
#2655 = CARTESIAN_POINT ( 'NONE',  ( 11.00000000000000000, -3.595808017252099642, 7.822004248345481692 ) ) ;
#2656 = LINE ( 'NONE', #2325, #3001 ) ;
#2657 = CARTESIAN_POINT ( 'NONE',  ( 18.00000000000000355, -7.996002401241772972, -0.6768666228592719047 ) ) ;
#2658 = VERTEX_POINT ( 'NONE', #1485 ) ;
#2659 = CARTESIAN_POINT ( 'NONE',  ( 13.00000000000000178, 1.634354366629693578, -5.486281535428419787 ) ) ;
#2660 = CARTESIAN_POINT ( 'NONE',  ( 4.999999999999999112, 8.325115491524936573, 3.958251284450287510 ) ) ;
#2661 = EDGE_CURVE ( 'NONE', #1372, #3757, #486, .T. ) ;
#2662 = CARTESIAN_POINT ( 'NONE',  ( 11.00000000000000000, 7.754060879349665925, -3.975098189426804929 ) ) ;
#2663 = CARTESIAN_POINT ( 'NONE',  ( 20.00000000000000000, 4.901036284322639602, -9.597547811488542635 ) ) ;
#2664 = EDGE_CURVE ( 'NONE', #1664, #3472, #2984, .T. ) ;
#2665 = CARTESIAN_POINT ( 'NONE',  ( 5.000000000000000000, 1.671588706516771605, 7.986163835448294890 ) ) ;
#2666 = CARTESIAN_POINT ( 'NONE',  ( 20.00000000000000000, 0.7000379167083362608, 8.000532588362306186 ) ) ;
#2667 = DIRECTION ( 'NONE',  ( -1.000000000000000000, -0.000000000000000000, -0.000000000000000000 ) ) ;
#2668 = CARTESIAN_POINT ( 'NONE',  ( 20.00000000000000000, 7.963614471005013407, -2.177562438471818851 ) ) ;
#2669 = CARTESIAN_POINT ( 'NONE',  ( 18.00000000000000355, -7.101159965809617169, 5.820499722137403964 ) ) ;
#2670 = ORIENTED_EDGE ( 'NONE', *, *, #1635, .F. ) ;
#2671 = CARTESIAN_POINT ( 'NONE',  ( 20.00000000000000000, 7.724210963675129271, 4.116547995452084052 ) ) ;
#2672 = VECTOR ( 'NONE', #2887, 1000.000000000000000 ) ;
#2673 = CARTESIAN_POINT ( 'NONE',  ( 0.000000000000000000, 0.9499999999999479972, -7.997126583135987232 ) ) ;
#2674 = CARTESIAN_POINT ( 'NONE',  ( 13.00000000000000178, 7.504433758415631317, -4.899417217456330853 ) ) ;
#2675 = CARTESIAN_POINT ( 'NONE',  ( 2.000000000000001776, -0.9500000000001148637, -6.999999999999920064 ) ) ;
#2676 = ORIENTED_EDGE ( 'NONE', *, *, #2311, .T. ) ;
#2677 = CARTESIAN_POINT ( 'NONE',  ( 5.000000000000000888, 7.991542015890466644, 1.370157565731196847 ) ) ;
#2678 = CARTESIAN_POINT ( 'NONE',  ( 11.00000000000000000, 4.882887968213838192, 4.608772051037313133 ) ) ;
#2679 = CARTESIAN_POINT ( 'NONE',  ( 18.00000000000000355, -7.867542871793015813, -3.260513804450916542 ) ) ;
#2680 = ORIENTED_EDGE ( 'NONE', *, *, #317, .F. ) ;
#2681 = EDGE_CURVE ( 'NONE', #559, #2658, #3695, .T. ) ;
#2682 = CARTESIAN_POINT ( 'NONE',  ( 13.00000000000000178, -1.373354731173075383, 7.999332193501715871 ) ) ;
#2683 = PLANE ( 'NONE',  #2238 ) ;
#2684 = CARTESIAN_POINT ( 'NONE',  ( 11.00000000000000000, 5.486564353746981482, 1.632558406208314716 ) ) ;
#2685 = CARTESIAN_POINT ( 'NONE',  ( -6.938893903907228378E-15, 6.837508212473213831, -8.806024165814243077 ) ) ;
#2686 = CARTESIAN_POINT ( 'NONE',  ( 11.00000000000000000, 1.200372031028310138, 7.994164118600464164 ) ) ;
#2687 = DIRECTION ( 'NONE',  ( 0.000000000000000000, -3.469446951953615372E-15, 1.000000000000000000 ) ) ;
#2688 = CARTESIAN_POINT ( 'NONE',  ( 11.00000000000000000, 0.0005077518126913247972, -5.500000627910791806 ) ) ;
#2689 = CARTESIAN_POINT ( 'NONE',  ( 13.00000000000000178, 6.842564920665938466, -6.203019186482203295 ) ) ;
#2690 = CARTESIAN_POINT ( 'NONE',  ( 18.00000000000000355, -4.957857196099619834, 7.502246721811934194 ) ) ;
#2691 = ORIENTED_EDGE ( 'NONE', *, *, #289, .F. ) ;
#2692 = CARTESIAN_POINT ( 'NONE',  ( 13.00000000000000178, 7.888424765259834714, 3.110230222913495712 ) ) ;
#2693 = VECTOR ( 'NONE', #3768, 1000.000000000000000 ) ;
#2694 = CARTESIAN_POINT ( 'NONE',  ( 0.000000000000000000, 7.991542015890479078, -1.370157565731053184 ) ) ;
#2695 = CARTESIAN_POINT ( 'NONE',  ( 13.00000000000000178, 7.919495878587501814, -2.802433418976625568 ) ) ;
#2696 = CARTESIAN_POINT ( 'NONE',  ( 12.99999999999999467, 4.600761359244930127, 4.906070953246167043 ) ) ;
#2697 = ORIENTED_EDGE ( 'NONE', *, *, #1320, .T. ) ;
#2698 = VECTOR ( 'NONE', #1804, 1000.000000000000000 ) ;
#2699 = CARTESIAN_POINT ( 'NONE',  ( 5.000000000000000888, 7.724210963675129271, 4.116547995452084052 ) ) ;
#2700 = DIRECTION ( 'NONE',  ( -0.000000000000000000, 4.565061778886335030E-16, 1.000000000000000000 ) ) ;
#2701 = CARTESIAN_POINT ( 'NONE',  ( 18.00000000000000355, -7.996954735067952846, -0.3341008311379795037 ) ) ;
#2702 = ORIENTED_EDGE ( 'NONE', *, *, #2681, .F. ) ;
#2703 = CARTESIAN_POINT ( 'NONE',  ( 10.99999999999999822, -3.868812911139250854, 7.773400840222524089 ) ) ;
#2704 = CARTESIAN_POINT ( 'NONE',  ( 20.00000000000000000, -6.839518409773132745, 6.203019186482333858 ) ) ;
#2705 = CARTESIAN_POINT ( 'NONE',  ( 11.00000000000000000, 2.034001485617850324, 5.472861874654304515 ) ) ;
#2706 = CARTESIAN_POINT ( 'NONE',  ( 5.000000000000000000, -0.9500000000001174172, -7.750075612333780839 ) ) ;
#2707 = CARTESIAN_POINT ( 'NONE',  ( 5.000000000000000000, 7.624384212064456712, 4.518215179558075612 ) ) ;
#2708 = CARTESIAN_POINT ( 'NONE',  ( 11.00000000000000000, 5.163387706420091483, -4.036701835579181719 ) ) ;
#2709 = CARTESIAN_POINT ( 'NONE',  ( 20.00000000000000000, -7.996002401241772972, -0.6768666228592719047 ) ) ;
#2710 = CARTESIAN_POINT ( 'NONE',  ( 18.00000000000000355, -7.960567960112083341, 2.177562438472021356 ) ) ;
#2711 = ADVANCED_FACE ( 'NONE', ( #3984 ), #2023, .F. ) ;
#2712 = VERTEX_POINT ( 'NONE', #1559 ) ;
#2713 = CARTESIAN_POINT ( 'NONE',  ( 20.00000000000000000, 7.998094335137079902, 0.8514301556693039119 ) ) ;
#2714 = VECTOR ( 'NONE', #2224, 1000.000000000000000 ) ;
#2715 = CARTESIAN_POINT ( 'NONE',  ( 0.000000000000000000, 4.919808755959280688, -7.521274650040940202 ) ) ;
#2716 = CARTESIAN_POINT ( 'NONE',  ( 5.000000000000001776, 7.996738530761505537, -0.9750072176245153655 ) ) ;
#2717 = CARTESIAN_POINT ( 'NONE',  ( 6.500000000000000888, -1.313793427163849836, -7.993584671373851869 ) ) ;
#2718 = CARTESIAN_POINT ( 'NONE',  ( 5.000000000000000888, -1.313793427162311511, 7.993584671374119210 ) ) ;
#2719 = ORIENTED_EDGE ( 'NONE', *, *, #24, .T. ) ;
#2720 = ADVANCED_FACE ( 'NONE', ( #4074 ), #2512, .T. ) ;
#2721 = CARTESIAN_POINT ( 'NONE',  ( 0.000000000000000000, 7.754060879349655266, 3.975098189427046069 ) ) ;
#2722 = B_SPLINE_CURVE_WITH_KNOTS ( 'NONE', 3,
 ( #2067, #3323, #3550, #3241, #402, #2931, #1365, #2460, #199, #1154, #1820, #3717, #881, #3697, #2150, #243, #4048, #2771, #1860, #3737, #2728, #2792, #1508, #860, #1530, #1487, #2128, #2437, #4027, #2752, #819, #3409, #839, #3120 ),
 .UNSPECIFIED., .F., .F.,
 ( 4, 2, 2, 2, 2, 2, 2, 2, 2, 2, 2, 2, 2, 2, 2, 2, 4 ),
 ( 0.05748710110014540464, 0.1250000000000001110, 0.2500000000000003331, 0.3750000000000003331, 0.5000000000000003331, 0.6250000000000003331, 0.6562500000000004441, 0.6875000000000004441, 0.7187500000000003331, 0.7500000000000003331, 0.7812500000000003331, 0.8125000000000003331, 0.8437500000000002220, 0.8750000000000002220, 0.9062500000000002220, 0.9375000000000001110, 0.9419975043490781408 ),
 .UNSPECIFIED. ) ;
#2723 = DIRECTION ( 'NONE',  ( 0.000000000000000000, -1.256228917186600745E-13, -1.000000000000000000 ) ) ;
#2724 = CARTESIAN_POINT ( 'NONE',  ( 0.000000000000000000, -54.99999999999965894, 10.00000000000014388 ) ) ;
#2725 = EDGE_LOOP ( 'NONE', ( #2873, #2343, #3496, #2094 ) ) ;
#2726 = CARTESIAN_POINT ( 'NONE',  ( 20.00000000000000000, -2.657066463029922332, 7.942065616298222608 ) ) ;
#2727 = CARTESIAN_POINT ( 'NONE',  ( 11.00000000000000355, -2.077462492746716460, -7.967854114883292205 ) ) ;
#2728 = CARTESIAN_POINT ( 'NONE',  ( 6.500000000000000888, 7.829744211270962317, 3.551969690029802340 ) ) ;
#2729 = CARTESIAN_POINT ( 'NONE',  ( 5.000000000000000000, 7.994340404933882205, -1.198537620874680965 ) ) ;
#2730 = VECTOR ( 'NONE', #1911, 1000.000000000000000 ) ;
#2731 = CARTESIAN_POINT ( 'NONE',  ( 11.00000000000000000, 3.809878463549435601, 7.784908569850838234 ) ) ;
#2732 = CARTESIAN_POINT ( 'NONE',  ( 11.00000000000000000, 5.221541760204545746, -3.838501389505185823 ) ) ;
#2733 = CARTESIAN_POINT ( 'NONE',  ( 20.00000000000000000, -0.6969914058154272896, -8.000532588362071706 ) ) ;
#2734 = FACE_OUTER_BOUND ( 'NONE', #1618, .T. ) ;
#2735 = ORIENTED_EDGE ( 'NONE', *, *, #1151, .T. ) ;
#2736 = CARTESIAN_POINT ( 'NONE',  ( 13.00000000000000178, 7.919495878587492932, 2.802433418976869373 ) ) ;
#2737 = CARTESIAN_POINT ( 'NONE',  ( 20.00000000000000000, -7.361714456440144438, 5.257907453389930374 ) ) ;
#2738 = CARTESIAN_POINT ( 'NONE',  ( 0.000000000000000000, 7.104206476702478845, -5.820499722137300935 ) ) ;
#2739 = CARTESIAN_POINT ( 'NONE',  ( -8.673617379884035472E-16, 7.977894848674130124, -1.862506083701936932 ) ) ;
#2740 = CARTESIAN_POINT ( 'NONE',  ( 20.00000000000000000, 9.994226508186189406, 1.603055307975665533 ) ) ;
#2741 = EDGE_CURVE ( 'NONE', #2919, #16, #1474, .T. ) ;
#2742 = CARTESIAN_POINT ( 'NONE',  ( 5.000000000000000888, -7.621337701171542633, 4.518215179558059624 ) ) ;
#2743 = CARTESIAN_POINT ( 'NONE',  ( 5.000000000000000888, 7.977894848674115025, 1.862506083702145210 ) ) ;
#2744 = EDGE_CURVE ( 'NONE', #4082, #361, #3706, .T. ) ;
#2745 = CARTESIAN_POINT ( 'NONE',  ( 13.42074368738218837, -0.9500000000001148637, -6.999999999999920064 ) ) ;
#2746 = LINE ( 'NONE', #2145, #3373 ) ;
#2747 = ORIENTED_EDGE ( 'NONE', *, *, #1334, .T. ) ;
#2748 = ADVANCED_FACE ( 'NONE', ( #1620 ), #2259, .T. ) ;
#2749 = EDGE_CURVE ( 'NONE', #3231, #2250, #3228, .T. ) ;
#2750 = PLANE ( 'NONE',  #3622 ) ;
#2751 = CARTESIAN_POINT ( 'NONE',  ( 12.99999999999999467, 5.035885375531290009, 4.342439843241115760 ) ) ;
#2752 = CARTESIAN_POINT ( 'NONE',  ( 6.500000000000000888, 7.991542015890466644, 1.370157565731196847 ) ) ;
#2753 = CARTESIAN_POINT ( 'NONE',  ( 5.000000000000000000, 5.821275128020570122, -7.103874531599246644 ) ) ;
#2754 = LINE ( 'NONE', #4009, #624 ) ;
#2755 = CARTESIAN_POINT ( 'NONE',  ( 11.00000000000000000, 1.634354366629693578, -5.486281535428419787 ) ) ;
#2756 = DIRECTION ( 'NONE',  ( 0.000000000000000000, -1.000000000000000000, -3.614007241618350743E-15 ) ) ;
#2757 = DIRECTION ( 'NONE',  ( 0.000000000000000000, -1.000000000000000000, 4.565061778886335030E-16 ) ) ;
#2758 = ORIENTED_EDGE ( 'NONE', *, *, #2222, .F. ) ;
#2759 = CARTESIAN_POINT ( 'NONE',  ( -3.469446951953614189E-15, -0.9500000000001148637, -7.997106055648364631 ) ) ;
#2760 = CARTESIAN_POINT ( 'NONE',  ( 20.00000000000000000, -7.974848337781192953, 1.862506083702128334 ) ) ;
#2761 = LINE ( 'NONE', #1164, #1038 ) ;
#2762 = CARTESIAN_POINT ( 'NONE',  ( -8.673617379884035472E-16, 7.996971776485247929, -0.9500000000753386908 ) ) ;
#2763 = CARTESIAN_POINT ( 'NONE',  ( 20.00000000000000000, 8.795726536140829666, 6.854604630103548146 ) ) ;
#2764 = CARTESIAN_POINT ( 'NONE',  ( 0.000000000000000000, -7.410259770593721207, 5.141652362973576196 ) ) ;
#2765 = CARTESIAN_POINT ( 'NONE',  ( 0.000000000000000000, 7.724210963675129271, 4.116547995452084052 ) ) ;
#2766 = CARTESIAN_POINT ( 'NONE',  ( 20.00000000000000000, 10.00000000000000355, -4.793002917534356401E-14 ) ) ;
#2767 = DIRECTION ( 'NONE',  ( 0.000000000000000000, -1.000000000000000000, 0.000000000000000000 ) ) ;
#2768 = EDGE_LOOP ( 'NONE', ( #3446, #410, #2968, #3837, #227, #2433, #1416, #3292, #3159, #2457, #3973, #3009, #2402, #2702, #1745, #930, #3914, #3226, #1631, #3524, #2552, #3929, #2187 ) ) ;
#2769 = CARTESIAN_POINT ( 'NONE',  ( 20.00000000000000000, -7.951688486432296088, 2.333320861749602404 ) ) ;
#2770 = CARTESIAN_POINT ( 'NONE',  ( 11.00000000000000000, -0.9636816914037522608, -7.996963102584249583 ) ) ;
#2771 = CARTESIAN_POINT ( 'NONE',  ( 6.500000000000000888, 7.724210963675129271, 4.116547995452084052 ) ) ;
#2772 = CARTESIAN_POINT ( 'NONE',  ( 5.000000000000000000, 7.888424765259851590, -3.110230222913241249 ) ) ;
#2773 = VECTOR ( 'NONE', #2970, 1000.000000000000000 ) ;
#2774 = CARTESIAN_POINT ( 'NONE',  ( 11.00000000000000000, 7.338098436679881154, 5.326897330282100995 ) ) ;
#2775 = CARTESIAN_POINT ( 'NONE',  ( 13.00000000000000178, 0.4099364528675500385, -5.500310913884323583 ) ) ;
#2776 = CARTESIAN_POINT ( 'NONE',  ( 20.00000000000000000, -7.826697700378039357, -3.551969690029617599 ) ) ;
#2777 = LINE ( 'NONE', #1781, #3526 ) ;
#2778 = VERTEX_POINT ( 'NONE', #685 ) ;
#2779 = CARTESIAN_POINT ( 'NONE',  ( -3.469446951953614189E-15, -1.669507142568905200, -7.986120789016871946 ) ) ;
#2780 = CARTESIAN_POINT ( 'NONE',  ( 13.00000000000000178, -7.885378254366916195, 3.110230222913479281 ) ) ;
#2781 = CARTESIAN_POINT ( 'NONE',  ( 5.000000000000000888, -7.951688486432296088, -2.333320861749382580 ) ) ;
#2782 = LINE ( 'NONE', #542, #3564 ) ;
#2783 = CARTESIAN_POINT ( 'NONE',  ( 20.00000000000000000, 4.263402913510598857, 9.744407353999122279 ) ) ;
#2784 = VECTOR ( 'NONE', #485, 1000.000000000000000 ) ;
#2785 = CARTESIAN_POINT ( 'NONE',  ( 0.000000000000000000, -7.621337701171542633, 4.518215179558059624 ) ) ;
#2786 = CARTESIAN_POINT ( 'NONE',  ( 6.500000000000000888, -1.313793427163779004, 7.993584671374088124 ) ) ;
#2787 = DIRECTION ( 'NONE',  ( 0.000000000000000000, -1.000000000000000000, -1.261617073437677999E-16 ) ) ;
#2788 = LINE ( 'NONE', #2124, #2313 ) ;
#2789 = VERTEX_POINT ( 'NONE', #2941 ) ;
#2790 = CARTESIAN_POINT ( 'NONE',  ( 20.00000000000000000, -7.996002401241760538, 0.6768666228593124279 ) ) ;
#2791 = CARTESIAN_POINT ( 'NONE',  ( 11.00000000000000355, -3.197231078311226771, -7.880703624040247490 ) ) ;
#2792 = CARTESIAN_POINT ( 'NONE',  ( 6.500000000000000888, 7.870589382685932556, 3.260513804451152353 ) ) ;
#2793 = CARTESIAN_POINT ( 'NONE',  ( 0.000000000000000000, 5.897795986540787183, -9.271724392458896347 ) ) ;
#2794 = PLANE ( 'NONE',  #3666 ) ;
#2795 = EDGE_CURVE ( 'NONE', #89, #273, #2501, .T. ) ;
#2796 = CARTESIAN_POINT ( 'NONE',  ( 13.00000000000000178, 2.041997018946008158, -5.472561165222932011 ) ) ;
#2797 = EDGE_CURVE ( 'NONE', #1953, #3507, #3807, .T. ) ;
#2798 = CARTESIAN_POINT ( 'NONE',  ( 20.00000000000000000, -7.361714456440171084, -5.257907453389651486 ) ) ;
#2799 = CARTESIAN_POINT ( 'NONE',  ( 13.42074368738218837, 0.9499999999999757527, 7.000000000000007994 ) ) ;
#2800 = ORIENTED_EDGE ( 'NONE', *, *, #3832, .F. ) ;
#2801 = CARTESIAN_POINT ( 'NONE',  ( -3.469446951953614189E-15, -2.657066463029897907, -7.942065616297995234 ) ) ;
#2802 = CARTESIAN_POINT ( 'NONE',  ( 13.00000000000000178, -7.960567960112083341, 2.177562438472021356 ) ) ;
#2803 = EDGE_CURVE ( 'NONE', #2338, #3886, #723, .T. ) ;
#2804 = CARTESIAN_POINT ( 'NONE',  ( 5.000000000000000888, -7.721164452782224075, -4.116547995451790065 ) ) ;
#2805 = CARTESIAN_POINT ( 'NONE',  ( -8.673617379884035472E-16, 7.624384212064461153, -4.518215179557856231 ) ) ;
#2806 = CARTESIAN_POINT ( 'NONE',  ( 0.000000000000000000, -7.988495504997545460, 1.370157565731179972 ) ) ;
#2807 = CARTESIAN_POINT ( 'NONE',  ( 12.99999999999999467, 0.8148452774453561753, 5.500294959846138809 ) ) ;
#2808 = EDGE_CURVE ( 'NONE', #2250, #1720, #1991, .T. ) ;
#2809 = CARTESIAN_POINT ( 'NONE',  ( 11.00000000000000000, 1.634354366629693578, -5.486281535428419787 ) ) ;
#2810 = CARTESIAN_POINT ( 'NONE',  ( 0.000000000000000000, 0.000000000000000000, 0.000000000000000000 ) ) ;
#2811 = CARTESIAN_POINT ( 'NONE',  ( 0.000000000000000000, 0.3923409040902952616, 10.00029881779626351 ) ) ;
#2812 = VERTEX_POINT ( 'NONE', #3187 ) ;
#2813 = VECTOR ( 'NONE', #494, 1000.000000000000000 ) ;
#2814 = CARTESIAN_POINT ( 'NONE',  ( 6.500000000000000888, -0.9500000000001150857, -7.997106055648366407 ) ) ;
#2815 = CARTESIAN_POINT ( 'NONE',  ( 0.000000000000000000, 9.739256424143782453, -4.284627123311069319 ) ) ;
#2816 = EDGE_CURVE ( 'NONE', #3126, #3227, #903, .T. ) ;
#2817 = CARTESIAN_POINT ( 'NONE',  ( 11.00000000000000000, 3.780925994026282488, 7.790146772178923484 ) ) ;
#2818 = CARTESIAN_POINT ( 'NONE',  ( 6.500000000000000888, -2.073275153092998924, 8.498808627325365350 ) ) ;
#2819 = CARTESIAN_POINT ( 'NONE',  ( 0.000000000000000000, -4.916762245066340853, -7.521274650040950860 ) ) ;
#2820 = CARTESIAN_POINT ( 'NONE',  ( 5.000000000000000000, -3.986703887527480727, -7.750075612333798603 ) ) ;
#2821 = EDGE_LOOP ( 'NONE', ( #3118, #1536, #857, #1884, #3602, #2569, #746, #3537, #2275, #3576, #955, #50, #415, #3208 ) ) ;
#2822 = CARTESIAN_POINT ( 'NONE',  ( -3.469446951953614189E-15, -7.501387247522696811, -4.899417217456346840 ) ) ;
#2823 = CARTESIAN_POINT ( 'NONE',  ( 13.00000000000000178, -7.656261220913877175, 4.388453230966693042 ) ) ;
#2824 = CARTESIAN_POINT ( 'NONE',  ( 20.00000000000000000, 9.264259240779146864, -5.916551912301851068 ) ) ;
#2825 = CARTESIAN_POINT ( 'NONE',  ( 5.000000000000001776, 1.314854083768207893, -7.993626276589456126 ) ) ;
#2826 = CARTESIAN_POINT ( 'NONE',  ( 0.000000000000000000, -7.929639119121005386, 2.645739012952750713 ) ) ;
#2827 = CARTESIAN_POINT ( 'NONE',  ( 6.500000000000000888, 7.996971776485952255, -0.9500000000000002887 ) ) ;
#2828 = CARTESIAN_POINT ( 'NONE',  ( 13.00000000000000178, -7.991293894040955692, -1.198537620874698062 ) ) ;
#2829 = ORIENTED_EDGE ( 'NONE', *, *, #2434, .F. ) ;
#2830 = VECTOR ( 'NONE', #1678, 1000.000000000000000 ) ;
#2831 = CARTESIAN_POINT ( 'NONE',  ( 11.00000000000000178, 0.9648837316847344026, -7.996980062188307592 ) ) ;
#2832 = CARTESIAN_POINT ( 'NONE',  ( 20.00000000000000000, 7.888424765259851590, -3.110230222913241249 ) ) ;
#2833 = FACE_OUTER_BOUND ( 'NONE', #3144, .T. ) ;
#2834 = DIRECTION ( 'NONE',  ( 1.000000000000000000, 0.000000000000000000, 0.000000000000000000 ) ) ;
#2835 = CARTESIAN_POINT ( 'NONE',  ( 0.000000000000000000, -3.268209366061821886, -7.885017484777416819 ) ) ;
#2836 = CARTESIAN_POINT ( 'NONE',  ( 11.00000000000000000, 5.821275128020391598, 7.103874531599575270 ) ) ;
#2837 = ORIENTED_EDGE ( 'NONE', *, *, #3096, .F. ) ;
#2838 = CARTESIAN_POINT ( 'NONE',  ( -3.469446951953614189E-15, -7.543946599368335448, -4.773512810947029728 ) ) ;
#2839 = LINE ( 'NONE', #2232, #2504 ) ;
#2840 = CARTESIAN_POINT ( 'NONE',  ( -3.469446951953614189E-15, -7.751014368456733195, -3.975098189426821360 ) ) ;
#2841 = CARTESIAN_POINT ( 'NONE',  ( 5.000000000000001776, 4.919808755959280688, -7.521274650040940202 ) ) ;
#2842 = CARTESIAN_POINT ( 'NONE',  ( 13.42074368738218837, 0.9499999999999757527, 7.000000000000007994 ) ) ;
#2843 = B_SPLINE_CURVE_WITH_KNOTS ( 'NONE', 3,
 ( #426, #3882, #3016, #736, #446, #2005, #3945 ),
 .UNSPECIFIED., .F., .F.,
 ( 4, 1, 1, 1, 4 ),
 ( 0.05591983065818809107, 0.1739298518259145832, 0.2919398729936409920, 0.4099498941613675118, 0.4127468867580256218 ),
 .UNSPECIFIED. ) ;
#2844 = CARTESIAN_POINT ( 'NONE',  ( 20.00000000000000000, -7.101159965809542562, -5.820499722137316034 ) ) ;
#2845 = ORIENTED_EDGE ( 'NONE', *, *, #2379, .F. ) ;
#2846 = VECTOR ( 'NONE', #3997, 1000.000000000000000 ) ;
#2847 = FACE_OUTER_BOUND ( 'NONE', #2985, .T. ) ;
#2848 = CARTESIAN_POINT ( 'NONE',  ( 20.00000000000000000, 7.806769986350412083, -3.693151717295219516 ) ) ;
#2849 = CARTESIAN_POINT ( 'NONE',  ( 2.000000000000001776, -7.951688486432296088, -2.333320861749382580 ) ) ;
#2850 = CARTESIAN_POINT ( 'NONE',  ( 0.000000000000000000, -7.885378254366919748, -3.110230222913257681 ) ) ;
#2851 = CARTESIAN_POINT ( 'NONE',  ( 11.00000000000000000, 6.203022691289977963, 6.842559245454959971 ) ) ;
#2852 = ORIENTED_EDGE ( 'NONE', *, *, #668, .T. ) ;
#2853 = ORIENTED_EDGE ( 'NONE', *, *, #2862, .F. ) ;
#2854 = LINE ( 'NONE', #3509, #3950 ) ;
#2855 = CARTESIAN_POINT ( 'NONE',  ( -3.469446951953614189E-15, -7.988495504997550789, -1.370157565731070060 ) ) ;
#2856 = CARTESIAN_POINT ( 'NONE',  ( -8.673617379884035472E-16, 1.671588706517518563, -7.986163835448020443 ) ) ;
#2857 = FACE_OUTER_BOUND ( 'NONE', #2221, .T. ) ;
#2858 = ORIENTED_EDGE ( 'NONE', *, *, #1323, .F. ) ;
#2859 = CARTESIAN_POINT ( 'NONE',  ( 13.00000000000000178, 7.999999999999998224, 7.126224442713237591E-14 ) ) ;
#2860 = PRODUCT_DEFINITION_CONTEXT ( 'detailed design', #3366, 'design' ) ;
#2861 = LINE ( 'NONE', #1287, #1646 ) ;
#2862 = EDGE_CURVE ( 'NONE', #3694, #1351, #2861, .T. ) ;
#2863 = CARTESIAN_POINT ( 'NONE',  ( 13.00000000000000178, -7.361714456440171084, -5.257907453389651486 ) ) ;
#2864 = ORIENTED_EDGE ( 'NONE', *, *, #3348, .F. ) ;
#2865 = CARTESIAN_POINT ( 'NONE',  ( 11.00000000000000000, 7.422012602698303319, -5.128188245261606326 ) ) ;
#2866 = CARTESIAN_POINT ( 'NONE',  ( 20.00000000000000000, 7.932685630013931899, -2.645739012952588176 ) ) ;
#2867 = EDGE_CURVE ( 'NONE', #325, #2010, #3829, .T. ) ;
#2868 = EDGE_CURVE ( 'NONE', #3560, #1311, #3954, .T. ) ;
#2869 = VECTOR ( 'NONE', #3076, 1000.000000000000000 ) ;
#2870 = CARTESIAN_POINT ( 'NONE',  ( 11.00000000000000000, 5.500000000000003553, -2.889476327351148832E-13 ) ) ;
#2871 = CARTESIAN_POINT ( 'NONE',  ( 5.000000000000000000, -6.876050615825088919, -6.876639156178350198 ) ) ;
#2872 = CARTESIAN_POINT ( 'NONE',  ( 11.00000000000000000, 7.954734997325215495, 2.333320861749619279 ) ) ;
#2873 = ORIENTED_EDGE ( 'NONE', *, *, #1801, .T. ) ;
#2874 = ORIENTED_EDGE ( 'NONE', *, *, #3655, .T. ) ;
#2875 = LINE ( 'NONE', #3731, #2940 ) ;
#2876 = DIRECTION ( 'NONE',  ( 0.000000000000000000, -1.000000000000000000, 3.614007241618349264E-16 ) ) ;
#2877 = CARTESIAN_POINT ( 'NONE',  ( 5.000000000000000000, 6.945255748662851225, -6.945581049634229842 ) ) ;
#2878 = CARTESIAN_POINT ( 'NONE',  ( 0.000000000000000000, -7.000000000000033751, 0.9500000000001983524 ) ) ;
#2879 = LINE ( 'NONE', #1370, #3855 ) ;
#2880 = ORIENTED_EDGE ( 'NONE', *, *, #2749, .T. ) ;
#2881 = ORIENTED_EDGE ( 'NONE', *, *, #450, .T. ) ;
#2882 = CARTESIAN_POINT ( 'NONE',  ( 0.000000000000000000, 4.401471794433175155, 7.675014244674414066 ) ) ;
#2883 = CARTESIAN_POINT ( 'NONE',  ( 13.00000000000000178, -7.543946599368335448, -4.773512810947029728 ) ) ;
#2884 = ORIENTED_EDGE ( 'NONE', *, *, #3756, .F. ) ;
#2885 = CARTESIAN_POINT ( 'NONE',  ( 0.000000000000000000, 3.382710778154773834E-13, -9.999999999999850786 ) ) ;
#2886 = ADVANCED_FACE ( 'NONE', ( #766 ), #4096, .F. ) ;
#2887 = DIRECTION ( 'NONE',  ( 0.000000000000000000, -1.000000000000000000, -3.195543245220434225E-15 ) ) ;
#2888 = LINE ( 'NONE', #3154, #2385 ) ;
#2889 = VERTEX_POINT ( 'NONE', #3355 ) ;
#2890 = CARTESIAN_POINT ( 'NONE',  ( 6.500000000000000888, 7.659307731806804576, -4.388453230966465668 ) ) ;
#2891 = CARTESIAN_POINT ( 'NONE',  ( 2.000000000000001776, -7.867542871793015813, -3.260513804450916542 ) ) ;
#2892 = CARTESIAN_POINT ( 'NONE',  ( 6.500000000000002665, 7.996971776485247929, -0.9500000000753386908 ) ) ;
#2893 = CARTESIAN_POINT ( 'NONE',  ( 6.500000000000001776, 6.842564920666044159, 6.203019186482348069 ) ) ;
#2894 = VECTOR ( 'NONE', #3103, 1000.000000000000000 ) ;
#2895 = CARTESIAN_POINT ( 'NONE',  ( 6.500000000000000888, -3.884840231506132557, 7.770442492788611766 ) ) ;
#2896 = LINE ( 'NONE', #638, #2172 ) ;
#2897 = CARTESIAN_POINT ( 'NONE',  ( 20.00000000000000000, 10.00000000000001421, -0.2474538092382009835 ) ) ;
#2898 = CARTESIAN_POINT ( 'NONE',  ( -8.673617379884035472E-16, 7.546993110261269955, -4.773512810947013740 ) ) ;
#2899 = FACE_BOUND ( 'NONE', #2466, .T. ) ;
#2900 = ORIENTED_EDGE ( 'NONE', *, *, #2661, .T. ) ;
#2901 = LINE ( 'NONE', #390, #2830 ) ;
#2902 = VECTOR ( 'NONE', #1931, 1000.000000000000000 ) ;
#2903 = CARTESIAN_POINT ( 'NONE',  ( 0.000000000000000000, 1.314854085679916240, 7.993626276549704812 ) ) ;
#2904 = CARTESIAN_POINT ( 'NONE',  ( 13.00000000000000178, -7.916449367694571748, -2.802433418976642443 ) ) ;
#2905 = EDGE_LOOP ( 'NONE', ( #1846, #549, #2296, #3962, #2389, #846 ) ) ;
#2906 = CARTESIAN_POINT ( 'NONE',  ( 5.000000000000000888, 2.660112973922829749, 7.942065616298227937 ) ) ;
#2907 = CARTESIAN_POINT ( 'NONE',  ( 2.000000000000001776, -7.974848337781192953, 1.862506083702128334 ) ) ;
#2908 = CARTESIAN_POINT ( 'NONE',  ( 20.00000000000000000, 7.999999999999998224, 7.126224442713237591E-14 ) ) ;
#2909 = CARTESIAN_POINT ( 'NONE',  ( 6.500000000000000888, 7.104206476702478845, -5.820499722137300935 ) ) ;
#2910 = CARTESIAN_POINT ( 'NONE',  ( 6.500000000000000888, -6.876050615825088919, -6.876639156178350198 ) ) ;
#2911 = CARTESIAN_POINT ( 'NONE',  ( 11.00000000000000000, 7.919495878587501814, -2.802433418976625568 ) ) ;
#2912 = CARTESIAN_POINT ( 'NONE',  ( 11.00000000000000000, 7.888424765259834714, 3.110230222913495712 ) ) ;
#2913 = CARTESIAN_POINT ( 'NONE',  ( 6.500000000000000888, -3.935974350749863238, 7.760463980255734917 ) ) ;
#2914 = EDGE_CURVE ( 'NONE', #2535, #302, #1057, .T. ) ;
#2915 = CARTESIAN_POINT ( 'NONE',  ( 20.00000000000000000, 7.364760967333056740, 5.257907453389946362 ) ) ;
#2916 = CARTESIAN_POINT ( 'NONE',  ( 11.00000000000000000, 0.001523255446463035864, -5.499999854980488045 ) ) ;
#2917 = CARTESIAN_POINT ( 'NONE',  ( 20.00000000000000000, 7.504433758415631317, -4.899417217456330853 ) ) ;
#2918 = CARTESIAN_POINT ( 'NONE',  ( 0.000000000000000000, -47.72059531467550642, -9.999999999999859668 ) ) ;
#2919 = VERTEX_POINT ( 'NONE', #3289 ) ;
#2920 = CARTESIAN_POINT ( 'NONE',  ( 20.00000000000000000, 8.000000000000005329, 0.1658497824139799626 ) ) ;
#2921 = CARTESIAN_POINT ( 'NONE',  ( 0.000000000000000000, 7.954734997325215495, 2.333320861749619279 ) ) ;
#2922 = CARTESIAN_POINT ( 'NONE',  ( 20.00000000000000000, 3.382710778154773834E-13, 10.00000000000015099 ) ) ;
#2923 = ADVANCED_FACE ( 'NONE', ( #3888 ), #2320, .T. ) ;
#2924 = ORIENTED_EDGE ( 'NONE', *, *, #3903, .T. ) ;
#2925 = CARTESIAN_POINT ( 'NONE',  ( 11.00000000000000355, -2.077596937883400052, 7.967850438664946466 ) ) ;
#2926 = CARTESIAN_POINT ( 'NONE',  ( 11.00000000000000000, 5.500000000000020428, 0.4083238538074149271 ) ) ;
#2927 = CARTESIAN_POINT ( 'NONE',  ( 6.500000000000000888, -0.9500000000000297096, 8.500000000000000000 ) ) ;
#2928 = CARTESIAN_POINT ( 'NONE',  ( 6.500000000000000888, 3.271255876954762609, -7.885017484777410601 ) ) ;
#2929 = CARTESIAN_POINT ( 'NONE',  ( 5.000000000000000888, 7.000000000000005329, 0.9500000000000005107 ) ) ;
#2930 = CARTESIAN_POINT ( 'NONE',  ( 6.500000000000002665, 7.659307731806804576, -4.388453230966465668 ) ) ;
#2931 = CARTESIAN_POINT ( 'NONE',  ( 6.500000000000000888, 4.401471794433175155, 7.675014244674414066 ) ) ;
#2932 = CARTESIAN_POINT ( 'NONE',  ( 10.99999999999999822, 2.004235543366085448, 7.971329160906445388 ) ) ;
#2933 = B_SPLINE_CURVE_WITH_KNOTS ( 'NONE', 3,
 ( #935, #3441, #3421, #4040, #2806, #3688, #1852, #1478, #255, #2826, #1209, #3709, #2471, #2515, #1892, #211, #3377, #852, #543, #1499, #4018, #233, #2120, #584, #2203, #2492, #3112, #278, #3998, #2162, #4060, #1811, #2140, #3088 ),
 .UNSPECIFIED., .F., .F.,
 ( 4, 2, 2, 2, 2, 2, 2, 2, 2, 2, 2, 2, 2, 2, 2, 2, 4 ),
 ( 0.05800249591586725123, 0.06249999999999984041, 0.09374999999999977796, 0.1249999999999997502, 0.1562499999999997224, 0.1874999999999996947, 0.2187499999999996947, 0.2499999999999996669, 0.2812499999999996669, 0.3124999999999996114, 0.3437499999999996114, 0.3749999999999995559, 0.4999999999999996669, 0.6249999999999996669, 0.7499999999999996669, 0.8749999999999998890, 0.9423249774464483863 ),
 .UNSPECIFIED. ) ;
#2934 = CARTESIAN_POINT ( 'NONE',  ( 13.00000000000000000, 0.000000000000000000, -6.522789215968461285 ) ) ;
#2935 = LINE ( 'NONE', #427, #3022 ) ;
#2936 = CARTESIAN_POINT ( 'NONE',  ( 20.00000000000000000, 7.919495878587501814, -2.802433418976625568 ) ) ;
#2937 = FACE_BOUND ( 'NONE', #1514, .T. ) ;
#2938 = ORIENTED_EDGE ( 'NONE', *, *, #3746, .T. ) ;
#2939 = ORIENTED_EDGE ( 'NONE', *, *, #3589, .T. ) ;
#2940 = VECTOR ( 'NONE', #2602, 1000.000000000000000 ) ;
#2941 = CARTESIAN_POINT ( 'NONE',  ( 11.00000000000000000, 7.000000000000004441, -0.9500000000000000666 ) ) ;
#2942 = CARTESIAN_POINT ( 'NONE',  ( 13.00000000000000178, -1.373354731173107801, -7.999332193501478727 ) ) ;
#2943 = ORIENTED_EDGE ( 'NONE', *, *, #1700, .T. ) ;
#2944 = FACE_OUTER_BOUND ( 'NONE', #2016, .T. ) ;
#2945 = EDGE_CURVE ( 'NONE', #2056, #2031, #3479, .T. ) ;
#2946 = CARTESIAN_POINT ( 'NONE',  ( 2.000000000000001776, -6.199976180397069214, 6.842559245454946648 ) ) ;
#2947 = CARTESIAN_POINT ( 'NONE',  ( 0.000000000000000000, 9.994226508186189406, 1.603055307975665533 ) ) ;
#2948 = ORIENTED_EDGE ( 'NONE', *, *, #3651, .F. ) ;
#2949 = CARTESIAN_POINT ( 'NONE',  ( 6.500000000000000888, 0.9499999999999485523, -7.997135450844472082 ) ) ;
#2950 = CARTESIAN_POINT ( 'NONE',  ( 5.000000000000000000, 0.000000000000000000, 7.750075612333781727 ) ) ;
#2951 = CARTESIAN_POINT ( 'NONE',  ( 6.500000000000002665, 2.660112973922839075, -7.942065616297989905 ) ) ;
#2952 = CARTESIAN_POINT ( 'NONE',  ( 20.00000000000000000, 7.256833203547858879, -8.528140683637893460 ) ) ;
#2953 = CARTESIAN_POINT ( 'NONE',  ( 11.00000000000000178, 3.737291666937253343, 7.797928916872526983 ) ) ;
#2954 = CARTESIAN_POINT ( 'NONE',  ( 13.00000000000000178, 0.7000379167083362608, 8.000532588362306186 ) ) ;
#2955 = LINE ( 'NONE', #1368, #1770 ) ;
#2956 = CARTESIAN_POINT ( 'NONE',  ( 13.00000000000000178, 7.888424765259851590, -3.110230222913241249 ) ) ;
#2957 = CARTESIAN_POINT ( 'NONE',  ( 18.00000000000000355, -3.986703887528634915, 7.750075612333781727 ) ) ;
#2958 = EDGE_CURVE ( 'NONE', #2106, #726, #2933, .T. ) ;
#2959 = ORIENTED_EDGE ( 'NONE', *, *, #3822, .T. ) ;
#2960 = CARTESIAN_POINT ( 'NONE',  ( 13.00000000000000178, 7.754060879349655266, 3.975098189427046069 ) ) ;
#2961 = CARTESIAN_POINT ( 'NONE',  ( 13.00000000000000178, 3.271255876954762609, -7.885017484777410601 ) ) ;
#2962 = CARTESIAN_POINT ( 'NONE',  ( 6.499999999999999112, 5.059323558785199654E-13, -8.499999564942138264 ) ) ;
#2963 = ORIENTED_EDGE ( 'NONE', *, *, #1345, .F. ) ;
#2964 = EDGE_CURVE ( 'NONE', #2444, #1941, #3398, .T. ) ;
#2965 = DIRECTION ( 'NONE',  ( 1.000000000000000000, 0.000000000000000000, 0.000000000000000000 ) ) ;
#2966 = CARTESIAN_POINT ( 'NONE',  ( 2.000000000000001776, -7.656261220913877175, 4.388453230966693042 ) ) ;
#2967 = CARTESIAN_POINT ( 'NONE',  ( 18.00000000000000355, -7.721164452782224075, -4.116547995451790065 ) ) ;
#2968 = ORIENTED_EDGE ( 'NONE', *, *, #3094, .F. ) ;
#2969 = CARTESIAN_POINT ( 'NONE',  ( 13.00000000000000000, -3.986703930149755326, 7.750075612333780839 ) ) ;
#2970 = DIRECTION ( 'NONE',  ( 0.000000000000000000, -1.000000000000000000, 3.971603747630718475E-14 ) ) ;
#2971 = CARTESIAN_POINT ( 'NONE',  ( 11.00000000000000000, 7.983313762654077550, -1.702190156616459227 ) ) ;
#2972 = CARTESIAN_POINT ( 'NONE',  ( 20.00000000000000000, 5.404655749103321583, -9.450800041127243034 ) ) ;
#2973 = STYLED_ITEM ( 'NONE', ( #2225 ), #778 ) ;
#2974 = CARTESIAN_POINT ( 'NONE',  ( 5.000000000000000000, 7.983313762654070445, 1.702190156616706807 ) ) ;
#2975 = CARTESIAN_POINT ( 'NONE',  ( 13.00000000000000178, 7.104206476702529471, 5.820499722137419063 ) ) ;
#2976 = CARTESIAN_POINT ( 'NONE',  ( 20.00000000000000000, -47.72059531467550642, -9.999999999999859668 ) ) ;
#2977 = CARTESIAN_POINT ( 'NONE',  ( 13.00000000000000178, 7.413306281486648608, -5.141652362973346158 ) ) ;
#2978 = CARTESIAN_POINT ( 'NONE',  ( 2.000000000000001776, -0.9500000000001153078, -8.499999999999920064 ) ) ;
#2979 = VERTEX_POINT ( 'NONE', #1541 ) ;
#2980 = CARTESIAN_POINT ( 'NONE',  ( 20.00000000000000000, 7.624384212064456712, 4.518215179558075612 ) ) ;
#2981 = DIRECTION ( 'NONE',  ( 0.000000000000000000, -1.000000000000000000, 4.565061778886335030E-16 ) ) ;
#2982 = CARTESIAN_POINT ( 'NONE',  ( 11.00000000000000000, -3.986703887527561996, -7.750075612333780839 ) ) ;
#2983 = CARTESIAN_POINT ( 'NONE',  ( 0.000000000000000000, -7.885378254366916195, 3.110230222913479281 ) ) ;
#2984 = B_SPLINE_CURVE_WITH_KNOTS ( 'NONE', 3,
 ( #527, #3097, #3054, #2726, #4005, #1528, #902, #3320, #2394, #2704, #3652, #505, #3031, #1172, #816, #2087, #2107, #3673, #858, #4025, #1506, #197, #1130, #3384, #241, #2769, #2458, #1444, #1216, #837, #2126, #3340, #2790, #3735, #2435, #1775 ),
 .UNSPECIFIED., .F., .F.,
 ( 4, 2, 2, 2, 2, 2, 2, 2, 2, 2, 2, 2, 2, 2, 2, 2, 2, 4 ),
 ( 0.000000000000000000, 0.1250000000000001110, 0.2500000000000003331, 0.3750000000000003331, 0.5000000000000003331, 0.6250000000000004441, 0.6562500000000004441, 0.6875000000000004441, 0.7187500000000003331, 0.7500000000000003331, 0.7812500000000003331, 0.8125000000000003331, 0.8437500000000002220, 0.8750000000000002220, 0.9062500000000002220, 0.9375000000000001110, 0.9687500000000001110, 1.000000000000000000 ),
 .UNSPECIFIED. ) ;
#2985 = EDGE_LOOP ( 'NONE', ( #1441, #2517, #2258, #3406, #2884, #2758, #2197, #1677, #3887, #2852, #3171, #1432, #986, #2874, #3606 ) ) ;
#2986 = CARTESIAN_POINT ( 'NONE',  ( 20.00000000000000000, 1.376401242066048969, -7.999332193501475174 ) ) ;
#2987 = CARTESIAN_POINT ( 'NONE',  ( 2.000000000000001776, -7.867542871793014037, 3.260513804451135922 ) ) ;
#2988 = CARTESIAN_POINT ( 'NONE',  ( 18.00000000000000355, -4.957857196099097585, -7.502246721811962615 ) ) ;
#2989 = ORIENTED_EDGE ( 'NONE', *, *, #1269, .T. ) ;
#2990 = CARTESIAN_POINT ( 'NONE',  ( 5.000000000000000888, -0.9500000000001153078, -8.499999999999920064 ) ) ;
#2991 = CARTESIAN_POINT ( 'NONE',  ( 6.500000000000000888, 2.073275153093621537, -8.498808627325052711 ) ) ;
#2992 = CARTESIAN_POINT ( 'NONE',  ( 11.00000000000000000, 0.9500000000022044144, -7.997135450844450766 ) ) ;
#2993 = CARTESIAN_POINT ( 'NONE',  ( -6.938893903907228378E-15, 9.952211719080347407, -2.593577784831173183 ) ) ;
#2994 = DIRECTION ( 'NONE',  ( -0.000000000000000000, 1.000000000000000000, -0.000000000000000000 ) ) ;
#2995 = DIRECTION ( 'NONE',  ( 0.000000000000000000, -3.614007241618347292E-16, -1.000000000000000000 ) ) ;
#2996 = CARTESIAN_POINT ( 'NONE',  ( 11.00000000000000000, -3.986703887528565637, 7.750075612333797714 ) ) ;
#2997 = CARTESIAN_POINT ( 'NONE',  ( 13.00000000000000178, 7.724210963675156805, -4.116547995451774078 ) ) ;
#2998 = DIRECTION ( 'NONE',  ( 0.000000000000000000, 1.000000000000000000, -3.971603747630718475E-14 ) ) ;
#2999 = ORIENTED_EDGE ( 'NONE', *, *, #2305, .F. ) ;
#3000 = CARTESIAN_POINT ( 'NONE',  ( 20.00000000000000000, 1.376401242065982800, 7.999332193501719424 ) ) ;
#3001 = VECTOR ( 'NONE', #87, 1000.000000000000000 ) ;
#3002 = LINE ( 'NONE', #3953, #3351 ) ;
#3003 = CARTESIAN_POINT ( 'NONE',  ( 6.500000000000000888, -3.268209366061821886, -7.885017484777416819 ) ) ;
#3004 = CARTESIAN_POINT ( 'NONE',  ( 4.999999999999997335, -0.6799406239591428980, -8.500517426720927361 ) ) ;
#3005 = ORIENTED_EDGE ( 'NONE', *, *, #534, .T. ) ;
#3006 = CARTESIAN_POINT ( 'NONE',  ( 20.00000000000000000, 4.919808755959280688, -7.521274650040940202 ) ) ;
#3007 = DIRECTION ( 'NONE',  ( 0.000000000000000000, 1.000000000000000000, -2.168404344971008375E-16 ) ) ;
#3008 = CARTESIAN_POINT ( 'NONE',  ( 18.00000000000000355, -7.543946599368335448, -4.773512810947029728 ) ) ;
#3009 = ORIENTED_EDGE ( 'NONE', *, *, #1626, .T. ) ;
#3010 = CARTESIAN_POINT ( 'NONE',  ( 10.99999999999999645, -3.957504255416586680, 7.756068961552616159 ) ) ;
#3011 = EDGE_CURVE ( 'NONE', #1013, #2241, #117, .T. ) ;
#3012 = CARTESIAN_POINT ( 'NONE',  ( 20.00000000000000000, -3.268209366061708199, 7.885017484777665508 ) ) ;
#3013 = CARTESIAN_POINT ( 'NONE',  ( 12.99999999999999467, 4.415685682162562742, 5.006672586045104012 ) ) ;
#3014 = CARTESIAN_POINT ( 'NONE',  ( -6.938893903907228378E-15, 9.264259240779146864, -5.916551912301851068 ) ) ;
#3015 = CARTESIAN_POINT ( 'NONE',  ( 5.000000000000000000, 5.821275128020391598, 7.103874531599575270 ) ) ;
#3016 = CARTESIAN_POINT ( 'NONE',  ( 6.500000000000000888, -2.073275153094845447, -8.498808627324835996 ) ) ;
#3017 = FACE_OUTER_BOUND ( 'NONE', #1328, .T. ) ;
#3018 = CARTESIAN_POINT ( 'NONE',  ( 18.00000000000000355, -7.996953489107080593, 0.1658497824139630872 ) ) ;
#3019 = EDGE_LOOP ( 'NONE', ( #3799, #2630, #1235 ) ) ;
#3020 = CARTESIAN_POINT ( 'NONE',  ( 20.00000000000000000, 7.963614471005002748, 2.177562438472038231 ) ) ;
#3021 = EDGE_CURVE ( 'NONE', #2789, #721, #2218, .T. ) ;
#3022 = VECTOR ( 'NONE', #2233, 1000.000000000000000 ) ;
#3023 = FACE_OUTER_BOUND ( 'NONE', #768, .T. ) ;
#3024 = CARTESIAN_POINT ( 'NONE',  ( 13.00000000000000178, 7.932685630013931899, -2.645739012952588176 ) ) ;
#3025 = CARTESIAN_POINT ( 'NONE',  ( 5.000000000000000888, -4.916762245066584214, 7.521274650041049448 ) ) ;
#3026 = ORIENTED_EDGE ( 'NONE', *, *, #2867, .T. ) ;
#3027 = CARTESIAN_POINT ( 'NONE',  ( 0.000000000000000000, 7.659307731806791253, 4.388453230966709917 ) ) ;
#3028 = CARTESIAN_POINT ( 'NONE',  ( 5.000000000000000000, -5.615376137191993244, -7.750075613918294692 ) ) ;
#3029 = FACE_OUTER_BOUND ( 'NONE', #349, .T. ) ;
#3030 = VERTEX_POINT ( 'NONE', #992 ) ;
#3031 = CARTESIAN_POINT ( 'NONE',  ( 20.00000000000000000, -7.410259770593721207, 5.141652362973576196 ) ) ;
#3032 = CARTESIAN_POINT ( 'NONE',  ( 11.00000000000000178, -2.006497375263231131, -7.971117797692625295 ) ) ;
#3033 = CARTESIAN_POINT ( 'NONE',  ( 11.00000000000000178, 7.996632591650639554, -0.9849044126074941730 ) ) ;
#3034 = CARTESIAN_POINT ( 'NONE',  ( 10.99999999999999822, 4.692835588480016362, 7.575634346369218619 ) ) ;
#3035 = CARTESIAN_POINT ( 'NONE',  ( 13.00000000000000178, 7.870589382685932556, 3.260513804451152353 ) ) ;
#3036 = ADVANCED_FACE ( 'NONE', ( #2857 ), #315, .F. ) ;
#3037 = CARTESIAN_POINT ( 'NONE',  ( 20.00000000000000000, -7.996954735067952846, -0.3341008311379795037 ) ) ;
#3038 = CARTESIAN_POINT ( 'NONE',  ( 11.00000000000000000, 1.314854083768199899, 7.993626276589695934 ) ) ;
#3039 = ORIENTED_EDGE ( 'NONE', *, *, #240, .T. ) ;
#3040 = CARTESIAN_POINT ( 'NONE',  ( 20.00000000000000000, 7.888424765259834714, 3.110230222913495712 ) ) ;
#3041 = EDGE_CURVE ( 'NONE', #3694, #3560, #3872, .T. ) ;
#3042 = AXIS2_PLACEMENT_3D ( 'NONE', #2922, #3271, #3579 ) ;
#3043 = DIRECTION ( 'NONE',  ( 0.000000000000000000, -4.565061778886335030E-16, 1.000000000000000000 ) ) ;
#3044 = CARTESIAN_POINT ( 'NONE',  ( 11.00000000000000000, 5.408736163148613052, -2.840122101027795498 ) ) ;
#3045 = CARTESIAN_POINT ( 'NONE',  ( 13.01199999999999868, 7.220955875342910391E-16, -5.500001013604661537 ) ) ;
#3046 = CARTESIAN_POINT ( 'NONE',  ( 11.00000000000000000, -1.313793427163849836, -7.993584671373851869 ) ) ;
#3047 = CARTESIAN_POINT ( 'NONE',  ( 12.99999999999999467, 4.038411208028892752, 5.162636836433294185 ) ) ;
#3048 = EDGE_CURVE ( 'NONE', #411, #3185, #681, .T. ) ;
#3049 = VERTEX_POINT ( 'NONE', #1947 ) ;
#3050 = CARTESIAN_POINT ( 'NONE',  ( 5.000000000000000888, 7.754060879349655266, 3.975098189427046069 ) ) ;
#3051 = CARTESIAN_POINT ( 'NONE',  ( 11.00000000000000000, -3.986749424287184596, 7.750075608637186697 ) ) ;
#3052 = CARTESIAN_POINT ( 'NONE',  ( 0.000000000000000000, 8.232402828058953403, 7.628568885268290245 ) ) ;
#3053 = ORIENTED_EDGE ( 'NONE', *, *, #2360, .T. ) ;
#3054 = CARTESIAN_POINT ( 'NONE',  ( 20.00000000000000000, -1.373354731173075383, 7.999332193501715871 ) ) ;
#3055 = CARTESIAN_POINT ( 'NONE',  ( 10.99999999999999822, -1.067453869798030919, -7.995839098154516655 ) ) ;
#3056 = CARTESIAN_POINT ( 'NONE',  ( 11.00000000000000178, 7.975297907738933212, -1.914446727175011409 ) ) ;
#3057 = CARTESIAN_POINT ( 'NONE',  ( 5.000000000000000000, 3.271255876954762609, -7.885017484777410601 ) ) ;
#3058 = LINE ( 'NONE', #1489, #2413 ) ;
#3059 = CARTESIAN_POINT ( 'NONE',  ( 13.00000000000000178, 5.472725181630982760, -2.032314195640062326 ) ) ;
#3060 = CARTESIAN_POINT ( 'NONE',  ( 20.00000000000000000, 8.000000000000003553, -1.320535339854369059E-13 ) ) ;
#3061 = CARTESIAN_POINT ( 'NONE',  ( 20.00000000000000000, -48.53950082113558295, -7.750075612333779951 ) ) ;
#3062 = EDGE_LOOP ( 'NONE', ( #1018, #2939, #4024, #3454, #495, #1687 ) ) ;
#3063 = DIRECTION ( 'NONE',  ( -1.000000000000000000, 0.000000000000000000, 0.000000000000000000 ) ) ;
#3064 = CARTESIAN_POINT ( 'NONE',  ( 20.00000000000000000, -7.996954735067943076, 0.3341008311379720652 ) ) ;
#3065 = CARTESIAN_POINT ( 'NONE',  ( 13.00000000000000000, -6.519747295085047689, -7.750075612333780839 ) ) ;
#3066 = CARTESIAN_POINT ( 'NONE',  ( 5.000000000000000888, 8.500000000000003553, 0.9499999999999999556 ) ) ;
#3067 = CARTESIAN_POINT ( 'NONE',  ( 20.00000000000000000, 7.935626209784349072, 7.946779887102056072 ) ) ;
#3068 = CARTESIAN_POINT ( 'NONE',  ( 0.000000000000000000, -6.839518409773132745, 6.203019186482333858 ) ) ;
#3069 = VECTOR ( 'NONE', #15, 1000.000000000000000 ) ;
#3070 = CARTESIAN_POINT ( 'NONE',  ( 20.00000000000000000, 3.271255876954762609, -7.885017484777410601 ) ) ;
#3071 = CARTESIAN_POINT ( 'NONE',  ( 12.00000000000000000, 7.220955875342910391E-16, -5.500001013604661537 ) ) ;
#3072 = CARTESIAN_POINT ( 'NONE',  ( 20.00000000000000000, 1.167546064766750380, 9.999712963351084838 ) ) ;
#3073 = VERTEX_POINT ( 'NONE', #2918 ) ;
#3074 = DIRECTION ( 'NONE',  ( 0.000000000000000000, -4.565061778886335030E-16, 1.000000000000000000 ) ) ;
#3075 = CARTESIAN_POINT ( 'NONE',  ( 11.00000000000000000, 2.841865705817353760, 5.408720727106946846 ) ) ;
#3076 = DIRECTION ( 'NONE',  ( 0.000000000000000000, 0.000000000000000000, -1.000000000000000000 ) ) ;
#3077 = CARTESIAN_POINT ( 'NONE',  ( 0.000000000000000000, 9.048677220293276591, -6.394575911345750541 ) ) ;
#3078 = FACE_OUTER_BOUND ( 'NONE', #2549, .T. ) ;
#3079 = CARTESIAN_POINT ( 'NONE',  ( 13.00000000000000178, 4.344289922069421550, -5.035011510684050506 ) ) ;
#3080 = CARTESIAN_POINT ( 'NONE',  ( 20.00000000000000000, -7.951688486432296088, -2.333320861749382580 ) ) ;
#3081 = DIRECTION ( 'NONE',  ( 0.000000000000000000, -1.000000000000000000, 3.614007241618349264E-16 ) ) ;
#3082 = ORIENTED_EDGE ( 'NONE', *, *, #2216, .T. ) ;
#3083 = CARTESIAN_POINT ( 'NONE',  ( 5.000000000000000888, -5.818228617127631175, -7.103874531599259079 ) ) ;
#3084 = CARTESIAN_POINT ( 'NONE',  ( 20.00000000000000000, -7.960567960112083341, 2.177562438472021356 ) ) ;
#3085 = EDGE_CURVE ( 'NONE', #976, #1664, #659, .T. ) ;
#3086 = CARTESIAN_POINT ( 'NONE',  ( 20.00000000000000000, 3.382710778154773834E-13, -9.999999999999850786 ) ) ;
#3087 = CARTESIAN_POINT ( 'NONE',  ( 5.000000000000001776, 7.954734997325225265, -2.333320861749365704 ) ) ;
#3088 = CARTESIAN_POINT ( 'NONE',  ( 0.000000000000000000, -0.9500000000000278222, 7.997097744788595364 ) ) ;
#3089 = CARTESIAN_POINT ( 'NONE',  ( 5.000000000000000888, -4.398425283540267294, 7.675014244674405184 ) ) ;
#3090 = CARTESIAN_POINT ( 'NONE',  ( 11.00000000000000000, -1.669507142569573999, 7.986120789017077115 ) ) ;
#3091 = CARTESIAN_POINT ( 'NONE',  ( 5.000000000000000888, -0.9500000000001150857, -7.997106055648366407 ) ) ;
#3092 = CARTESIAN_POINT ( 'NONE',  ( 0.000000000000000000, 4.263402913510598857, 9.744407353999122279 ) ) ;
#3093 = AXIS2_PLACEMENT_3D ( 'NONE', #2071, #2314, #2687 ) ;
#3094 = EDGE_CURVE ( 'NONE', #3231, #2318, #3203, .T. ) ;
#3095 = ORIENTED_EDGE ( 'NONE', *, *, #2132, .T. ) ;
#3096 = EDGE_CURVE ( 'NONE', #3560, #1204, #720, .T. ) ;
#3097 = CARTESIAN_POINT ( 'NONE',  ( 20.00000000000000000, -0.6969914058154288439, 8.000532588362304409 ) ) ;
#3098 = CARTESIAN_POINT ( 'NONE',  ( 12.99999999999999467, 5.407386844007898041, 2.853186705097733089 ) ) ;
#3099 = DIRECTION ( 'NONE',  ( 1.000000000000000000, 0.000000000000000000, 0.000000000000000000 ) ) ;
#3100 = CARTESIAN_POINT ( 'NONE',  ( 5.000000000000000000, 7.624384212064461153, -4.518215179557856231 ) ) ;
#3101 = VECTOR ( 'NONE', #1958, 1000.000000000000000 ) ;
#3102 = CARTESIAN_POINT ( 'NONE',  ( 10.99999999999999822, 7.996394473637209899, 1.008315600511513255 ) ) ;
#3103 = DIRECTION ( 'NONE',  ( 1.000000000000000000, -0.000000000000000000, -0.000000000000000000 ) ) ;
#3104 = CARTESIAN_POINT ( 'NONE',  ( 20.00000000000000000, -7.991293894040955692, -1.198537620874698062 ) ) ;
#3105 = PLANE ( 'NONE',  #1418 ) ;
#3106 = ORIENTED_EDGE ( 'NONE', *, *, #3599, .F. ) ;
#3107 = ADVANCED_FACE ( 'NONE', ( #1350 ), #1638, .F. ) ;
#3108 = CARTESIAN_POINT ( 'NONE',  ( 13.42074368738218837, -0.9500000000000242695, 7.000000000000001776 ) ) ;
#3109 = CARTESIAN_POINT ( 'NONE',  ( 13.00000000000000178, -7.803723475457496228, 3.693151717295410918 ) ) ;
#3110 = CARTESIAN_POINT ( 'NONE',  ( -3.469446951953614189E-15, -7.951688486432296088, -2.333320861749382580 ) ) ;
#3111 = CARTESIAN_POINT ( 'NONE',  ( 5.000000000000001776, 7.991542015890479078, -1.370157565731053184 ) ) ;
#3112 = CARTESIAN_POINT ( 'NONE',  ( 0.000000000000000000, -5.818228617127482849, 7.103874531599563724 ) ) ;
#3113 =( GEOMETRIC_REPRESENTATION_CONTEXT ( 3 ) GLOBAL_UNCERTAINTY_ASSIGNED_CONTEXT ( ( #2332 ) ) GLOBAL_UNIT_ASSIGNED_CONTEXT ( ( #1002, #3466, #3449 ) ) REPRESENTATION_CONTEXT ( 'NONE', 'WORKASPACE' ) );
#3114 = CARTESIAN_POINT ( 'NONE',  ( 12.99999999999999467, 4.819412612276794405, 4.692107393183630570 ) ) ;
#3115 = LINE ( 'NONE', #3591, #3464 ) ;
#3116 = ADVANCED_FACE ( 'NONE', ( #1011 ), #1284, .T. ) ;
#3117 = CARTESIAN_POINT ( 'NONE',  ( 6.500000000000000888, -54.99999999999965894, 7.750075612333781727 ) ) ;
#3118 = ORIENTED_EDGE ( 'NONE', *, *, #383, .T. ) ;
#3119 = CARTESIAN_POINT ( 'NONE',  ( 20.00000000000000000, -5.818228617127482849, 7.103874531599563724 ) ) ;
#3120 = CARTESIAN_POINT ( 'NONE',  ( 6.500000000000000888, 7.996971776485941596, 0.9500000000000000666 ) ) ;
#3121 = CARTESIAN_POINT ( 'NONE',  ( 0.000000000000000000, 2.203757848894352556, -9.983457728215773486 ) ) ;
#3122 = CARTESIAN_POINT ( 'NONE',  ( 11.00000000000000000, 7.000000000000005329, 0.9500000000000003997 ) ) ;
#3123 = CARTESIAN_POINT ( 'NONE',  ( 13.00000000000000178, 7.977894848674115025, 1.862506083702145210 ) ) ;
#3124 = CARTESIAN_POINT ( 'NONE',  ( 0.000000000000000000, -4.398425283540144726, -7.675014244674209785 ) ) ;
#3125 = LINE ( 'NONE', #3061, #3136 ) ;
#3126 = VERTEX_POINT ( 'NONE', #2274 ) ;
#3127 = CARTESIAN_POINT ( 'NONE',  ( 5.000000000000000888, -1.669507142568905200, -7.986120789016871946 ) ) ;
#3128 =( GEOMETRIC_REPRESENTATION_CONTEXT ( 3 ) GLOBAL_UNCERTAINTY_ASSIGNED_CONTEXT ( ( #873 ) ) GLOBAL_UNIT_ASSIGNED_CONTEXT ( ( #3753, #1600, #1288 ) ) REPRESENTATION_CONTEXT ( 'NONE', 'WORKASPACE' ) );
#3129 = CARTESIAN_POINT ( 'NONE',  ( 20.00000000000000000, -7.996953489107080593, 0.1658497824139630872 ) ) ;
#3130 = CARTESIAN_POINT ( 'NONE',  ( 20.00000000000000000, 9.048677220293276591, -6.394575911345750541 ) ) ;
#3131 = CARTESIAN_POINT ( 'NONE',  ( 5.000000000000001776, 3.271255876954762609, -7.885017484777410601 ) ) ;
#3132 = CARTESIAN_POINT ( 'NONE',  ( 20.00000000000000000, 7.256833203547834898, 8.528140683638138597 ) ) ;
#3133 = CARTESIAN_POINT ( 'NONE',  ( 6.500000000000000888, -3.268209366061708199, 7.885017484777665508 ) ) ;
#3134 = CARTESIAN_POINT ( 'NONE',  ( 20.00000000000000000, -7.991293894040955692, -1.198537620874698062 ) ) ;
#3135 = ORIENTED_EDGE ( 'NONE', *, *, #1575, .F. ) ;
#3136 = VECTOR ( 'NONE', #272, 1000.000000000000000 ) ;
#3137 = CARTESIAN_POINT ( 'NONE',  ( 11.00000000000000000, 0.9499999999999479972, -7.997126583136481948 ) ) ;
#3138 = B_SPLINE_CURVE_WITH_KNOTS ( 'NONE', 3,
 ( #2459, #2770, #3674, #1798, #2395, #2108, #3653, #3055, #572, #3941, #3631, #2088, #3341, #3032, #2727, #3985, #4047, #2791, #1529, #1217, #2480, #265, #1905, #1301, #1888 ),
 .UNSPECIFIED., .F., .F.,
 ( 4, 1, 1, 2, 2, 1, 1, 1, 2, 2, 1, 1, 1, 1, 2, 2, 4 ),
 ( 0.05618152462235675298, 0.05938270077799111951, 0.06098328885580828196, 0.06178358289471685971, 0.06258387693362543747, 0.06898622924489415664, 0.08179093386743160887, 0.1074003431125065411, 0.1202050477350440072, 0.1266074000463126847, 0.1330097523575813623, 0.1586191616026561280, 0.2098379800928057148, 0.2354473893378805083, 0.2482520939604178634, 0.2546544462716864854, 0.2610567985829551074 ),
 .UNSPECIFIED. ) ;
#3139 = CARTESIAN_POINT ( 'NONE',  ( 0.000000000000000000, 10.00000000000001421, -0.2474538092382009835 ) ) ;
#3140 = DIRECTION ( 'NONE',  ( 0.000000000000000000, -1.000000000000000000, -3.614007241618350743E-15 ) ) ;
#3141 = CARTESIAN_POINT ( 'NONE',  ( 2.000000000000001776, -7.803723475457480241, -3.693151717295236391 ) ) ;
#3142 = DIRECTION ( 'NONE',  ( 0.000000000000000000, 1.000000000000000000, -3.971603747630718475E-14 ) ) ;
#3143 = CARTESIAN_POINT ( 'NONE',  ( 6.500000000000001776, 4.919808755959492075, 7.521274650041060106 ) ) ;
#3144 = EDGE_LOOP ( 'NONE', ( #1703, #430, #1225, #3095 ) ) ;
#3145 = CARTESIAN_POINT ( 'NONE',  ( 0.000000000000000000, 9.444615931807804898, 5.422764466181620335 ) ) ;
#3146 = CARTESIAN_POINT ( 'NONE',  ( 20.00000000000000000, 7.504433758415617994, 4.899417217456576878 ) ) ;
#3147 = CARTESIAN_POINT ( 'NONE',  ( -3.469446951953614189E-15, -7.656261220913871846, -4.388453230966482543 ) ) ;
#3148 = CARTESIAN_POINT ( 'NONE',  ( 5.000000000000000000, 6.945255748662737538, 6.945581049634569126 ) ) ;
#3149 = CARTESIAN_POINT ( 'NONE',  ( 6.500000000000000888, -3.884840231505787500, -7.770442492788453670 ) ) ;
#3150 = ADVANCED_FACE ( 'NONE', ( #2899, #3789 ), #3826, .F. ) ;
#3151 = CARTESIAN_POINT ( 'NONE',  ( 13.00000000000000178, -7.621337701171527534, -4.518215179557873107 ) ) ;
#3152 = ORIENTED_EDGE ( 'NONE', *, *, #1580, .T. ) ;
#3153 = CARTESIAN_POINT ( 'NONE',  ( 10.99999999999999822, 1.724690450774327921, -7.982338204632946521 ) ) ;
#3154 = CARTESIAN_POINT ( 'NONE',  ( 16.50000000000000000, -3.986703887527495382, -7.750075612333796826 ) ) ;
#3155 = CARTESIAN_POINT ( 'NONE',  ( 6.500000000000000888, 7.994340404933882205, -1.198537620874680965 ) ) ;
#3156 = LINE ( 'NONE', #2539, #445 ) ;
#3157 = CARTESIAN_POINT ( 'NONE',  ( 0.000000000000000000, -7.721164452782224075, -4.116547995451790065 ) ) ;
#3158 = CARTESIAN_POINT ( 'NONE',  ( 11.00000000000000000, 2.660112973922829749, 7.942065616298227937 ) ) ;
#3159 = ORIENTED_EDGE ( 'NONE', *, *, #1700, .F. ) ;
#3160 = EDGE_LOOP ( 'NONE', ( #434, #3, #122, #3624 ) ) ;
#3161 = EDGE_CURVE ( 'NONE', #2338, #1591, #1927, .T. ) ;
#3162 = CARTESIAN_POINT ( 'NONE',  ( 20.00000000000000000, 7.983313762654070445, 1.702190156616706807 ) ) ;
#3163 = CARTESIAN_POINT ( 'NONE',  ( 20.00000000000000000, 4.901036284322639602, -9.597547811488542635 ) ) ;
#3164 = CARTESIAN_POINT ( 'NONE',  ( -8.673617379884035472E-16, 5.821275128020570122, -7.103874531599246644 ) ) ;
#3165 = CARTESIAN_POINT ( 'NONE',  ( 13.42074368738218837, -0.9500000000001148637, -6.999999999999920064 ) ) ;
#3166 = ORIENTED_EDGE ( 'NONE', *, *, #1950, .F. ) ;
#3167 = CARTESIAN_POINT ( 'NONE',  ( 0.000000000000000000, 7.963614471005002748, 2.177562438472038231 ) ) ;
#3168 = EDGE_CURVE ( 'NONE', #660, #164, #2295, .T. ) ;
#3169 = CARTESIAN_POINT ( 'NONE',  ( 13.00000000000000178, -7.885378254366919748, -3.110230222913257681 ) ) ;
#3170 = EDGE_CURVE ( 'NONE', #1566, #1584, #951, .T. ) ;
#3171 = ORIENTED_EDGE ( 'NONE', *, *, #1269, .F. ) ;
#3172 = B_SPLINE_SURFACE_WITH_KNOTS ( 'NONE', 3, 1, ( 
 ( #2255, #1264 ),
 ( #680, #1946 ),
 ( #2530, #3202 ),
 ( #3788, #1093 ),
 ( #2606, #120 ),
 ( #2336, #760 ),
 ( #3554, #1053 ),
 ( #448, #1388 ),
 ( #2316, #428 ),
 ( #2689, #2356 ),
 ( #1696, #1718 ),
 ( #1073, #3614 ),
 ( #2977, #3908 ),
 ( #1658, #2917 ),
 ( #1032, #3863 ),
 ( #784, #1409 ),
 ( #3574, #78 ),
 ( #2997, #1986 ),
 ( #1349, #3594 ),
 ( #2048, #738 ),
 ( #2007, #408 ),
 ( #3947, #2294 ),
 ( #2956, #3266 ),
 ( #2646, #2936 ),
 ( #3306, #1738 ),
 ( #161, #387 ),
 ( #2029, #2668 ),
 ( #719, #1675 ),
 ( #139, #3927 ),
 ( #472, #3285 ),
 ( #1430, #2381 ),
 ( #1114, #3245 ),
 ( #98, #3637 ),
 ( #1965, #1369 ),
 ( #3224, #2627 ),
 ( #3884, #3060 ) ),
 .UNSPECIFIED., .F., .F., .F.,
 ( 4, 2, 2, 2, 2, 2, 2, 2, 2, 2, 2, 2, 2, 2, 2, 2, 2, 4 ),
 ( 2, 2 ),
 ( 0.000000000000000000, 0.1250000000000000278, 0.2500000000000000555, 0.3750000000000001110, 0.5000000000000001110, 0.6250000000000001110, 0.6562500000000001110, 0.6875000000000001110, 0.7187500000000001110, 0.7500000000000002220, 0.7812500000000002220, 0.8125000000000002220, 0.8437500000000002220, 0.8750000000000002220, 0.9062500000000002220, 0.9375000000000002220, 0.9687500000000001110, 1.000000000000000000 ),
 ( 0.000000000000000000, 1.000000000000000000 ),
 .UNSPECIFIED. ) ;
#3173 = CARTESIAN_POINT ( 'NONE',  ( 11.00000000000000000, 7.784907609603960665, -3.809972917033822792 ) ) ;
#3174 = CARTESIAN_POINT ( 'NONE',  ( 20.00000000000000000, 7.829744211270971199, -3.551969690029601168 ) ) ;
#3175 = CARTESIAN_POINT ( 'NONE',  ( 6.500000000000000888, 7.991542015890479078, -1.370157565731053184 ) ) ;
#3176 = CARTESIAN_POINT ( 'NONE',  ( 2.000000000000001776, -7.993440992221199970, -1.000006010922172006 ) ) ;
#3177 = CARTESIAN_POINT ( 'NONE',  ( 0.000000000000000000, -7.101159965809542562, -5.820499722137316034 ) ) ;
#3178 = CARTESIAN_POINT ( 'NONE',  ( 6.500000000000001776, 5.821275128020391598, 7.103874531599575270 ) ) ;
#3179 = ORIENTED_EDGE ( 'NONE', *, *, #2664, .F. ) ;
#3180 = ORIENTED_EDGE ( 'NONE', *, *, #1679, .F. ) ;
#3181 = CARTESIAN_POINT ( 'NONE',  ( 20.00000000000000000, 7.932685630013924794, 2.645739012952767588 ) ) ;
#3182 = CARTESIAN_POINT ( 'NONE',  ( 5.000000000000000888, -3.884840231506132557, 7.770442492788611766 ) ) ;
#3183 = CARTESIAN_POINT ( 'NONE',  ( 5.000000000000000000, 3.961258559890605824, 8.324856479216643734 ) ) ;
#3184 = DIRECTION ( 'NONE',  ( 0.000000000000000000, 1.000000000000000000, 0.000000000000000000 ) ) ;
#3185 = VERTEX_POINT ( 'NONE', #1908 ) ;
#3186 = CARTESIAN_POINT ( 'NONE',  ( 20.00000000000000000, 7.999048912134683498, 0.6768666228593294143 ) ) ;
#3187 = CARTESIAN_POINT ( 'NONE',  ( 11.00000000000000000, 0.9499999999999722000, 7.997127255426169867 ) ) ;
#3188 = SHAPE_DEFINITION_REPRESENTATION ( #1363, #439 ) ;
#3189 = CARTESIAN_POINT ( 'NONE',  ( 20.00000000000000000, -7.501387247522696811, -4.899417217456346840 ) ) ;
#3190 = ORIENTED_EDGE ( 'NONE', *, *, #1761, .T. ) ;
#3191 = LINE ( 'NONE', #1623, #2672 ) ;
#3192 = CARTESIAN_POINT ( 'NONE',  ( 20.00000000000000000, 8.000000000000014211, -0.1658497824139879007 ) ) ;
#3193 = VECTOR ( 'NONE', #4094, 1000.000000000000000 ) ;
#3194 = CARTESIAN_POINT ( 'NONE',  ( 6.500000000000000888, 7.724210963675156805, -4.116547995451774078 ) ) ;
#3195 = LINE ( 'NONE', #358, #3101 ) ;
#3196 = FACE_OUTER_BOUND ( 'NONE', #389, .T. ) ;
#3197 = CARTESIAN_POINT ( 'NONE',  ( 11.00000000000000000, 7.413306281486634397, 5.141652362973592183 ) ) ;
#3198 = ORIENTED_EDGE ( 'NONE', *, *, #1981, .T. ) ;
#3199 = CARTESIAN_POINT ( 'NONE',  ( 11.00000000000000000, 2.041997018946008158, -5.472561165222932011 ) ) ;
#3200 = CARTESIAN_POINT ( 'NONE',  ( 0.000000000000000000, -7.993915606461103884, 0.9500000000001985745 ) ) ;
#3201 = LINE ( 'NONE', #364, #3943 ) ;
#3202 = CARTESIAN_POINT ( 'NONE',  ( 20.00000000000000000, 1.376401242066048969, -7.999332193501475174 ) ) ;
#3203 = LINE ( 'NONE', #348, #2538 ) ;
#3204 = ORIENTED_EDGE ( 'NONE', *, *, #2868, .T. ) ;
#3205 = CARTESIAN_POINT ( 'NONE',  ( 11.00000000000000000, -3.986703887528565637, 7.750075612333797714 ) ) ;
#3206 = CARTESIAN_POINT ( 'NONE',  ( 0.000000000000000000, 2.660112973922829749, 7.942065616298227937 ) ) ;
#3207 = CARTESIAN_POINT ( 'NONE',  ( 13.00000000000000178, -7.803723475457480241, -3.693151717295236391 ) ) ;
#3208 = ORIENTED_EDGE ( 'NONE', *, *, #515, .T. ) ;
#3209 = CARTESIAN_POINT ( 'NONE',  ( 11.00000000000000178, -1.887719819306772573, 7.976082752571606704 ) ) ;
#3210 = CARTESIAN_POINT ( 'NONE',  ( 2.000000000000001776, -7.980267251761149261, 1.702190156616689709 ) ) ;
#3211 = LINE ( 'NONE', #3502, #1460 ) ;
#3212 = EDGE_CURVE ( 'NONE', #2338, #3227, #2879, .T. ) ;
#3213 = VECTOR ( 'NONE', #1302, 1000.000000000000000 ) ;
#3214 = CARTESIAN_POINT ( 'NONE',  ( 6.500000000000000888, 7.504433758415631317, -4.899417217456330853 ) ) ;
#3215 = CARTESIAN_POINT ( 'NONE',  ( 5.000000000000000000, 8.325115491524963218, -3.958251284449962881 ) ) ;
#3216 = CARTESIAN_POINT ( 'NONE',  ( 11.00000000000000000, 7.954734997325225265, -2.333320861749365704 ) ) ;
#3217 = CARTESIAN_POINT ( 'NONE',  ( 11.00000000000000000, 7.983313762654070445, 1.702190156616706807 ) ) ;
#3218 = PRODUCT_DEFINITION ( 'æœ', '', #1874, #2860 ) ;
#3219 = VECTOR ( 'NONE', #880, 1000.000000000000000 ) ;
#3220 = CARTESIAN_POINT ( 'NONE',  ( 5.000000000000000888, 0.000000000000000000, -6.999999999999958256 ) ) ;
#3221 = CARTESIAN_POINT ( 'NONE',  ( 20.00000000000000000, 7.546993110261257520, 4.773512810947254437 ) ) ;
#3222 = CARTESIAN_POINT ( 'NONE',  ( 5.000000000000000000, 8.500000000000035527, -0.6810074227074073283 ) ) ;
#3223 = EDGE_CURVE ( 'NONE', #2658, #1913, #3328, .T. ) ;
#3224 = CARTESIAN_POINT ( 'NONE',  ( 13.00000000000000178, 8.000000000000014211, -0.1658497824139879007 ) ) ;
#3225 = CARTESIAN_POINT ( 'NONE',  ( 13.42074368738218837, -0.9500000000000270450, 7.750075612333781727 ) ) ;
#3226 = ORIENTED_EDGE ( 'NONE', *, *, #3475, .T. ) ;
#3227 = VERTEX_POINT ( 'NONE', #2357 ) ;
#3228 = LINE ( 'NONE', #1599, #2372 ) ;
#3229 = CARTESIAN_POINT ( 'NONE',  ( 20.00000000000000000, -1.373354731173107801, -7.999332193501478727 ) ) ;
#3230 = B_SPLINE_CURVE_WITH_KNOTS ( 'NONE', 3,
 ( #943, #3780, #52, #2208, #2818, #981, #3762 ),
 .UNSPECIFIED., .F., .F.,
 ( 4, 1, 1, 1, 4 ),
 ( 0.6432369026357473984, 0.6460338952325503925, 0.7640439164002845729, 0.8820539375680188643, 1.000063958735753156 ),
 .UNSPECIFIED. ) ;
#3231 = VERTEX_POINT ( 'NONE', #162 ) ;
#3232 = CARTESIAN_POINT ( 'NONE',  ( 11.00000000000000000, -1.179715509013635755, 7.994413904214714428 ) ) ;
#3233 = EDGE_CURVE ( 'NONE', #2444, #1644, #3307, .T. ) ;
#3234 = CARTESIAN_POINT ( 'NONE',  ( 2.000000000000001776, -7.621337701171542633, 4.518215179558059624 ) ) ;
#3235 = CARTESIAN_POINT ( 'NONE',  ( 18.00000000000000355, -7.995047824244162271, -0.8514301556692025486 ) ) ;
#3236 = VECTOR ( 'NONE', #1338, 1000.000000000000000 ) ;
#3237 = CARTESIAN_POINT ( 'NONE',  ( 6.500000000000000888, 5.821275128020570122, -7.103874531599246644 ) ) ;
#3238 = LINE ( 'NONE', #3898, #259 ) ;
#3239 = B_SPLINE_SURFACE_WITH_KNOTS ( 'NONE', 3, 1, ( 
 ( #1654, #4042 ),
 ( #300, #2913 ),
 ( #3860, #3424 ),
 ( #1564, #1346 ),
 ( #1029, #1833 ),
 ( #3090, #258 ),
 ( #1522, #2786 ),
 ( #587, #1854 ) ),
 .UNSPECIFIED., .F., .F., .F.,
 ( 4, 2, 2, 4 ),
 ( 2, 2 ),
 ( 0.7386033042623817435, 0.7499999999999996669, 0.8749999999999998890, 0.9423249776318308735 ),
 ( 0.000000000000000000, 1.000000000000000000 ),
 .UNSPECIFIED. ) ;
#3240 = CARTESIAN_POINT ( 'NONE',  ( 6.500000000000002665, 6.203022691290034807, -6.842559245454685524 ) ) ;
#3241 = CARTESIAN_POINT ( 'NONE',  ( 6.500000000000000888, 2.660112973922829749, 7.942065616298227937 ) ) ;
#3242 = CARTESIAN_POINT ( 'NONE',  ( 5.000000000000000000, 7.870589382685932556, 3.260513804451152353 ) ) ;
#3243 = CARTESIAN_POINT ( 'NONE',  ( 11.00000000000000000, 1.058791184067875424E-19, 5.500001013597577426 ) ) ;
#3244 = CARTESIAN_POINT ( 'NONE',  ( 6.500000000000000888, 8.498942797976841490, -2.079162928629852747 ) ) ;
#3245 = CARTESIAN_POINT ( 'NONE',  ( 20.00000000000000000, 7.998094335137088784, -0.8514301556691856732 ) ) ;
#3246 = CARTESIAN_POINT ( 'NONE',  ( 18.00000000000000355, -4.492380575510202867, 7.646523405708541610 ) ) ;
#3247 = EDGE_LOOP ( 'NONE', ( #866, #1730, #2648, #456 ) ) ;
#3248 = ORIENTED_EDGE ( 'NONE', *, *, #1863, .T. ) ;
#3249 = CARTESIAN_POINT ( 'NONE',  ( 0.000000000000000000, 7.504433758415617994, 4.899417217456576878 ) ) ;
#3250 = CARTESIAN_POINT ( 'NONE',  ( 0.000000000000000000, -7.951688486432296088, 2.333320861749602404 ) ) ;
#3251 = ORIENTED_EDGE ( 'NONE', *, *, #468, .F. ) ;
#3252 = CARTESIAN_POINT ( 'NONE',  ( 0.000000000000000000, 1.314854083768200121, 7.993626276589695934 ) ) ;
#3253 = CARTESIAN_POINT ( 'NONE',  ( 2.000000000000001776, -7.916449367694573525, 2.802433418976852497 ) ) ;
#3254 = CARTESIAN_POINT ( 'NONE',  ( 18.00000000000000355, -7.996953489107089474, -0.1658497824140048038 ) ) ;
#3255 = VERTEX_POINT ( 'NONE', #3659 ) ;
#3256 = B_SPLINE_CURVE_WITH_KNOTS ( 'NONE', 3,
 ( #507, #1777, #3033, #4007, #2417, #3675, #2109, #3364, #529, #1799, #3056, #221, #2206, #4083, #3794, #337, #1955, #1236, #648, #978, #1914, #3173, #2243, #2553, #1253, #4, #2865, #1877, #1271, #2223, #2519, #956, #923, #2536, #3522, #1604, #3776, #1292, #47, #3483, #938, #3835, #3501, #1896, #4066, #355, #2264, #23, #3462, #690, #3153, #630, #3811, #319, #1314, #285, #670, #1935, #2831, #3137 ),
 .UNSPECIFIED., .F., .F.,
 ( 4, 1, 2, 2, 1, 1, 1, 1, 2, 2, 1, 1, 1, 1, 1, 2, 2, 1, 2, 2, 2, 2, 2, 1, 2, 2, 1, 1, 1, 1, 1, 2, 2, 1, 1, 1, 1, 2, 2, 1, 4 ),
 ( 0.05609936234418312628, 0.05956790124631591160, 0.06130217069738230773, 0.06303644014844869692, 0.06997351795271428143, 0.08384767356124542270, 0.1115959847783077052, 0.1185330625825732342, 0.1220016014847060265, 0.1254701403868388465, 0.1393442959953699045, 0.1670926072124320205, 0.2225892296465562525, 0.2364633852550873661, 0.2434004630593529228, 0.2468690019614856457, 0.2503375408636184241, 0.2780858520806800960, 0.3335824745148032178, 0.3890790969489262285, 0.5000723418171721946, 0.6110655866854182161, 0.6665622091195412269, 0.7220588315536641266, 0.7498071427707257985, 0.7532756816728585214, 0.7567442205749911333, 0.7636812983792565790, 0.7775554539877875815, 0.8330520764219110363, 0.8608003876389729303, 0.8746745432475038218, 0.8781430821496364336, 0.8816116210517691565, 0.8885486988560346022, 0.9162970100730962741, 0.9301711656816270546, 0.9371082434858925003, 0.9388425129369588618, 0.9405767823880252232, 0.9440453212901579461 ),
 .UNSPECIFIED. ) ;
#3257 = DIRECTION ( 'NONE',  ( -0.000000000000000000, 1.000000000000000000, -0.000000000000000000 ) ) ;
#3258 = EDGE_CURVE ( 'NONE', #1566, #1826, #2074, .T. ) ;
#3259 = CARTESIAN_POINT ( 'NONE',  ( 4.999999999999999112, 7.831728099316932479, 5.645322682028865557 ) ) ;
#3260 = CARTESIAN_POINT ( 'NONE',  ( 6.500000000000002665, 7.870589382685947655, -3.260513804450900111 ) ) ;
#3261 = CARTESIAN_POINT ( 'NONE',  ( 20.00000000000000000, 2.203757848894352556, -9.983457728215773486 ) ) ;
#3262 = VECTOR ( 'NONE', #1033, 1000.000000000000000 ) ;
#3263 = CARTESIAN_POINT ( 'NONE',  ( 5.000000000000000000, 7.888424765259834714, 3.110230222913495712 ) ) ;
#3264 = CARTESIAN_POINT ( 'NONE',  ( 13.00000000000000178, 6.203022691289977963, 6.842559245454959971 ) ) ;
#3265 = FACE_OUTER_BOUND ( 'NONE', #3800, .T. ) ;
#3266 = CARTESIAN_POINT ( 'NONE',  ( 20.00000000000000000, 7.888424765259851590, -3.110230222913241249 ) ) ;
#3267 = CARTESIAN_POINT ( 'NONE',  ( -11.62601793176951404, 0.001523255446470592970, -8.000000580076788381 ) ) ;
#3268 = VERTEX_POINT ( 'NONE', #3972 ) ;
#3269 = CARTESIAN_POINT ( 'NONE',  ( 13.00000000000000178, 0.001523255446453698064, 8.000000580077024637 ) ) ;
#3270 = CARTESIAN_POINT ( 'NONE',  ( 13.42074368738218837, -0.9500000000001153078, -8.499999999999920064 ) ) ;
#3271 = DIRECTION ( 'NONE',  ( 0.000000000000000000, 1.261617073437677999E-16, -1.000000000000000000 ) ) ;
#3272 = ORIENTED_EDGE ( 'NONE', *, *, #1932, .F. ) ;
#3273 = CARTESIAN_POINT ( 'NONE',  ( 13.42074368738218837, 0.9499999999998847144, -8.499999999999920064 ) ) ;
#3274 = B_SPLINE_SURFACE_WITH_KNOTS ( 'NONE', 3, 1, ( 
 ( #2199, #2759 ),
 ( #4014, #1827 ),
 ( #3127, #2779 ),
 ( #912, #2801 ),
 ( #1181, #2446 ),
 ( #3416, #1558 ),
 ( #293, #4056 ),
 ( #3083, #250 ),
 ( #3455, #3705 ),
 ( #1515, #4036 ),
 ( #2157, #1205 ),
 ( #2467, #580 ),
 ( #603, #2178 ),
 ( #1847, #2822 ),
 ( #1574, #2838 ),
 ( #1577, #1518 ),
 ( #2201, #3147 ),
 ( #2804, #313 ),
 ( #2529, #2840 ),
 ( #3726, #563 ),
 ( #3419, #3747 ),
 ( #1263, #3396 ),
 ( #582, #1560 ),
 ( #4092, #2180 ),
 ( #1850, #891 ),
 ( #2781, #3110 ),
 ( #276, #13 ),
 ( #3787, #2469 ),
 ( #1829, #3802 ),
 ( #967, #2855 ),
 ( #1539, #4058 ),
 ( #1281, #2545 ),
 ( #949, #329 ),
 ( #2160, #295 ) ),
 .UNSPECIFIED., .F., .F., .F.,
 ( 4, 2, 2, 2, 2, 2, 2, 2, 2, 2, 2, 2, 2, 2, 2, 2, 4 ),
 ( 2, 2 ),
 ( 0.05767502236803507404, 0.1250000000000000278, 0.2500000000000000555, 0.3750000000000001110, 0.5000000000000001110, 0.6250000000000001110, 0.6562500000000001110, 0.6875000000000001110, 0.7187500000000001110, 0.7500000000000002220, 0.7812500000000002220, 0.8125000000000002220, 0.8437500000000002220, 0.8750000000000002220, 0.9062500000000002220, 0.9375000000000002220, 0.9419975043490839139 ),
 ( 0.000000000000000000, 1.000000000000000000 ),
 .UNSPECIFIED. ) ;
#3275 = CARTESIAN_POINT ( 'NONE',  ( 2.000000000000002220, -3.986703930149749997, 7.750075612333781727 ) ) ;
#3276 = CARTESIAN_POINT ( 'NONE',  ( 18.00000000000000355, -7.929639119121001833, -2.645739012952605052 ) ) ;
#3277 = ORIENTED_EDGE ( 'NONE', *, *, #2914, .F. ) ;
#3278 = CARTESIAN_POINT ( 'NONE',  ( 13.00000000000000000, 5.500000000000003553, -2.888314587501383812E-13 ) ) ;
#3279 = CARTESIAN_POINT ( 'NONE',  ( 6.500000000000000888, 7.831728099316984881, -5.645322682028509398 ) ) ;
#3280 = CARTESIAN_POINT ( 'NONE',  ( 6.500000000000002665, 1.671588706517518563, -7.986163835448020443 ) ) ;
#3281 = CARTESIAN_POINT ( 'NONE',  ( -6.938893903907228378E-15, 7.256833203547858879, -8.528140683637893460 ) ) ;
#3282 = CARTESIAN_POINT ( 'NONE',  ( 5.000000000000000888, 1.314854083766729964, 7.993626276589728796 ) ) ;
#3283 = LINE ( 'NONE', #2934, #48 ) ;
#3284 = FACE_OUTER_BOUND ( 'NONE', #772, .T. ) ;
#3285 = CARTESIAN_POINT ( 'NONE',  ( 20.00000000000000000, 7.991542015890479078, -1.370157565731053184 ) ) ;
#3286 = CARTESIAN_POINT ( 'NONE',  ( 6.500000000000000888, 1.026574285919058110E-13, 8.499999564942370966 ) ) ;
#3287 = ORIENTED_EDGE ( 'NONE', *, *, #3515, .T. ) ;
#3288 = CARTESIAN_POINT ( 'NONE',  ( 13.00000000000000178, 7.870589382685932556, 3.260513804451152353 ) ) ;
#3289 = CARTESIAN_POINT ( 'NONE',  ( 13.00000000000000000, 0.000000000000000000, 7.750075612333781727 ) ) ;
#3290 = AXIS2_PLACEMENT_3D ( 'NONE', #2096, #4015, #3043 ) ;
#3291 = CARTESIAN_POINT ( 'NONE',  ( 13.00000000000000178, 0.001523255446470592970, -8.000000580076788381 ) ) ;
#3292 = ORIENTED_EDGE ( 'NONE', *, *, #666, .T. ) ;
#3293 = CARTESIAN_POINT ( 'NONE',  ( 11.00000000000000000, 7.996962117353907828, -0.9500000000000001776 ) ) ;
#3294 = ADVANCED_FACE ( 'NONE', ( #2937, #2008 ), #761, .T. ) ;
#3295 = CARTESIAN_POINT ( 'NONE',  ( 11.00000000000000000, 2.034001485617850324, 5.472861874654304515 ) ) ;
#3296 = CARTESIAN_POINT ( 'NONE',  ( 5.000000000000000000, 1.026574285919058110E-13, 8.499999564942370966 ) ) ;
#3297 = ORIENTED_EDGE ( 'NONE', *, *, #1251, .F. ) ;
#3298 = CARTESIAN_POINT ( 'NONE',  ( 13.00000000000000178, 4.907137263765679158, -4.599116112039892457 ) ) ;
#3299 = CARTESIAN_POINT ( 'NONE',  ( 6.500000000000000888, 8.500000000000021316, 0.6810074227074479625 ) ) ;
#3300 = CARTESIAN_POINT ( 'NONE',  ( 6.500000000000002665, 7.977894848674130124, -1.862506083701936932 ) ) ;
#3301 = CARTESIAN_POINT ( 'NONE',  ( -6.938893903907228378E-15, 5.404655749103321583, -9.450800041127243034 ) ) ;
#3302 = AXIS2_PLACEMENT_3D ( 'NONE', #3273, #689, #1040 ) ;
#3303 = CARTESIAN_POINT ( 'NONE',  ( 10.99999999999999645, 1.021899707331894946, 7.996390918081627497 ) ) ;
#3304 = CARTESIAN_POINT ( 'NONE',  ( 13.42074368738218837, -0.9500000000001153078, -8.499999999999920064 ) ) ;
#3305 = LINE ( 'NONE', #2996, #1244 ) ;
#3306 = CARTESIAN_POINT ( 'NONE',  ( 13.00000000000000178, 7.932685630013931899, -2.645739012952588176 ) ) ;
#3307 = LINE ( 'NONE', #1450, #1484 ) ;
#3308 = ORIENTED_EDGE ( 'NONE', *, *, #2532, .T. ) ;
#3309 = CARTESIAN_POINT ( 'NONE',  ( 20.00000000000000000, 3.271255876954616060, 7.885017484777672614 ) ) ;
#3310 = CARTESIAN_POINT ( 'NONE',  ( 11.00000000000000000, 5.221541760204545746, -3.838501389505185823 ) ) ;
#3311 = CARTESIAN_POINT ( 'NONE',  ( 13.00000000000000178, 7.413306281486648608, -5.141652362973346158 ) ) ;
#3312 = CARTESIAN_POINT ( 'NONE',  ( 0.000000000000000000, -7.993440992221191976, 1.000006010922365851 ) ) ;
#3313 = EDGE_CURVE ( 'NONE', #2031, #80, #121, .T. ) ;
#3314 = ORIENTED_EDGE ( 'NONE', *, *, #4035, .T. ) ;
#3315 = CARTESIAN_POINT ( 'NONE',  ( 0.000000000000000000, 7.996738530543178847, 0.9750072393659829917 ) ) ;
#3316 = CARTESIAN_POINT ( 'NONE',  ( 0.000000000000000000, 3.382710778154773834E-13, -9.999999999999850786 ) ) ;
#3317 = CARTESIAN_POINT ( 'NONE',  ( 18.00000000000000355, -7.361714456440171084, -5.257907453389651486 ) ) ;
#3318 = VERTEX_POINT ( 'NONE', #3928 ) ;
#3319 = CARTESIAN_POINT ( 'NONE',  ( 13.00000000000000178, 0.001523255446453698064, 8.000000580077024637 ) ) ;
#3320 = CARTESIAN_POINT ( 'NONE',  ( 20.00000000000000000, -5.818228617127482849, 7.103874531599563724 ) ) ;
#3321 = EDGE_CURVE ( 'NONE', #2177, #4089, #516, .T. ) ;
#3322 = CARTESIAN_POINT ( 'NONE',  ( 11.00000000000000000, 5.156146663284949305, 4.058982713292728306 ) ) ;
#3323 = CARTESIAN_POINT ( 'NONE',  ( 6.500000000000001776, 1.314854083766729964, 7.993626276589728796 ) ) ;
#3324 = CARTESIAN_POINT ( 'NONE',  ( 11.00000000000000000, -6.519747295085047689, -6.522789215968461285 ) ) ;
#3325 = CARTESIAN_POINT ( 'NONE',  ( 5.000000000000000888, -0.9500000000000270450, 7.997106055648604439 ) ) ;
#3326 = CARTESIAN_POINT ( 'NONE',  ( 6.500000000000000888, -54.99999999999965894, -7.750075612333780839 ) ) ;
#3327 = CARTESIAN_POINT ( 'NONE',  ( 20.00000000000000000, -7.974848337781201835, -1.862506083701953807 ) ) ;
#3328 = LINE ( 'NONE', #2401, #560 ) ;
#3329 = ORIENTED_EDGE ( 'NONE', *, *, #684, .T. ) ;
#3330 = CARTESIAN_POINT ( 'NONE',  ( 20.00000000000000000, 7.954734997325215495, 2.333320861749619279 ) ) ;
#3331 = AXIS2_PLACEMENT_3D ( 'NONE', #3435, #886, #3081 ) ;
#3332 = CARTESIAN_POINT ( 'NONE',  ( 6.500000000000000888, 0.9499999999999757527, 7.000000000000007994 ) ) ;
#3333 = CARTESIAN_POINT ( 'NONE',  ( 11.00000000000000000, -0.9500000000023706148, -7.997106055648345979 ) ) ;
#3334 = CARTESIAN_POINT ( 'NONE',  ( 0.000000000000000000, -7.803723475457496228, 3.693151717295410918 ) ) ;
#3335 = VERTEX_POINT ( 'NONE', #1389 ) ;
#3336 = CARTESIAN_POINT ( 'NONE',  ( 5.000000000000000888, 7.829744211270962317, 3.551969690029802340 ) ) ;
#3337 = CARTESIAN_POINT ( 'NONE',  ( 5.000000000000000000, -5.603660037478966238, -7.755597863029656480 ) ) ;
#3338 = CARTESIAN_POINT ( 'NONE',  ( 20.00000000000000000, 5.897795986540761426, 9.271724392459137931 ) ) ;
#3339 = ORIENTED_EDGE ( 'NONE', *, *, #3400, .T. ) ;
#3340 = CARTESIAN_POINT ( 'NONE',  ( 20.00000000000000000, -7.995047824244156942, 0.8514301556692869255 ) ) ;
#3341 = CARTESIAN_POINT ( 'NONE',  ( 11.00000000000000000, -1.978317487504376970, -7.972333668043296129 ) ) ;
#3342 = LINE ( 'NONE', #1132, #2147 ) ;
#3343 = EDGE_CURVE ( 'NONE', #1055, #1306, #2647, .T. ) ;
#3344 = CARTESIAN_POINT ( 'NONE',  ( 11.00000000000000000, 7.966839825154129251, 2.105739926812659757 ) ) ;
#3345 = LINE ( 'NONE', #3412, #2894 ) ;
#3346 = CARTESIAN_POINT ( 'NONE',  ( 20.00000000000000000, -4.398425283540144726, -7.675014244674209785 ) ) ;
#3347 = PLANE ( 'NONE',  #3402 ) ;
#3348 = EDGE_CURVE ( 'NONE', #721, #3828, #409, .T. ) ;
#3349 = ORIENTED_EDGE ( 'NONE', *, *, #894, .F. ) ;
#3350 = CARTESIAN_POINT ( 'NONE',  ( 13.00000000000000178, 7.104206476702529471, 5.820499722137419063 ) ) ;
#3351 = VECTOR ( 'NONE', #1413, 1000.000000000000000 ) ;
#3352 = CARTESIAN_POINT ( 'NONE',  ( 13.00000000000000178, -7.721164452782213417, 4.116547995452068065 ) ) ;
#3353 = CARTESIAN_POINT ( 'NONE',  ( 0.000000000000000000, 7.954734997325225265, -2.333320861749365704 ) ) ;
#3354 = CARTESIAN_POINT ( 'NONE',  ( 5.000000000000001776, 7.996971776485247929, -0.9500000000753386908 ) ) ;
#3355 = CARTESIAN_POINT ( 'NONE',  ( 20.00000000000000000, 7.999999999999998224, 7.126224442713237591E-14 ) ) ;
#3356 = CARTESIAN_POINT ( 'NONE',  ( 12.99999999999999467, 4.882887968213838192, 4.608772051037313133 ) ) ;
#3357 = ORIENTED_EDGE ( 'NONE', *, *, #1635, .T. ) ;
#3358 = CARTESIAN_POINT ( 'NONE',  ( 5.000000000000000888, 7.624384212064456712, 4.518215179558075612 ) ) ;
#3359 = CARTESIAN_POINT ( 'NONE',  ( 13.42074368738218837, 0.9499999999999705347, 8.500000000000007105 ) ) ;
#3360 = CARTESIAN_POINT ( 'NONE',  ( 20.00000000000000000, 5.404655749103294937, 9.450800041127486395 ) ) ;
#3361 = ORIENTED_EDGE ( 'NONE', *, *, #3525, .F. ) ;
#3362 = DIRECTION ( 'NONE',  ( 0.000000000000000000, 1.000000000000000000, 3.195543245220434225E-15 ) ) ;
#3363 = CARTESIAN_POINT ( 'NONE',  ( 12.99999999999999467, 4.990519674808725270, 4.434164208948621066 ) ) ;
#3364 = CARTESIAN_POINT ( 'NONE',  ( 11.00000000000000000, 7.994090281254407238, -1.201195028735507098 ) ) ;
#3365 = CARTESIAN_POINT ( 'NONE',  ( 5.000000000000000000, 7.754060879349665925, -3.975098189426804929 ) ) ;
#3366 = APPLICATION_CONTEXT ( 'automotive_design' ) ;
#3367 = CARTESIAN_POINT ( 'NONE',  ( 10.99999999999999822, 7.574310090525245620, 4.695992455609217409 ) ) ;
#3368 = CARTESIAN_POINT ( 'NONE',  ( 13.00000000000000178, 8.000001245960866925, 0.3341008311379889961 ) ) ;
#3369 = CARTESIAN_POINT ( 'NONE',  ( 5.000000000000000000, -3.986703887528487478, 7.750075612333814590 ) ) ;
#3370 = CARTESIAN_POINT ( 'NONE',  ( 5.000000000000000000, -3.986703887527480727, -7.750075612333798603 ) ) ;
#3371 = VERTEX_POINT ( 'NONE', #3991 ) ;
#3372 = CARTESIAN_POINT ( 'NONE',  ( 0.000000000000000000, 9.865080165817255775, 3.530353927617593701 ) ) ;
#3373 = VECTOR ( 'NONE', #3382, 1000.000000000000000 ) ;
#3374 = CARTESIAN_POINT ( 'NONE',  ( 13.00000000000000178, -7.980267251761149261, 1.702190156616689709 ) ) ;
#3375 = CARTESIAN_POINT ( 'NONE',  ( 0.000000000000000000, 7.724210963675156805, -4.116547995451774078 ) ) ;
#3376 = DIRECTION ( 'NONE',  ( -1.000000000000000000, -0.000000000000000000, -0.000000000000000000 ) ) ;
#3377 = CARTESIAN_POINT ( 'NONE',  ( 0.000000000000000000, -7.721164452782213417, 4.116547995452068065 ) ) ;
#3378 = CARTESIAN_POINT ( 'NONE',  ( 5.000000000000000888, -7.101159965809617169, 5.820499722137403964 ) ) ;
#3379 = ADVANCED_FACE ( 'NONE', ( #248 ), #2176, .T. ) ;
#3380 = CARTESIAN_POINT ( 'NONE',  ( 5.000000000000000000, -0.6799406239589863565, 8.500517426721835079 ) ) ;
#3381 = LINE ( 'NONE', #3071, #1270 ) ;
#3382 = DIRECTION ( 'NONE',  ( -0.000000000000000000, 0.000000000000000000, 1.000000000000000000 ) ) ;
#3383 = ORIENTED_EDGE ( 'NONE', *, *, #2744, .T. ) ;
#3384 = CARTESIAN_POINT ( 'NONE',  ( 20.00000000000000000, -7.916449367694573525, 2.802433418976852497 ) ) ;
#3385 = CARTESIAN_POINT ( 'NONE',  ( 11.00000000000000000, 5.215440310433337778, 3.860915876506642697 ) ) ;
#3386 = LINE ( 'NONE', #2481, #687 ) ;
#3387 = CARTESIAN_POINT ( 'NONE',  ( 5.000000000000000000, 7.991542015890479078, -1.370157565731053184 ) ) ;
#3388 = ADVANCED_FACE ( 'NONE', ( #2734 ), #226, .F. ) ;
#3389 = FILL_AREA_STYLE ('',( #2130 ) ) ;
#3390 = CARTESIAN_POINT ( 'NONE',  ( 11.00000000000000000, 5.500027414142281579, -0.8133115296098683000 ) ) ;
#3391 = DIRECTION ( 'NONE',  ( -0.000000000000000000, 1.000000000000000000, -0.000000000000000000 ) ) ;
#3392 = CARTESIAN_POINT ( 'NONE',  ( 6.500000000000001776, 0.9500000000022276181, 7.997135450844688798 ) ) ;
#3393 = VERTEX_POINT ( 'NONE', #1242 ) ;
#3394 = CARTESIAN_POINT ( 'NONE',  ( 0.000000000000000000, 4.901036284322612957, 9.597547811488784220 ) ) ;
#3395 = CARTESIAN_POINT ( 'NONE',  ( 20.00000000000000000, -7.867542871793014037, 3.260513804451135922 ) ) ;
#3396 = CARTESIAN_POINT ( 'NONE',  ( -3.469446951953614189E-15, -7.867542871793015813, -3.260513804450916542 ) ) ;
#3397 = CARTESIAN_POINT ( 'NONE',  ( 13.01199999999999868, 0.001015503628202002852, -5.500000241698461245 ) ) ;
#3398 = LINE ( 'NONE', #3770, #21 ) ;
#3399 = ADVANCED_FACE ( 'NONE', ( #3703 ), #3105, .T. ) ;
#3400 = EDGE_CURVE ( 'NONE', #2979, #660, #3125, .T. ) ;
#3401 = CARTESIAN_POINT ( 'NONE',  ( 0.000000000000000000, -1.669507142568861013, 7.986120789017108201 ) ) ;
#3402 = AXIS2_PLACEMENT_3D ( 'NONE', #1160, #205, #2422 ) ;
#3403 = CARTESIAN_POINT ( 'NONE',  ( 0.000000000000000000, 7.963614471005002748, 2.177562438472038231 ) ) ;
#3404 = CARTESIAN_POINT ( 'NONE',  ( 5.000000000000000000, -2.073275153094845447, -8.498808627324835996 ) ) ;
#3405 = CARTESIAN_POINT ( 'NONE',  ( 0.000000000000000000, 5.404655749103294937, 9.450800041127486395 ) ) ;
#3406 = ORIENTED_EDGE ( 'NONE', *, *, #534, .F. ) ;
#3407 = CARTESIAN_POINT ( 'NONE',  ( 13.00000000000000178, -0.6969914058154288439, 8.000532588362304409 ) ) ;
#3408 = CARTESIAN_POINT ( 'NONE',  ( 11.00000000000000000, 4.600761359244930127, 4.906070953246167043 ) ) ;
#3409 = CARTESIAN_POINT ( 'NONE',  ( 6.500000000000000888, 7.996487503114116713, 1.000006010922311228 ) ) ;
#3410 = CARTESIAN_POINT ( 'NONE',  ( 5.000000000000000000, 7.364760967333106478, -5.257907453389635499 ) ) ;
#3411 = CARTESIAN_POINT ( 'NONE',  ( 11.00000000000000178, 7.975296967946333915, 1.914376308708574559 ) ) ;
#3412 = CARTESIAN_POINT ( 'NONE',  ( -11.62601793176951404, -7.996953489107073487, 5.437054339571344614E-14 ) ) ;
#3413 = LINE ( 'NONE', #535, #918 ) ;
#3414 = CARTESIAN_POINT ( 'NONE',  ( 5.000000000000000000, -3.884840231505787500, -7.770442492788453670 ) ) ;
#3415 = ORIENTED_EDGE ( 'NONE', *, *, #1220, .F. ) ;
#3416 = CARTESIAN_POINT ( 'NONE',  ( 5.000000000000000888, -4.398425283540144726, -7.675014244674209785 ) ) ;
#3417 = EDGE_CURVE ( 'NONE', #2031, #751, #3677, .T. ) ;
#3418 = CARTESIAN_POINT ( 'NONE',  ( 13.00000000000000178, -7.929639119121005386, 2.645739012952750713 ) ) ;
#3419 = CARTESIAN_POINT ( 'NONE',  ( 5.000000000000000888, -7.826697700378039357, -3.551969690029617599 ) ) ;
#3420 = CARTESIAN_POINT ( 'NONE',  ( 20.00000000000000000, 0.001523255446453698064, 8.000000580077024637 ) ) ;
#3421 = CARTESIAN_POINT ( 'NONE',  ( 0.000000000000000000, -7.993440992205281148, 1.000006012393726662 ) ) ;
#3422 = CARTESIAN_POINT ( 'NONE',  ( 5.000000000000000888, -7.656261220913877175, 4.388453230966693042 ) ) ;
#3423 = VECTOR ( 'NONE', #2072, 1000.000000000000000 ) ;
#3424 = CARTESIAN_POINT ( 'NONE',  ( 6.500000000000000888, -3.884840232518251835, 7.770442492600552420 ) ) ;
#3425 = CARTESIAN_POINT ( 'NONE',  ( 0.000000000000000000, 7.935626209784349072, 7.946779887102056072 ) ) ;
#3426 = AXIS2_PLACEMENT_3D ( 'NONE', #2871, #29, #1554 ) ;
#3427 = VERTEX_POINT ( 'NONE', #4054 ) ;
#3428 = CARTESIAN_POINT ( 'NONE',  ( 20.00000000000000000, -4.916762245066584214, 7.521274650041049448 ) ) ;
#3429 = LINE ( 'NONE', #594, #3923 ) ;
#3430 = CARTESIAN_POINT ( 'NONE',  ( 5.000000000000000000, 7.104206476702478845, -5.820499722137300935 ) ) ;
#3431 = VECTOR ( 'NONE', #40, 1000.000000000000000 ) ;
#3432 = CARTESIAN_POINT ( 'NONE',  ( 10.99999999999999822, 3.822706903395789002, 7.782558824049847779 ) ) ;
#3433 = CARTESIAN_POINT ( 'NONE',  ( 13.00000000000000178, 4.907137263765679158, -4.599116112039892457 ) ) ;
#3434 = CARTESIAN_POINT ( 'NONE',  ( 6.500000000000002665, 7.996487503113854700, -1.000006010947310120 ) ) ;
#3435 = CARTESIAN_POINT ( 'NONE',  ( 13.42074368738218837, -8.500000000000033751, 0.9500000000001987965 ) ) ;
#3436 = ORIENTED_EDGE ( 'NONE', *, *, #753, .F. ) ;
#3437 = CARTESIAN_POINT ( 'NONE',  ( 0.000000000000000000, 3.382710778154773834E-13, 10.00000000000015099 ) ) ;
#3438 = CARTESIAN_POINT ( 'NONE',  ( 20.00000000000000000, -7.916449367694573525, 2.802433418976852497 ) ) ;
#3439 = CARTESIAN_POINT ( 'NONE',  ( 20.00000000000000000, 7.935626209784367724, -7.946779887101810047 ) ) ;
#3440 = CARTESIAN_POINT ( 'NONE',  ( 5.000000000000001776, 7.546993110261269955, -4.773512810947013740 ) ) ;
#3441 = CARTESIAN_POINT ( 'NONE',  ( 0.000000000000000000, -7.993692019839503615, 0.9750072205196614883 ) ) ;
#3442 = VECTOR ( 'NONE', #1016, 1000.000000000000000 ) ;
#3443 = DIRECTION ( 'NONE',  ( 0.000000000000000000, -0.000000000000000000, 1.000000000000000000 ) ) ;
#3444 = EDGE_CURVE ( 'NONE', #791, #1876, #1203, .T. ) ;
#3445 = CARTESIAN_POINT ( 'NONE',  ( 20.00000000000000000, -7.803723475457480241, -3.693151717295236391 ) ) ;
#3446 = ORIENTED_EDGE ( 'NONE', *, *, #3444, .T. ) ;
#3447 = DIRECTION ( 'NONE',  ( -1.000000000000000000, 0.000000000000000000, 0.000000000000000000 ) ) ;
#3448 = CARTESIAN_POINT ( 'NONE',  ( 0.000000000000000000, 9.865080165817266433, -3.530353927617342791 ) ) ;
#3449 =( NAMED_UNIT ( * ) SI_UNIT ( $, .STERADIAN. ) SOLID_ANGLE_UNIT ( ) );
#3450 = EDGE_CURVE ( 'NONE', #273, #2712, #2777, .T. ) ;
#3451 = CARTESIAN_POINT ( 'NONE',  ( 13.00000000000000178, 5.500000000000029310, -0.4066469495636367837 ) ) ;
#3452 = CARTESIAN_POINT ( 'NONE',  ( 0.000000000000000000, -7.991293894040955692, -1.198537620874698062 ) ) ;
#3453 = CARTESIAN_POINT ( 'NONE',  ( 6.500000000000001776, 7.991542015890466644, 1.370157565731196847 ) ) ;
#3454 = ORIENTED_EDGE ( 'NONE', *, *, #2305, .T. ) ;
#3455 = CARTESIAN_POINT ( 'NONE',  ( 5.000000000000000888, -6.199976180397095860, -6.842559245454698846 ) ) ;
#3456 = CARTESIAN_POINT ( 'NONE',  ( 13.01199999999999868, 0.0005077517871149446992, 5.500000627908599782 ) ) ;
#3457 = CARTESIAN_POINT ( 'NONE',  ( 20.00000000000000000, 5.404655749103321583, -9.450800041127243034 ) ) ;
#3458 = CARTESIAN_POINT ( 'NONE',  ( 5.000000000000000000, 1.026574285919058110E-13, 8.499999564942370966 ) ) ;
#3459 = CARTESIAN_POINT ( 'NONE',  ( 20.00000000000000000, 6.376839101563200884, 9.057530382100665634 ) ) ;
#3460 = CARTESIAN_POINT ( 'NONE',  ( 20.00000000000000000, -7.916449367694571748, -2.802433418976642443 ) ) ;
#3461 = ORIENTED_EDGE ( 'NONE', *, *, #2079, .F. ) ;
#3462 = CARTESIAN_POINT ( 'NONE',  ( 11.00000000000000178, 1.958107063108382784, -7.973299906994640196 ) ) ;
#3463 = DIRECTION ( 'NONE',  ( 0.000000000000000000, 0.3420201433256731538, -0.9396926207859067626 ) ) ;
#3464 = VECTOR ( 'NONE', #2994, 1000.000000000000000 ) ;
#3465 = ADVANCED_FACE ( 'NONE', ( #2486 ), #3347, .F. ) ;
#3466 =( NAMED_UNIT ( * ) PLANE_ANGLE_UNIT ( ) SI_UNIT ( $, .RADIAN. ) );
#3467 = CARTESIAN_POINT ( 'NONE',  ( 2.000000000000001776, -7.960567960112083341, -2.177562438471835726 ) ) ;
#3468 = ADVANCED_FACE ( 'NONE', ( #558 ), #1513, .T. ) ;
#3469 = CARTESIAN_POINT ( 'NONE',  ( 20.00000000000000000, 3.382710778154773834E-13, -9.999999999999850786 ) ) ;
#3470 = CARTESIAN_POINT ( 'NONE',  ( 11.00000000000000000, 7.624384212064456712, 4.518215179558075612 ) ) ;
#3471 = ORIENTED_EDGE ( 'NONE', *, *, #3258, .T. ) ;
#3472 = VERTEX_POINT ( 'NONE', #1179 ) ;
#3473 = CARTESIAN_POINT ( 'NONE',  ( 2.000000000000002220, -54.99999999999965894, 7.750075612333781727 ) ) ;
#3474 = CARTESIAN_POINT ( 'NONE',  ( 20.00000000000000000, 2.203757848894352556, -9.983457728215773486 ) ) ;
#3475 = EDGE_CURVE ( 'NONE', #3957, #3514, #743, .T. ) ;
#3476 = CARTESIAN_POINT ( 'NONE',  ( -8.673617379884035472E-16, 4.401471794433084561, -7.675014244674200015 ) ) ;
#3477 = DIRECTION ( 'NONE',  ( 0.000000000000000000, 4.565061778886335030E-16, 1.000000000000000000 ) ) ;
#3478 = ORIENTED_EDGE ( 'NONE', *, *, #1201, .T. ) ;
#3479 = B_SPLINE_CURVE_WITH_KNOTS ( 'NONE', 3,
 ( #144, #2387, #2651, #1435, #3642, #124, #2341, #1743, #498, #1766, #2054, #3024, #2695, #1141, #190, #1787, #3665, #3600, #2406, #3578, #432, #829, #2674, #3311, #2363, #520, #3932, #744, #2014, #454, #1701, #2961, #1724, #297, #1562, #917 ),
 .UNSPECIFIED., .F., .F.,
 ( 4, 2, 2, 2, 2, 2, 2, 2, 2, 2, 2, 2, 2, 2, 2, 2, 2, 4 ),
 ( 0.000000000000000000, 0.03124999999999988898, 0.06249999999999977796, 0.09374999999999977796, 0.1249999999999997780, 0.1562499999999997780, 0.1874999999999997780, 0.2187499999999997780, 0.2499999999999997780, 0.2812499999999998890, 0.3124999999999998890, 0.3437499999999998890, 0.3749999999999998890, 0.4999999999999998890, 0.6249999999999998890, 0.7500000000000000000, 0.8750000000000000000, 1.000000000000000000 ),
 .UNSPECIFIED. ) ;
#3480 = CARTESIAN_POINT ( 'NONE',  ( 0.000000000000000000, 7.364760967333056740, 5.257907453389946362 ) ) ;
#3481 = CARTESIAN_POINT ( 'NONE',  ( 20.00000000000000000, -7.988495504997550789, -1.370157565731070060 ) ) ;
#3482 = ORIENTED_EDGE ( 'NONE', *, *, #82, .T. ) ;
#3483 = CARTESIAN_POINT ( 'NONE',  ( 11.00000000000000178, 3.780987120055543382, -7.790129633631117656 ) ) ;
#3484 = CARTESIAN_POINT ( 'NONE',  ( 20.00000000000000000, 7.963614471005013407, -2.177562438471818851 ) ) ;
#3485 = CARTESIAN_POINT ( 'NONE',  ( 2.000000000000001776, -7.988495504997550789, -1.370157565731070060 ) ) ;
#3486 = CARTESIAN_POINT ( 'NONE',  ( 0.000000000000000000, -0.9500000000001148637, -6.999999999999920064 ) ) ;
#3487 = CARTESIAN_POINT ( 'NONE',  ( 6.500000000000001776, 7.996971776180958003, 0.9500000326984660015 ) ) ;
#3488 = VECTOR ( 'NONE', #2298, 1000.000000000000000 ) ;
#3489 = ORIENTED_EDGE ( 'NONE', *, *, #3313, .T. ) ;
#3490 = ORIENTED_EDGE ( 'NONE', *, *, #1950, .T. ) ;
#3491 = CARTESIAN_POINT ( 'NONE',  ( 20.00000000000000000, 7.998094335137079902, 0.8514301556693039119 ) ) ;
#3492 = CARTESIAN_POINT ( 'NONE',  ( 6.500000000000000888, 6.945255748662851225, -6.945581049634229842 ) ) ;
#3493 = CARTESIAN_POINT ( 'NONE',  ( 5.000000000000000000, 8.498942797976837937, 2.079162928630180485 ) ) ;
#3494 = CARTESIAN_POINT ( 'NONE',  ( 6.500000000000000888, -3.935974348740220119, -7.760463980647683613 ) ) ;
#3495 = EDGE_LOOP ( 'NONE', ( #3847, #1085, #481 ) ) ;
#3496 = ORIENTED_EDGE ( 'NONE', *, *, #539, .F. ) ;
#3497 = CARTESIAN_POINT ( 'NONE',  ( 0.000000000000000000, 6.842564920666044159, 6.203019186482348069 ) ) ;
#3498 = LINE ( 'NONE', #1581, #477 ) ;
#3499 = CARTESIAN_POINT ( 'NONE',  ( 13.00000000000000178, -5.818228617127631175, -7.103874531599259079 ) ) ;
#3500 = ORIENTED_EDGE ( 'NONE', *, *, #3616, .F. ) ;
#3501 = CARTESIAN_POINT ( 'NONE',  ( 11.00000000000000178, 3.300106599594692991, -7.867699232704991275 ) ) ;
#3502 = CARTESIAN_POINT ( 'NONE',  ( 0.000000000000000000, 3.382710778154773834E-13, 10.00000000000015099 ) ) ;
#3503 = CARTESIAN_POINT ( 'NONE',  ( 6.500000000000000888, 7.963614471005013407, -2.177562438471818851 ) ) ;
#3504 = CARTESIAN_POINT ( 'NONE',  ( 0.000000000000000000, -54.99999999999965894, 10.00000000000014388 ) ) ;
#3505 = CARTESIAN_POINT ( 'NONE',  ( 0.000000000000000000, -7.993915008944729728, -0.9499999999998014477 ) ) ;
#3506 = CARTESIAN_POINT ( 'NONE',  ( 6.500000000000001776, 7.932685630013924794, 2.645739012952767588 ) ) ;
#3507 = VERTEX_POINT ( 'NONE', #578 ) ;
#3508 = CARTESIAN_POINT ( 'NONE',  ( 11.00000000000000000, 4.060912842772490094, -5.155309817279750462 ) ) ;
#3509 = CARTESIAN_POINT ( 'NONE',  ( 13.42074368738218837, -0.9500000000001150857, -7.750075612333780839 ) ) ;
#3510 = CARTESIAN_POINT ( 'NONE',  ( 2.000000000000002220, -3.986703887527559331, -7.750075612333780839 ) ) ;
#3511 = CARTESIAN_POINT ( 'NONE',  ( 5.000000000000000000, 8.325115491524936573, 3.958251284450287510 ) ) ;
#3512 = CARTESIAN_POINT ( 'NONE',  ( 6.500000000000000888, -1.669507142568905200, -7.986120789016871946 ) ) ;
#3513 = ORIENTED_EDGE ( 'NONE', *, *, #1764, .T. ) ;
#3514 = VERTEX_POINT ( 'NONE', #2820 ) ;
#3515 = EDGE_CURVE ( 'NONE', #1720, #1953, #2508, .T. ) ;
#3516 = CARTESIAN_POINT ( 'NONE',  ( 0.000000000000000000, 6.203022691289977963, 6.842559245454959971 ) ) ;
#3517 = ADVANCED_FACE ( 'NONE', ( #2134 ), #1990, .F. ) ;
#3518 = CARTESIAN_POINT ( 'NONE',  ( 13.00000000000000178, -7.996953489107089474, -0.1658497824140048038 ) ) ;
#3519 = ORIENTED_EDGE ( 'NONE', *, *, #2661, .F. ) ;
#3520 = CARTESIAN_POINT ( 'NONE',  ( 5.000000000000000888, 0.9500000000022277291, 7.997135450844688798 ) ) ;
#3521 = ADVANCED_FACE ( 'NONE', ( #2001 ), #1396, .F. ) ;
#3522 = CARTESIAN_POINT ( 'NONE',  ( 10.99999999999999822, 4.692400654990708020, -7.575758616417393121 ) ) ;
#3523 = CARTESIAN_POINT ( 'NONE',  ( 0.000000000000000000, -0.9500000000000242695, 7.000000000000001776 ) ) ;
#3524 = ORIENTED_EDGE ( 'NONE', *, *, #3892, .F. ) ;
#3525 = EDGE_CURVE ( 'NONE', #3538, #343, #2722, .T. ) ;
#3526 = VECTOR ( 'NONE', #1224, 1000.000000000000000 ) ;
#3527 = CARTESIAN_POINT ( 'NONE',  ( 6.500000000000000888, 7.996738530762010910, -0.9750072175743066394 ) ) ;
#3528 = B_SPLINE_CURVE_WITH_KNOTS ( 'NONE', 3,
 ( #2227, #53, #652, #634, #2835, #3124, #2819, #616, #1900, #2507, #3177, #4070, #3763, #3781, #2557, #1609, #8, #3157, #1882, #1296, #323, #1589, #2850, #4087, #290, #928, #1570, #3797, #2195, #3815, #3452, #1258, #944, #3505 ),
 .UNSPECIFIED., .F., .F.,
 ( 4, 2, 2, 2, 2, 2, 2, 2, 2, 2, 2, 2, 2, 2, 2, 2, 4 ),
 ( 0.05767502253330390044, 0.1250000000000000278, 0.2500000000000000555, 0.3750000000000001110, 0.5000000000000001110, 0.6250000000000001110, 0.6562500000000001110, 0.6875000000000001110, 0.7187500000000001110, 0.7500000000000002220, 0.7812500000000002220, 0.8125000000000002220, 0.8437500000000002220, 0.8750000000000002220, 0.9062500000000001110, 0.9375000000000002220, 0.9419975040509849240 ),
 .UNSPECIFIED. ) ;
#3529 = CARTESIAN_POINT ( 'NONE',  ( 2.000000000000001776, -7.656261220913871846, -4.388453230966482543 ) ) ;
#3530 = CARTESIAN_POINT ( 'NONE',  ( 11.00000000000000000, 5.500000000000003553, -2.889476327351148832E-13 ) ) ;
#3531 = CARTESIAN_POINT ( 'NONE',  ( 6.500000000000001776, 7.806769986350412971, 3.693151717295427350 ) ) ;
#3532 = CARTESIAN_POINT ( 'NONE',  ( 11.00000000000000000, 4.344289922069421550, -5.035011510684050506 ) ) ;
#3533 = CARTESIAN_POINT ( 'NONE',  ( 13.01199999999999868, 0.001015503602835779624, 5.500000241698716152 ) ) ;
#3534 = PLANE ( 'NONE',  #911 ) ;
#3535 = CARTESIAN_POINT ( 'NONE',  ( 5.000000000000000000, 0.6799406239592207246, 8.500517426721813763 ) ) ;
#3536 = CARTESIAN_POINT ( 'NONE',  ( 0.000000000000000000, 7.937004968648881054, 7.937005178039901132 ) ) ;
#3537 = ORIENTED_EDGE ( 'NONE', *, *, #457, .F. ) ;
#3538 = VERTEX_POINT ( 'NONE', #1218 ) ;
#3539 = EDGE_CURVE ( 'NONE', #3507, #2535, #3386, .T. ) ;
#3540 = CARTESIAN_POINT ( 'NONE',  ( 0.000000000000000000, 7.724210963675129271, 4.116547995452084052 ) ) ;
#3541 = CARTESIAN_POINT ( 'NONE',  ( 5.000000000000000888, -7.991293894040946810, 1.198537620874796428 ) ) ;
#3542 = ORIENTED_EDGE ( 'NONE', *, *, #2499, .T. ) ;
#3543 = CARTESIAN_POINT ( 'NONE',  ( 5.000000000000000888, 6.842564920666044159, 6.203019186482348069 ) ) ;
#3544 = LINE ( 'NONE', #2617, #1226 ) ;
#3545 = CARTESIAN_POINT ( 'NONE',  ( 6.500000000000000888, -3.961258559890256326, 8.324856479216730776 ) ) ;
#3546 = VECTOR ( 'NONE', #3063, 1000.000000000000000 ) ;
#3547 = CARTESIAN_POINT ( 'NONE',  ( 6.500000000000000888, 6.203022691290034807, -6.842559245454685524 ) ) ;
#3548 = CARTESIAN_POINT ( 'NONE',  ( 5.000000000000000000, 7.831728099316984881, -5.645322682028509398 ) ) ;
#3549 = CARTESIAN_POINT ( 'NONE',  ( 6.500000000000002665, 7.806769986350412083, -3.693151717295219516 ) ) ;
#3550 = CARTESIAN_POINT ( 'NONE',  ( 6.500000000000001776, 1.671588706516771605, 7.986163835448294890 ) ) ;
#3551 = CARTESIAN_POINT ( 'NONE',  ( 5.000000000000000000, 7.932685630013924794, 2.645739012952767588 ) ) ;
#3552 = CARTESIAN_POINT ( 'NONE',  ( 13.00000000000000178, 5.821275128020391598, 7.103874531599575270 ) ) ;
#3553 = CARTESIAN_POINT ( 'NONE',  ( 5.000000000000000888, -3.935974348740900020, 7.760463980647771542 ) ) ;
#3554 = CARTESIAN_POINT ( 'NONE',  ( 13.00000000000000178, 4.919808755959280688, -7.521274650040940202 ) ) ;
#3555 = CARTESIAN_POINT ( 'NONE',  ( 20.00000000000000000, 3.368335470299244960, 9.888392719585777257 ) ) ;
#3556 = ORIENTED_EDGE ( 'NONE', *, *, #2360, .F. ) ;
#3557 = ORIENTED_EDGE ( 'NONE', *, *, #2795, .T. ) ;
#3558 = CARTESIAN_POINT ( 'NONE',  ( 0.000000000000000000, 7.991542015890466644, 1.370157565731196847 ) ) ;
#3559 = FACE_OUTER_BOUND ( 'NONE', #2905, .T. ) ;
#3560 = VERTEX_POINT ( 'NONE', #573 ) ;
#3561 = CARTESIAN_POINT ( 'NONE',  ( 11.00000000000000000, -0.9500000000000278222, 7.997097744788737472 ) ) ;
#3562 = DIRECTION ( 'NONE',  ( -0.000000000000000000, 1.000000000000000000, 7.228014483236701979E-17 ) ) ;
#3563 = CARTESIAN_POINT ( 'NONE',  ( 18.00000000000000355, -7.803723475457480241, -3.693151717295236391 ) ) ;
#3564 = VECTOR ( 'NONE', #3748, 1000.000000000000000 ) ;
#3565 = ORIENTED_EDGE ( 'NONE', *, *, #1201, .F. ) ;
#3566 = LINE ( 'NONE', #2021, #2245 ) ;
#3567 = CARTESIAN_POINT ( 'NONE',  ( 4.999999999999999112, 5.643552600981589507, 7.832188056507720653 ) ) ;
#3568 = B_SPLINE_SURFACE_WITH_KNOTS ( 'NONE', 3, 1, ( 
 ( #42, #20 ),
 ( #3518, #1643 ),
 ( #2186, #954 ),
 ( #646, #1250 ),
 ( #3773, #1912 ),
 ( #2828, #3134 ),
 ( #4081, #3481 ),
 ( #921, #335 ),
 ( #936, #2240 ),
 ( #2204, #1289 ),
 ( #3831, #2534 ),
 ( #2516, #667 ),
 ( #2904, #3460 ),
 ( #3169, #2 ),
 ( #2220, #1894 ),
 ( #996, #686 ),
 ( #3207, #3445 ),
 ( #1601, #1621 ),
 ( #626, #1952 ),
 ( #3808, #610 ),
 ( #3151, #2551 ),
 ( #2883, #1933 ),
 ( #316, #3189 ),
 ( #65, #1582 ),
 ( #2863, #1267 ),
 ( #975, #2844 ),
 ( #2260, #371 ),
 ( #1333, #1875 ),
 ( #3499, #1310 ),
 ( #3791, #352 ),
 ( #2572, #2593 ),
 ( #301, #1565 ),
 ( #169, #2342 ),
 ( #2942, #3229 ),
 ( #725, #745 ),
 ( #3291, #84 ) ),
 .UNSPECIFIED., .F., .F., .F.,
 ( 4, 2, 2, 2, 2, 2, 2, 2, 2, 2, 2, 2, 2, 2, 2, 2, 2, 4 ),
 ( 2, 2 ),
 ( 0.000000000000000000, 0.03124999999999988898, 0.06249999999999977796, 0.09374999999999977796, 0.1249999999999997780, 0.1562499999999997780, 0.1874999999999997780, 0.2187499999999997780, 0.2499999999999997780, 0.2812499999999998890, 0.3124999999999998890, 0.3437499999999998890, 0.3749999999999998890, 0.4999999999999998890, 0.6249999999999998890, 0.7500000000000000000, 0.8750000000000000000, 1.000000000000000000 ),
 ( 0.000000000000000000, 1.000000000000000000 ),
 .UNSPECIFIED. ) ;
#3569 = CARTESIAN_POINT ( 'NONE',  ( 6.500000000000002665, 7.364760967333106478, -5.257907453389635499 ) ) ;
#3570 = CARTESIAN_POINT ( 'NONE',  ( -6.938893903907228378E-15, 3.640088803240571740E-13, -9.999999999999916511 ) ) ;
#3571 = CARTESIAN_POINT ( 'NONE',  ( 10.99999999999999822, 2.837573748503145143, 7.919960092289806575 ) ) ;
#3572 = CARTESIAN_POINT ( 'NONE',  ( 11.00000000000000000, 0.001523255446458854530, 5.499999854980723413 ) ) ;
#3573 = CARTESIAN_POINT ( 'NONE',  ( 11.00000000000000178, -7.993925265593016860, 0.9500000000001986855 ) ) ;
#3574 = CARTESIAN_POINT ( 'NONE',  ( 13.00000000000000178, 7.659307731806804576, -4.388453230966465668 ) ) ;
#3575 = CARTESIAN_POINT ( 'NONE',  ( 18.00000000000000355, -7.410259770593721207, 5.141652362973576196 ) ) ;
#3576 = ORIENTED_EDGE ( 'NONE', *, *, #3168, .F. ) ;
#3577 = CARTESIAN_POINT ( 'NONE',  ( 2.000000000000002220, -54.99999999999965894, -7.750075612333780839 ) ) ;
#3578 = CARTESIAN_POINT ( 'NONE',  ( 13.00000000000000178, 7.659307731806804576, -4.388453230966465668 ) ) ;
#3579 = DIRECTION ( 'NONE',  ( 0.000000000000000000, 1.000000000000000000, 1.261617073437677999E-16 ) ) ;
#3580 = ORIENTED_EDGE ( 'NONE', *, *, #104, .T. ) ;
#3581 = CARTESIAN_POINT ( 'NONE',  ( 0.000000000000000000, 3.271255876954616060, 7.885017484777672614 ) ) ;
#3582 = CARTESIAN_POINT ( 'NONE',  ( 11.00000000000000000, 5.500000000000003553, -2.889476327351148832E-13 ) ) ;
#3583 = CARTESIAN_POINT ( 'NONE',  ( 0.000000000000000000, 9.264259240779130877, 5.916551912302102423 ) ) ;
#3584 = EDGE_LOOP ( 'NONE', ( #1243, #740, #1137, #676 ) ) ;
#3585 = CARTESIAN_POINT ( 'NONE',  ( 13.00000000000000178, 2.855206409138233870, -5.407318554255646781 ) ) ;
#3586 = CARTESIAN_POINT ( 'NONE',  ( 6.500000000000000888, 2.073275153093287582, 8.498808627325306730 ) ) ;
#3587 = CARTESIAN_POINT ( 'NONE',  ( 6.500000000000002665, 5.821275128020570122, -7.103874531599246644 ) ) ;
#3588 = CARTESIAN_POINT ( 'NONE',  ( -6.938893903907228378E-15, 0.3923409040903210188, -10.00029881779602903 ) ) ;
#3589 = EDGE_CURVE ( 'NONE', #1941, #1421, #904, .T. ) ;
#3590 = AXIS2_PLACEMENT_3D ( 'NONE', #1579, #3184, #1659 ) ;
#3591 = CARTESIAN_POINT ( 'NONE',  ( 2.000000000000002220, -54.99999999999965894, -7.750075612333780839 ) ) ;
#3592 = CARTESIAN_POINT ( 'NONE',  ( 13.00000000000000178, 7.806769986350412971, 3.693151717295427350 ) ) ;
#3593 = CARTESIAN_POINT ( 'NONE',  ( 2.000000000000001776, -54.99999999999965894, 10.00000000000014388 ) ) ;
#3594 = CARTESIAN_POINT ( 'NONE',  ( 20.00000000000000000, 7.754060879349665925, -3.975098189426804929 ) ) ;
#3595 = CARTESIAN_POINT ( 'NONE',  ( 18.00000000000000355, -5.818228617127482849, 7.103874531599563724 ) ) ;
#3596 = ORIENTED_EDGE ( 'NONE', *, *, #3775, .T. ) ;
#3597 = CARTESIAN_POINT ( 'NONE',  ( 13.00000000000000178, 7.963614471005002748, 2.177562438472038231 ) ) ;
#3598 = EDGE_CURVE ( 'NONE', #206, #1740, #1196, .T. ) ;
#3599 = EDGE_CURVE ( 'NONE', #146, #1390, #2170, .T. ) ;
#3600 = CARTESIAN_POINT ( 'NONE',  ( 13.00000000000000178, 7.754060879349665925, -3.975098189426804929 ) ) ;
#3601 = CARTESIAN_POINT ( 'NONE',  ( 0.000000000000000000, -7.916449367694573525, 2.802433418976852497 ) ) ;
#3602 = ORIENTED_EDGE ( 'NONE', *, *, #2868, .F. ) ;
#3603 = CARTESIAN_POINT ( 'NONE',  ( 10.99999999999999822, -3.196858190430078128, 7.880733036045617368 ) ) ;
#3604 = CARTESIAN_POINT ( 'NONE',  ( 2.000000000000001776, -4.957857207145252687, 7.502246716697546169 ) ) ;
#3605 = CARTESIAN_POINT ( 'NONE',  ( 20.00000000000000000, 8.795726536140829666, 6.854604630103548146 ) ) ;
#3606 = ORIENTED_EDGE ( 'NONE', *, *, #1334, .F. ) ;
#3607 = CARTESIAN_POINT ( 'NONE',  ( 6.500000000000000888, 2.660112973922839075, -7.942065616297989905 ) ) ;
#3608 = CARTESIAN_POINT ( 'NONE',  ( 5.000000000000000000, 3.961258559890878939, -8.324856479216368399 ) ) ;
#3609 = CARTESIAN_POINT ( 'NONE',  ( 11.00000000000000000, 6.203022691290034807, -6.842559245454685524 ) ) ;
#3610 = CARTESIAN_POINT ( 'NONE',  ( -6.938893903907228378E-15, 7.935626209784367724, -7.946779887101810047 ) ) ;
#3611 = CARTESIAN_POINT ( 'NONE',  ( 5.000000000000000888, 0.9499999999999724221, 7.997135450844712778 ) ) ;
#3612 = DIRECTION ( 'NONE',  ( -0.000000000000000000, 0.000000000000000000, 1.000000000000000000 ) ) ;
#3613 = CARTESIAN_POINT ( 'NONE',  ( 11.00000000000000000, 0.9499999999999488853, -7.997135450844472082 ) ) ;
#3614 = CARTESIAN_POINT ( 'NONE',  ( 20.00000000000000000, 7.364760967333106478, -5.257907453389635499 ) ) ;
#3615 = CARTESIAN_POINT ( 'NONE',  ( 18.00000000000000355, -7.916449367694573525, 2.802433418976852497 ) ) ;
#3616 = EDGE_CURVE ( 'NONE', #3896, #3268, #3429, .T. ) ;
#3617 = VERTEX_POINT ( 'NONE', #1446 ) ;
#3618 = AXIS2_PLACEMENT_3D ( 'NONE', #1448, #1112, #159 ) ;
#3619 = CARTESIAN_POINT ( 'NONE',  ( 13.00000000000000178, 6.842564920666044159, 6.203019186482348069 ) ) ;
#3620 = CARTESIAN_POINT ( 'NONE',  ( 0.000000000000000000, 7.829744211270971199, -3.551969690029601168 ) ) ;
#3621 = CARTESIAN_POINT ( 'NONE',  ( 6.500000000000000888, -3.986703887541481528, -7.750075612330931563 ) ) ;
#3622 = AXIS2_PLACEMENT_3D ( 'NONE', #219, #1818, #3362 ) ;
#3623 = CARTESIAN_POINT ( 'NONE',  ( 4.999999999999997335, -2.073275153094845447, -8.498808627324835996 ) ) ;
#3624 = ORIENTED_EDGE ( 'NONE', *, *, #764, .F. ) ;
#3625 = CARTESIAN_POINT ( 'NONE',  ( 20.00000000000000000, 5.821275128020570122, -7.103874531599246644 ) ) ;
#3626 = CARTESIAN_POINT ( 'NONE',  ( 11.00000000000000000, 4.990519674808725270, 4.434164208948621066 ) ) ;
#3627 = CARTESIAN_POINT ( 'NONE',  ( 18.00000000000000355, -7.974848337781201835, -1.862506083701953807 ) ) ;
#3628 = VERTEX_POINT ( 'NONE', #2706 ) ;
#3629 = CARTESIAN_POINT ( 'NONE',  ( 13.00000000000000178, 5.500027414142281579, -0.8133115296098683000 ) ) ;
#3630 = LINE ( 'NONE', #2350, #3817 ) ;
#3631 = CARTESIAN_POINT ( 'NONE',  ( 11.00000000000000000, -1.701668991804295983, -7.983035394823271069 ) ) ;
#3632 = CARTESIAN_POINT ( 'NONE',  ( -6.938893903907228378E-15, 10.00000000000001421, -0.2474538092382009835 ) ) ;
#3633 = AXIS2_PLACEMENT_3D ( 'NONE', #959, #306, #632 ) ;
#3634 = CARTESIAN_POINT ( 'NONE',  ( 6.500000000000000888, 0.9499999999999757527, 7.000000000000007994 ) ) ;
#3635 = LINE ( 'NONE', #2334, #256 ) ;
#3636 = CARTESIAN_POINT ( 'NONE',  ( 11.00000000000000000, 0.001015503628202003286, -5.500000241698461245 ) ) ;
#3637 = CARTESIAN_POINT ( 'NONE',  ( 20.00000000000000000, 7.999048912134699485, -0.6768666228592550294 ) ) ;
#3638 = DIRECTION ( 'NONE',  ( 1.000000000000000000, 0.000000000000000000, 0.000000000000000000 ) ) ;
#3639 = ORIENTED_EDGE ( 'NONE', *, *, #1932, .T. ) ;
#3640 = CARTESIAN_POINT ( 'NONE',  ( 20.00000000000000000, 7.829744211270962317, 3.551969690029802340 ) ) ;
#3641 = CARTESIAN_POINT ( 'NONE',  ( 0.000000000000000000, 5.821275128020570122, -7.103874531599246644 ) ) ;
#3642 = CARTESIAN_POINT ( 'NONE',  ( 13.00000000000000178, 7.998094335137088784, -0.8514301556691856732 ) ) ;
#3643 = B_SPLINE_CURVE_WITH_KNOTS ( 'NONE', 4,
 ( #538, #1886, #1227, #229, #931, #3372, #3744, #1245, #3145, #2526, #2488, #2116, #4090, #1261, #1494, #2510, #311, #2136, #867, #274, #1868, #3394, #889, #561, #3724, #3766, #1807, #3437 ),
 .UNSPECIFIED., .F., .F.,
 ( 5, 1, 1, 1, 1, 1, 1, 1, 1, 1, 1, 1, 1, 1, 1, 1, 1, 1, 1, 1, 1, 1, 1, 1, 5 ),
 ( 0.05598378939387900488, 0.1146830506791669951, 0.1733823112309057501, 0.2320815674980390431, 0.2890958693492904907, 0.3184455301287962281, 0.3477951093198838883, 0.3771446832799967841, 0.4064943768914995315, 0.4358439314491492356, 0.4651933794883472140, 0.4945430778917229153, 0.5185341584752324318, 0.5381005600985855342, 0.5625545175290116440, 0.5919047755660431509, 0.6212535750031701332, 0.6506024925809477111, 0.6799529978917867590, 0.7093012546392009066, 0.7386472213725718827, 0.7679983335716702442, 0.8264061074758516368, 0.9121403542993368196, 1.000000000000000000 ),
 .UNSPECIFIED. ) ;
#3644 = CARTESIAN_POINT ( 'NONE',  ( 12.99999999999999467, 5.472414438564502603, 2.040106069950973211 ) ) ;
#3645 = ORIENTED_EDGE ( 'NONE', *, *, #942, .T. ) ;
#3646 = CARTESIAN_POINT ( 'NONE',  ( 5.000000000000000000, -5.615376137192962247, 7.750075613918298245 ) ) ;
#3647 = EDGE_CURVE ( 'NONE', #2039, #3682, #3342, .T. ) ;
#3648 = DIRECTION ( 'NONE',  ( 0.000000000000000000, 0.3420201433256730983, -0.9396926207859067626 ) ) ;
#3649 = CARTESIAN_POINT ( 'NONE',  ( 20.00000000000000000, 10.00001601634444626, 0.7583038693810940645 ) ) ;
#3650 = ORIENTED_EDGE ( 'NONE', *, *, #2611, .F. ) ;
#3651 = EDGE_CURVE ( 'NONE', #3819, #946, #3966, .T. ) ;
#3652 = CARTESIAN_POINT ( 'NONE',  ( 20.00000000000000000, -7.101159965809617169, 5.820499722137403964 ) ) ;
#3653 = CARTESIAN_POINT ( 'NONE',  ( 10.99999999999999822, -1.024845215513487062, -7.996323664177738877 ) ) ;
#3654 = DIRECTION ( 'NONE',  ( 0.000000000000000000, -3.614007241618347292E-16, -1.000000000000000000 ) ) ;
#3655 = EDGE_CURVE ( 'NONE', #1039, #3268, #3256, .T. ) ;
#3656 = DIRECTION ( 'NONE',  ( 1.000000000000000000, 0.000000000000000000, 0.000000000000000000 ) ) ;
#3657 = CARTESIAN_POINT ( 'NONE',  ( 11.00000000000000000, 4.060912842772490094, -5.155309817279750462 ) ) ;
#3658 = CARTESIAN_POINT ( 'NONE',  ( 11.00000000000000000, 0.9500000000000228262, -6.522789215968435528 ) ) ;
#3659 = CARTESIAN_POINT ( 'NONE',  ( 11.00000000000000000, 0.9499999999999760858, 7.000000000000007994 ) ) ;
#3660 = EDGE_LOOP ( 'NONE', ( #2900, #1698, #3339, #762 ) ) ;
#3661 = CARTESIAN_POINT ( 'NONE',  ( 13.00000000000000178, 7.624384212064456712, 4.518215179558075612 ) ) ;
#3662 = VECTOR ( 'NONE', #502, 1000.000000000000000 ) ;
#3663 = PLANE ( 'NONE',  #94 ) ;
#3664 = CARTESIAN_POINT ( 'NONE',  ( 13.01199999999999868, 0.001523255446463035864, -5.499999854980488045 ) ) ;
#3665 = CARTESIAN_POINT ( 'NONE',  ( 13.00000000000000178, 7.806769986350412083, -3.693151717295219516 ) ) ;
#3666 = AXIS2_PLACEMENT_3D ( 'NONE', #4051, #245, #1862 ) ;
#3667 = CARTESIAN_POINT ( 'NONE',  ( 5.000000000000000888, -6.199976180397069214, 6.842559245454946648 ) ) ;
#3668 = ORIENTED_EDGE ( 'NONE', *, *, #2797, .F. ) ;
#3669 = CARTESIAN_POINT ( 'NONE',  ( 0.000000000000000000, 7.996487502996377117, 1.000006021809011658 ) ) ;
#3670 = CARTESIAN_POINT ( 'NONE',  ( 6.500000000000000888, 8.500000000000003553, 0.9499999999999999556 ) ) ;
#3671 = CARTESIAN_POINT ( 'NONE',  ( 20.00000000000000000, 3.368335470299244960, 9.888392719585777257 ) ) ;
#3672 = ORIENTED_EDGE ( 'NONE', *, *, #1273, .T. ) ;
#3673 = CARTESIAN_POINT ( 'NONE',  ( 20.00000000000000000, -7.721164452782213417, 4.116547995452068065 ) ) ;
#3674 = CARTESIAN_POINT ( 'NONE',  ( 11.00000000000000000, -0.9838289617040691937, -7.996765454130840389 ) ) ;
#3675 = CARTESIAN_POINT ( 'NONE',  ( 11.00000000000000178, 7.996226706073119139, -1.024237021588646934 ) ) ;
#3676 = CARTESIAN_POINT ( 'NONE',  ( 0.000000000000000000, 1.167546064766775915, -9.999712963350850359 ) ) ;
#3677 = B_SPLINE_CURVE_WITH_KNOTS ( 'NONE', 3,
 ( #3681, #1866, #1492, #2093, #4033, #291, #824, #909 ),
 .UNSPECIFIED., .F., .F.,
 ( 4, 2, 2, 4 ),
 ( 0.000000000000000000, 0.1250000000000000000, 0.2500000000000000000, 0.2613966985769086704 ),
 .UNSPECIFIED. ) ;
#3678 = LINE ( 'NONE', #842, #424 ) ;
#3679 = CARTESIAN_POINT ( 'NONE',  ( 13.00000000000000178, 3.862800328566350583, -5.214392422593067344 ) ) ;
#3680 = CARTESIAN_POINT ( 'NONE',  ( 2.000000000000002220, 0.000000000000000000, 7.000000000000000888 ) ) ;
#3681 = CARTESIAN_POINT ( 'NONE',  ( 13.00000000000000178, 0.001523255446470592970, -8.000000580076788381 ) ) ;
#3682 = VERTEX_POINT ( 'NONE', #1585 ) ;
#3683 = EDGE_CURVE ( 'NONE', #411, #302, #3191, .T. ) ;
#3684 = CARTESIAN_POINT ( 'NONE',  ( 13.00000000000000178, 0.7000379167083362608, 8.000532588362306186 ) ) ;
#3685 = CARTESIAN_POINT ( 'NONE',  ( 13.00000000000000178, -7.867542871793014037, 3.260513804451135922 ) ) ;
#3686 = CARTESIAN_POINT ( 'NONE',  ( 0.000000000000000000, 6.842564920665938466, -6.203019186482203295 ) ) ;
#3687 = CARTESIAN_POINT ( 'NONE',  ( -8.673617379884035472E-16, 7.954734997325225265, -2.333320861749365704 ) ) ;
#3688 = CARTESIAN_POINT ( 'NONE',  ( 0.000000000000000000, -7.980267251761149261, 1.702190156616689709 ) ) ;
#3689 = CARTESIAN_POINT ( 'NONE',  ( 12.99999999999999467, 3.244071727962475116, 5.360521218167641599 ) ) ;
#3690 = CARTESIAN_POINT ( 'NONE',  ( 5.000000000000000000, -5.096078780529301078, 7.992518567707596944 ) ) ;
#3691 = CARTESIAN_POINT ( 'NONE',  ( 0.000000000000000000, -0.9500000000000297096, 8.500000000000000000 ) ) ;
#3692 = ADVANCED_FACE ( 'NONE', ( #2847 ), #1549, .F. ) ;
#3693 = CARTESIAN_POINT ( 'NONE',  ( 2.000000000000001776, -54.18109449353947582, 7.750075612333780839 ) ) ;
#3694 = VERTEX_POINT ( 'NONE', #2814 ) ;
#3695 = LINE ( 'NONE', #1464, #977 ) ;
#3696 = CARTESIAN_POINT ( 'NONE',  ( 11.00000000000000000, 4.038411208028892752, 5.162636836433294185 ) ) ;
#3697 = CARTESIAN_POINT ( 'NONE',  ( 6.500000000000000888, 7.504433758415617994, 4.899417217456576878 ) ) ;
#3698 = CARTESIAN_POINT ( 'NONE',  ( 0.000000000000000000, 6.837508212473213831, -8.806024165814243077 ) ) ;
#3699 = CARTESIAN_POINT ( 'NONE',  ( 11.00000000000000178, 7.782551908595768175, 3.822735374606253345 ) ) ;
#3700 = ADVANCED_FACE ( 'NONE', ( #2502 ), #3758, .F. ) ;
#3701 = CARTESIAN_POINT ( 'NONE',  ( 13.00000000000000178, 7.932685630013924794, 2.645739012952767588 ) ) ;
#3702 = DIRECTION ( 'NONE',  ( -1.000000000000000000, -0.000000000000000000, -0.000000000000000000 ) ) ;
#3703 = FACE_OUTER_BOUND ( 'NONE', #1682, .T. ) ;
#3704 = ORIENTED_EDGE ( 'NONE', *, *, #1705, .F. ) ;
#3705 = CARTESIAN_POINT ( 'NONE',  ( -3.469446951953614189E-15, -6.199976180397095860, -6.842559245454698846 ) ) ;
#3706 = LINE ( 'NONE', #413, #1848 ) ;
#3707 = CARTESIAN_POINT ( 'NONE',  ( 0.000000000000000000, 3.271255876954762609, -7.885017484777410601 ) ) ;
#3708 = CARTESIAN_POINT ( 'NONE',  ( 11.00000000000000000, 7.220955875342910391E-16, -5.500001013604661537 ) ) ;
#3709 = CARTESIAN_POINT ( 'NONE',  ( 0.000000000000000000, -7.885378254366916195, 3.110230222913479281 ) ) ;
#3710 = CARTESIAN_POINT ( 'NONE',  ( 0.000000000000000000, -2.657066463029922332, 7.942065616298222608 ) ) ;
#3711 = CARTESIAN_POINT ( 'NONE',  ( 20.00000000000000000, 6.203022691290034807, -6.842559245454685524 ) ) ;
#3712 = DIRECTION ( 'NONE',  ( 0.000000000000000000, -3.469446951953615372E-15, 1.000000000000000000 ) ) ;
#3713 = CARTESIAN_POINT ( 'NONE',  ( 20.00000000000000000, 4.901036284322612957, 9.597547811488784220 ) ) ;
#3714 = ORIENTED_EDGE ( 'NONE', *, *, #3772, .T. ) ;
#3715 = CARTESIAN_POINT ( 'NONE',  ( 20.00000000000000000, 0.001523255446453698064, 8.000000580077024637 ) ) ;
#3716 = CARTESIAN_POINT ( 'NONE',  ( 11.00000000000000000, 5.407386844007898041, 2.853186705097733089 ) ) ;
#3717 = CARTESIAN_POINT ( 'NONE',  ( 6.500000000000000888, 7.364760967333056740, 5.257907453389946362 ) ) ;
#3718 = CARTESIAN_POINT ( 'NONE',  ( 5.000000000000000000, 7.932685630013931899, -2.645739012952588176 ) ) ;
#3719 = CARTESIAN_POINT ( 'NONE',  ( 11.00000000000000178, 5.325182964313633249, 7.338849029020543036 ) ) ;
#3720 = CARTESIAN_POINT ( 'NONE',  ( 11.00000000000000000, 4.435968942674827886, -4.989594474322975870 ) ) ;
#3721 = CARTESIAN_POINT ( 'NONE',  ( 20.00000000000000000, -7.543946599368335448, -4.773512810947029728 ) ) ;
#3722 = CARTESIAN_POINT ( 'NONE',  ( 5.000000000000000000, -1.669507142568905200, -7.986120789016871946 ) ) ;
#3723 = ORIENTED_EDGE ( 'NONE', *, *, #3756, .T. ) ;
#3724 = CARTESIAN_POINT ( 'NONE',  ( 0.000000000000000000, 2.203757848894326354, 9.983457728216011517 ) ) ;
#3725 = CARTESIAN_POINT ( 'NONE',  ( 13.00000000000000178, -7.996002401241760538, 0.6768666228593124279 ) ) ;
#3726 = CARTESIAN_POINT ( 'NONE',  ( 5.000000000000000888, -7.803723475457480241, -3.693151717295236391 ) ) ;
#3727 = CARTESIAN_POINT ( 'NONE',  ( -8.673617379884035472E-16, 7.724210963675156805, -4.116547995451774078 ) ) ;
#3728 = CARTESIAN_POINT ( 'NONE',  ( 20.00000000000000000, 10.00000000000000711, 0.2474538092382215781 ) ) ;
#3729 = CARTESIAN_POINT ( 'NONE',  ( 5.000000000000000888, -0.9500000000000276001, 7.997106055648602663 ) ) ;
#3730 = AXIS2_PLACEMENT_3D ( 'NONE', #2190, #3447, #304 ) ;
#3731 = CARTESIAN_POINT ( 'NONE',  ( 11.00000000000000000, 0.9499999999999757527, 7.000000000000007994 ) ) ;
#3732 = CARTESIAN_POINT ( 'NONE',  ( 5.000000000000000000, -5.615376137191993244, -7.750075613918294692 ) ) ;
#3733 = CARTESIAN_POINT ( 'NONE',  ( 20.00000000000000000, 7.935626209784349072, 7.946779887102056072 ) ) ;
#3734 = ORIENTED_EDGE ( 'NONE', *, *, #3841, .F. ) ;
#3735 = CARTESIAN_POINT ( 'NONE',  ( 20.00000000000000000, -7.996954735067943076, 0.3341008311379720652 ) ) ;
#3736 = CARTESIAN_POINT ( 'NONE',  ( 0.000000000000000000, 7.829744211270962317, 3.551969690029802340 ) ) ;
#3737 = CARTESIAN_POINT ( 'NONE',  ( 6.500000000000000888, 7.806769986350412971, 3.693151717295427350 ) ) ;
#3738 = CARTESIAN_POINT ( 'NONE',  ( 0.000000000000000000, 7.616644854208688642, -8.242746957225845605 ) ) ;
#3739 = CARTESIAN_POINT ( 'NONE',  ( 10.99999999999999822, 7.982308241354343359, 1.731621126636983643 ) ) ;
#3740 = CARTESIAN_POINT ( 'NONE',  ( 13.00000000000000178, 7.829744211270962317, 3.551969690029802340 ) ) ;
#3741 = CARTESIAN_POINT ( 'NONE',  ( 6.500000000000002665, 7.996738530761505537, -0.9750072176245153655 ) ) ;
#3742 = CARTESIAN_POINT ( 'NONE',  ( 11.00000000000000000, 0.9500000000022276181, 7.997135450844688798 ) ) ;
#3743 = ORIENTED_EDGE ( 'NONE', *, *, #1974, .T. ) ;
#3744 = CARTESIAN_POINT ( 'NONE',  ( 0.000000000000000000, 9.739256424143770019, 4.284627123311322450 ) ) ;
#3745 = CARTESIAN_POINT ( 'NONE',  ( 20.00000000000000000, -6.839518409773132745, 6.203019186482333858 ) ) ;
#3746 = EDGE_CURVE ( 'NONE', #2300, #273, #1567, .T. ) ;
#3747 = CARTESIAN_POINT ( 'NONE',  ( -3.469446951953614189E-15, -7.826697700378039357, -3.551969690029617599 ) ) ;
#3748 = DIRECTION ( 'NONE',  ( -1.000000000000000000, -0.000000000000000000, -0.000000000000000000 ) ) ;
#3749 = CARTESIAN_POINT ( 'NONE',  ( 20.00000000000000000, 9.865080165817255775, 3.530353927617593701 ) ) ;
#3750 = CARTESIAN_POINT ( 'NONE',  ( 13.00000000000000000, 0.0007616277232294276986, 5.500000434289150419 ) ) ;
#3751 = VECTOR ( 'NONE', #1092, 1000.000000000000000 ) ;
#3752 = PLANE ( 'NONE',  #1157 ) ;
#3753 =( LENGTH_UNIT ( ) NAMED_UNIT ( * ) SI_UNIT ( .MILLI., .METRE. ) );
#3754 = DIRECTION ( 'NONE',  ( 0.000000000000000000, 1.000000000000000000, -0.000000000000000000 ) ) ;
#3755 = VECTOR ( 'NONE', #3391, 1000.000000000000000 ) ;
#3756 = EDGE_CURVE ( 'NONE', #2778, #3617, #3760, .T. ) ;
#3757 = VERTEX_POINT ( 'NONE', #376 ) ;
#3758 = PLANE ( 'NONE',  #3730 ) ;
#3759 = CARTESIAN_POINT ( 'NONE',  ( 0.000000000000000000, 6.376839101563225753, -9.057530382100420496 ) ) ;
#3760 = B_SPLINE_CURVE_WITH_KNOTS ( 'NONE', 3,
 ( #1666, #1358, #461, #397, #3295, #129, #2345, #2596, #1102, #728, #749, #3853, #2678, #3626, #2635, #1995, #2018, #1021, #3936, #793, #3893, #109, #2926, #3582 ),
 .UNSPECIFIED., .F., .F.,
 ( 4, 2, 2, 2, 2, 2, 2, 2, 2, 2, 2, 4 ),
 ( 0.000000000000000000, 0.1250000000000002220, 0.2500000000000004441, 0.3750000000000005551, 0.4375000000000005551, 0.5000000000000005551, 0.5312500000000006661, 0.5625000000000006661, 0.6250000000000006661, 0.7500000000000004441, 0.8750000000000002220, 1.000000000000000000 ),
 .UNSPECIFIED. ) ;
#3761 = FACE_OUTER_BOUND ( 'NONE', #218, .T. ) ;
#3762 = CARTESIAN_POINT ( 'NONE',  ( 6.500000000000000888, 1.026574285919058110E-13, 8.499999564942370966 ) ) ;
#3763 = CARTESIAN_POINT ( 'NONE',  ( 0.000000000000000000, -7.410259770593713213, -5.141652362973361257 ) ) ;
#3764 = CARTESIAN_POINT ( 'NONE',  ( 6.500000000000001776, 4.401471794433175155, 7.675014244674414066 ) ) ;
#3765 = EDGE_LOOP ( 'NONE', ( #141, #513, #2747, #3500 ) ) ;
#3766 = CARTESIAN_POINT ( 'NONE',  ( 0.000000000000000000, 1.167546064766750380, 9.999712963351084838 ) ) ;
#3767 = CARTESIAN_POINT ( 'NONE',  ( 13.00000000000000178, -7.751014368456739412, 3.975098189427029638 ) ) ;
#3768 = DIRECTION ( 'NONE',  ( -1.000000000000000000, -0.000000000000000000, -0.000000000000000000 ) ) ;
#3769 = DIRECTION ( 'NONE',  ( 0.000000000000000000, 4.565061778886335030E-16, -1.000000000000000000 ) ) ;
#3770 = CARTESIAN_POINT ( 'NONE',  ( 13.42074368738218837, 0.000000000000000000, -6.999999999999958256 ) ) ;
#3771 = VECTOR ( 'NONE', #3463, 1000.000000000000000 ) ;
#3772 = EDGE_CURVE ( 'NONE', #3617, #1437, #2656, .T. ) ;
#3773 = CARTESIAN_POINT ( 'NONE',  ( 13.00000000000000178, -7.995047824244162271, -0.8514301556692025486 ) ) ;
#3774 = ORIENTED_EDGE ( 'NONE', *, *, #2379, .T. ) ;
#3775 = EDGE_CURVE ( 'NONE', #2789, #361, #3544, .T. ) ;
#3776 = CARTESIAN_POINT ( 'NONE',  ( 11.00000000000000355, 3.968620934914784293, -7.755407532878201948 ) ) ;
#3777 = DIRECTION ( 'NONE',  ( 0.000000000000000000, -7.228014483236703211E-17, 1.000000000000000000 ) ) ;
#3778 = EDGE_CURVE ( 'NONE', #2979, #3870, #709, .T. ) ;
#3779 = DIRECTION ( 'NONE',  ( 0.000000000000000000, 1.000000000000000000, -0.000000000000000000 ) ) ;
#3780 = CARTESIAN_POINT ( 'NONE',  ( 6.500000000000000888, -5.603660037479332168, 7.755597863029947803 ) ) ;
#3781 = CARTESIAN_POINT ( 'NONE',  ( 0.000000000000000000, -7.501387247522696811, -4.899417217456346840 ) ) ;
#3782 = CARTESIAN_POINT ( 'NONE',  ( 6.500000000000001776, 7.413306281486634397, 5.141652362973592183 ) ) ;
#3783 = ORIENTED_EDGE ( 'NONE', *, *, #2493, .T. ) ;
#3784 = CARTESIAN_POINT ( 'NONE',  ( 20.00000000000000000, 0.001523255446470592970, -8.000000580076788381 ) ) ;
#3785 = AXIS2_PLACEMENT_3D ( 'NONE', #3359, #1439, #3712 ) ;
#3786 = CARTESIAN_POINT ( 'NONE',  ( 2.000000000000001776, -8.500000000000033751, 0.9500000000001987965 ) ) ;
#3787 = CARTESIAN_POINT ( 'NONE',  ( 5.000000000000000888, -7.974848337781201835, -1.862506083701953807 ) ) ;
#3788 = CARTESIAN_POINT ( 'NONE',  ( 13.00000000000000178, 2.660112973922839075, -7.942065616297989905 ) ) ;
#3789 = FACE_OUTER_BOUND ( 'NONE', #1773, .T. ) ;
#3790 = DIRECTION ( 'NONE',  ( 1.000000000000000000, -0.000000000000000000, 0.000000000000000000 ) ) ;
#3791 = CARTESIAN_POINT ( 'NONE',  ( 13.00000000000000178, -4.916762245066340853, -7.521274650040950860 ) ) ;
#3792 = AXIS2_PLACEMENT_3D ( 'NONE', #1845, #600, #1825 ) ;
#3793 = ORIENTED_EDGE ( 'NONE', *, *, #2443, .F. ) ;
#3794 = CARTESIAN_POINT ( 'NONE',  ( 11.00000000000000000, 7.966840480022484350, -2.105642399285679645 ) ) ;
#3795 = LINE ( 'NONE', #69, #3236 ) ;
#3796 = PLANE ( 'NONE',  #55 ) ;
#3797 = CARTESIAN_POINT ( 'NONE',  ( 0.000000000000000000, -7.974848337781201835, -1.862506083701953807 ) ) ;
#3798 = CARTESIAN_POINT ( 'NONE',  ( 11.00000000000000000, 7.996738530543178847, 0.9750072393659829917 ) ) ;
#3799 = ORIENTED_EDGE ( 'NONE', *, *, #2068, .T. ) ;
#3800 = EDGE_LOOP ( 'NONE', ( #3542, #3851, #3650, #3314 ) ) ;
#3801 = CARTESIAN_POINT ( 'NONE',  ( 11.00000000000000000, 0.001523255446459777403, 5.499999854980723413 ) ) ;
#3802 = CARTESIAN_POINT ( 'NONE',  ( -3.469446951953614189E-15, -7.980267251761149261, -1.702190156616476102 ) ) ;
#3803 = LINE ( 'NONE', #36, #1125 ) ;
#3804 = CARTESIAN_POINT ( 'NONE',  ( 13.42074368738218837, 8.500000000000003553, -0.9500000000000001776 ) ) ;
#3805 = ORIENTED_EDGE ( 'NONE', *, *, #3647, .F. ) ;
#3806 = LINE ( 'NONE', #3205, #508 ) ;
#3807 = LINE ( 'NONE', #664, #3488 ) ;
#3808 = CARTESIAN_POINT ( 'NONE',  ( 13.00000000000000178, -7.656261220913871846, -4.388453230966482543 ) ) ;
#3809 = VERTEX_POINT ( 'NONE', #3916 ) ;
#3810 = EDGE_CURVE ( 'NONE', #3049, #2609, #1144, .T. ) ;
#3811 = CARTESIAN_POINT ( 'NONE',  ( 11.00000000000000000, 1.200267732521172359, -7.994168163782751080 ) ) ;
#3812 = CARTESIAN_POINT ( 'NONE',  ( 20.00000000000000000, 7.999048912134699485, -0.6768666228592550294 ) ) ;
#3813 = CARTESIAN_POINT ( 'NONE',  ( 13.42074368738218837, -0.9500000000000297096, 8.500000000000000000 ) ) ;
#3814 = CARTESIAN_POINT ( 'NONE',  ( 2.000000000000001776, -7.101159965809542562, -5.820499722137316034 ) ) ;
#3815 = CARTESIAN_POINT ( 'NONE',  ( 0.000000000000000000, -7.988495504997550789, -1.370157565731070060 ) ) ;
#3816 = CARTESIAN_POINT ( 'NONE',  ( 6.500000000000001776, 7.546993110261257520, 4.773512810947254437 ) ) ;
#3817 = VECTOR ( 'NONE', #1689, 1000.000000000000000 ) ;
#3818 = ORIENTED_EDGE ( 'NONE', *, *, #2653, .F. ) ;
#3819 = VERTEX_POINT ( 'NONE', #1169 ) ;
#3820 = EDGE_CURVE ( 'NONE', #3073, #1100, #1814, .T. ) ;
#3821 = CARTESIAN_POINT ( 'NONE',  ( 11.00000000000000000, 2.855206409138233870, -5.407318554255646781 ) ) ;
#3822 = EDGE_CURVE ( 'NONE', #361, #3828, #855, .T. ) ;
#3823 = DIRECTION ( 'NONE',  ( 1.000000000000000000, 0.000000000000000000, 0.000000000000000000 ) ) ;
#3824 = CARTESIAN_POINT ( 'NONE',  ( 5.000000000000000888, 7.000000000000004441, -0.9500000000000000666 ) ) ;
#3825 = DIRECTION ( 'NONE',  ( 1.000000000000000000, 0.000000000000000000, 0.000000000000000000 ) ) ;
#3826 = PLANE ( 'NONE',  #748 ) ;
#3827 = ORIENTED_EDGE ( 'NONE', *, *, #1889, .T. ) ;
#3828 = VERTEX_POINT ( 'NONE', #3960 ) ;
#3829 = LINE ( 'NONE', #995, #1710 ) ;
#3830 = AXIS2_PLACEMENT_3D ( 'NONE', #1916, #1274, #1587 ) ;
#3831 = CARTESIAN_POINT ( 'NONE',  ( 13.00000000000000178, -7.951688486432296088, -2.333320861749382580 ) ) ;
#3832 = EDGE_CURVE ( 'NONE', #1150, #726, #4002, .T. ) ;
#3833 = ORIENTED_EDGE ( 'NONE', *, *, #3048, .F. ) ;
#3834 = CARTESIAN_POINT ( 'NONE',  ( 5.000000000000000888, 1.671588706517485923, 7.986163835448262027 ) ) ;
#3835 = CARTESIAN_POINT ( 'NONE',  ( 10.99999999999999822, 3.633937997861143909, -7.815560934599407261 ) ) ;
#3836 = FACE_OUTER_BOUND ( 'NONE', #3160, .T. ) ;
#3837 = ORIENTED_EDGE ( 'NONE', *, *, #836, .T. ) ;
#3838 = CARTESIAN_POINT ( 'NONE',  ( 5.000000000000000000, 8.500000000000035527, -0.6810074227074073283 ) ) ;
#3839 = CARTESIAN_POINT ( 'NONE',  ( 6.500000000000002665, 0.9500000000022044144, -7.997135450844450766 ) ) ;
#3840 = CARTESIAN_POINT ( 'NONE',  ( 11.00000000000000000, 1.671588706517485923, 7.986163835448262027 ) ) ;
#3841 = EDGE_CURVE ( 'NONE', #3828, #343, #1771, .T. ) ;
#3842 = CARTESIAN_POINT ( 'NONE',  ( 6.500000000000000888, -1.313793427162311511, 7.993584671374119210 ) ) ;
#3843 = CARTESIAN_POINT ( 'NONE',  ( 20.00000000000000000, 7.999048912134683498, 0.6768666228593294143 ) ) ;
#3844 = CARTESIAN_POINT ( 'NONE',  ( 5.000000000000000000, 8.500000000000003553, -1.170618554224893222E-13 ) ) ;
#3845 = CARTESIAN_POINT ( 'NONE',  ( -8.673617379884035472E-16, 6.842564920665938466, -6.203019186482203295 ) ) ;
#3846 = DIRECTION ( 'NONE',  ( 0.000000000000000000, -1.817583649719595868E-16, 1.000000000000000000 ) ) ;
#3847 = ORIENTED_EDGE ( 'NONE', *, *, #298, .T. ) ;
#3848 = ORIENTED_EDGE ( 'NONE', *, *, #1624, .F. ) ;
#3849 = CARTESIAN_POINT ( 'NONE',  ( 0.000000000000000000, 7.919495878587492932, 2.802433418976869373 ) ) ;
#3850 = CARTESIAN_POINT ( 'NONE',  ( 4.999999999999997335, -5.615376097224384466, -7.750075632756566080 ) ) ;
#3851 = ORIENTED_EDGE ( 'NONE', *, *, #104, .F. ) ;
#3852 = CARTESIAN_POINT ( 'NONE',  ( 5.000000000000000888, 5.821275128020391598, 7.103874531599575270 ) ) ;
#3853 = CARTESIAN_POINT ( 'NONE',  ( 11.00000000000000000, 4.819412612276794405, 4.692107393183630570 ) ) ;
#3854 = CARTESIAN_POINT ( 'NONE',  ( 4.999999999999999112, -3.961258559890256326, 8.324856479216730776 ) ) ;
#3855 = VECTOR ( 'NONE', #1074, 1000.000000000000000 ) ;
#3856 = LINE ( 'NONE', #2990, #2052 ) ;
#3857 = DIRECTION ( 'NONE',  ( 1.000000000000000000, 0.000000000000000000, 0.000000000000000000 ) ) ;
#3858 = CARTESIAN_POINT ( 'NONE',  ( 11.00000000000000000, 6.842564920665938466, -6.203019186482203295 ) ) ;
#3859 = CARTESIAN_POINT ( 'NONE',  ( -6.938893903907228378E-15, 9.444615931807820886, -5.422764466181368981 ) ) ;
#3860 = CARTESIAN_POINT ( 'NONE',  ( 11.00000000000000000, -3.884840232518251835, 7.770442492600552420 ) ) ;
#3861 = CARTESIAN_POINT ( 'NONE',  ( 13.00000000000000178, 4.919808755959492075, 7.521274650041060106 ) ) ;
#3862 = CARTESIAN_POINT ( 'NONE',  ( 5.000000000000000000, -1.669507142568861013, 7.986120789017108201 ) ) ;
#3863 = CARTESIAN_POINT ( 'NONE',  ( 20.00000000000000000, 7.546993110261269955, -4.773512810947013740 ) ) ;
#3864 = DIRECTION ( 'NONE',  ( 0.000000000000000000, 0.000000000000000000, -1.000000000000000000 ) ) ;
#3865 = ORIENTED_EDGE ( 'NONE', *, *, #405, .T. ) ;
#3866 = ORIENTED_EDGE ( 'NONE', *, *, #375, .F. ) ;
#3867 = B_SPLINE_SURFACE_WITH_KNOTS ( 'NONE', 3, 1, ( 
 ( #1325, #3844 ),
 ( #346, #3222 ),
 ( #3244, #2626 ),
 ( #407, #1657 ),
 ( #1674, #2645 ),
 ( #3492, #2877 ),
 ( #2586, #1052 ),
 ( #1031, #97 ),
 ( #990, #58 ),
 ( #699, #1009 ),
 ( #1634, #1695 ) ),
 .UNSPECIFIED., .F., .F., .F.,
 ( 4, 1, 1, 1, 1, 1, 1, 1, 4 ),
 ( 2, 2 ),
 ( 0.05591983065812389242, 0.1739298518258584059, 0.2919398729935929193, 0.4099498941613274328, 0.5279599153290619462, 0.6459699364967964597, 0.7639799576645309731, 0.8819899788322653755, 0.9999999999999998890 ),
 ( 0.000000000000000000, 1.000000000000000000 ),
 .UNSPECIFIED. ) ;
#3868 = CARTESIAN_POINT ( 'NONE',  ( 0.000000000000000000, 7.870589382685932556, 3.260513804451152353 ) ) ;
#3869 = CARTESIAN_POINT ( 'NONE',  ( 6.499999999999999112, -5.615376097224384466, -7.750075632756566080 ) ) ;
#3870 = VERTEX_POINT ( 'NONE', #1748 ) ;
#3871 = CARTESIAN_POINT ( 'NONE',  ( 10.99999999999999645, -0.9636999268556896148, 7.996961777907107383 ) ) ;
#3872 = B_SPLINE_CURVE_WITH_KNOTS ( 'NONE', 3,
 ( #1596, #2256, #3512, #970, #1327, #3149, #3494, #60 ),
 .UNSPECIFIED., .F., .F.,
 ( 4, 2, 2, 4 ),
 ( 0.05767502236803507404, 0.1250000000000000278, 0.2500000000000000555, 0.2613966955136678427 ),
 .UNSPECIFIED. ) ;
#3873 = CARTESIAN_POINT ( 'NONE',  ( 2.000000000000001776, -5.818228617127482849, 7.103874531599563724 ) ) ;
#3874 = EDGE_CURVE ( 'NONE', #1013, #2412, #1502, .T. ) ;
#3875 = CARTESIAN_POINT ( 'NONE',  ( 18.00000000000000355, -7.410259770593713213, -5.141652362973361257 ) ) ;
#3876 = ORIENTED_EDGE ( 'NONE', *, *, #3995, .F. ) ;
#3877 = CARTESIAN_POINT ( 'NONE',  ( 13.00000000000000178, 4.610453538246905403, -4.881787256642141415 ) ) ;
#3878 = CARTESIAN_POINT ( 'NONE',  ( 4.999999999999999112, 0.6799406239592207246, 8.500517426721813763 ) ) ;
#3879 = CARTESIAN_POINT ( 'NONE',  ( 6.500000000000002665, 7.754060879349665925, -3.975098189426804929 ) ) ;
#3880 = CARTESIAN_POINT ( 'NONE',  ( 20.00000000000000000, 3.368335470299270717, -9.888392719585535673 ) ) ;
#3881 = CARTESIAN_POINT ( 'NONE',  ( 10.99999999999999822, 2.100606044341692513, 7.967002181581278819 ) ) ;
#3882 = CARTESIAN_POINT ( 'NONE',  ( 6.500000000000000888, -0.6799406239591428980, -8.500517426720927361 ) ) ;
#3883 = CARTESIAN_POINT ( 'NONE',  ( 5.000000000000000000, -2.657066463029922332, 7.942065616298222608 ) ) ;
#3884 = CARTESIAN_POINT ( 'NONE',  ( 13.00000000000000178, 8.000000000000003553, -1.320535339854369059E-13 ) ) ;
#3885 = DIRECTION ( 'NONE',  ( 0.000000000000000000, 0.000000000000000000, -1.000000000000000000 ) ) ;
#3886 = VERTEX_POINT ( 'NONE', #3051 ) ;
#3887 = ORIENTED_EDGE ( 'NONE', *, *, #1930, .T. ) ;
#3888 = FACE_OUTER_BOUND ( 'NONE', #2371, .T. ) ;
#3889 = CARTESIAN_POINT ( 'NONE',  ( 6.499999999999999112, -2.073275153094845447, -8.498808627324835996 ) ) ;
#3890 = ORIENTED_EDGE ( 'NONE', *, *, #3775, .F. ) ;
#3891 = DIRECTION ( 'NONE',  ( 0.000000000000000000, 3.469446951953615372E-15, -1.000000000000000000 ) ) ;
#3892 = EDGE_CURVE ( 'NONE', #1597, #3983, #303, .T. ) ;
#3893 = CARTESIAN_POINT ( 'NONE',  ( 11.00000000000000000, 5.486564353746981482, 1.632558406208314716 ) ) ;
#3894 = CARTESIAN_POINT ( 'NONE',  ( 20.00000000000000000, 9.444615931807804898, 5.422764466181620335 ) ) ;
#3895 = EDGE_CURVE ( 'NONE', #354, #3896, #1461, .T. ) ;
#3896 = VERTEX_POINT ( 'NONE', #4022 ) ;
#3897 = DIRECTION ( 'NONE',  ( 0.000000000000000000, -7.228014483236703211E-17, 1.000000000000000000 ) ) ;
#3898 = CARTESIAN_POINT ( 'NONE',  ( 11.00000000000000000, 7.996971776485941596, 0.9500000000000000666 ) ) ;
#3899 = B_SPLINE_SURFACE_WITH_KNOTS ( 'NONE', 3, 1, ( 
 ( #3801, #1008 ),
 ( #363, #3533 ),
 ( #989, #3456 ),
 ( #698, #2214 ) ),
 .UNSPECIFIED., .F., .F., .F.,
 ( 4, 4 ),
 ( 2, 2 ),
 ( 0.000000000000000000, 0.0001554038431024534956 ),
 ( 0.000000000000000000, 1.000000000000000000 ),
 .UNSPECIFIED. ) ;
#3900 = CARTESIAN_POINT ( 'NONE',  ( 11.00000000000000000, 7.977894848674130124, -1.862506083701936932 ) ) ;
#3901 = CARTESIAN_POINT ( 'NONE',  ( -6.938893903907228378E-15, 8.517584496679415196, -7.271227662707879347 ) ) ;
#3902 = B_SPLINE_CURVE_WITH_KNOTS ( 'NONE', 3,
 ( #2969, #2348, #132, #1422, #712, #2682, #90, #1361 ),
 .UNSPECIFIED., .F., .F.,
 ( 4, 2, 2, 4 ),
 ( 0.7386033014230132254, 0.7499999999999996669, 0.8749999999999998890, 1.000000000000000000 ),
 .UNSPECIFIED. ) ;
#3903 = EDGE_CURVE ( 'NONE', #89, #3185, #1834, .T. ) ;
#3904 = EDGE_CURVE ( 'NONE', #2559, #1740, #3381, .T. ) ;
#3905 = CARTESIAN_POINT ( 'NONE',  ( 5.000000000000000000, 7.413306281486634397, 5.141652362973592183 ) ) ;
#3906 = CARTESIAN_POINT ( 'NONE',  ( 11.00000000000000000, -0.9500000000000270450, 7.750075612333781727 ) ) ;
#3907 = LINE ( 'NONE', #2254, #372 ) ;
#3908 = CARTESIAN_POINT ( 'NONE',  ( 20.00000000000000000, 7.413306281486648608, -5.141652362973346158 ) ) ;
#3909 = CARTESIAN_POINT ( 'NONE',  ( 18.00000000000000355, -7.751014368456739412, 3.975098189427029638 ) ) ;
#3910 = EDGE_LOOP ( 'NONE', ( #2568, #3308, #185, #100, #3774, #4055 ) ) ;
#3911 = CARTESIAN_POINT ( 'NONE',  ( 20.00000000000000000, 7.364760967333056740, 5.257907453389946362 ) ) ;
#3912 = CARTESIAN_POINT ( 'NONE',  ( 6.500000000000000888, -0.9500000000023706148, -7.997106055648345979 ) ) ;
#3913 = CARTESIAN_POINT ( 'NONE',  ( 5.000000000000000888, -7.929639119121005386, 2.645739012952750713 ) ) ;
#3914 = ORIENTED_EDGE ( 'NONE', *, *, #895, .F. ) ;
#3915 = CARTESIAN_POINT ( 'NONE',  ( 11.00000000000000178, -2.006701199314471662, 7.971108402315256747 ) ) ;
#3916 = CARTESIAN_POINT ( 'NONE',  ( 2.000000000000001776, -7.000000000000033751, 0.9500000000001989076 ) ) ;
#3917 = CARTESIAN_POINT ( 'NONE',  ( 18.00000000000000355, -7.751014368456733195, -3.975098189426821360 ) ) ;
#3918 = ORIENTED_EDGE ( 'NONE', *, *, #1220, .T. ) ;
#3919 = LINE ( 'NONE', #112, #459 ) ;
#3920 = CARTESIAN_POINT ( 'NONE',  ( 6.500000000000000888, 5.643552600981778689, -7.832188056507392915 ) ) ;
#3921 = CARTESIAN_POINT ( 'NONE',  ( 6.500000000000002665, 7.413306281486648608, -5.141652362973346158 ) ) ;
#3922 = CARTESIAN_POINT ( 'NONE',  ( 20.00000000000000000, 9.739256424143782453, -4.284627123311069319 ) ) ;
#3923 = VECTOR ( 'NONE', #2089, 1000.000000000000000 ) ;
#3924 = CARTESIAN_POINT ( 'NONE',  ( 6.500000000000000888, -3.986703887528487478, 7.750075612333814590 ) ) ;
#3925 = DIRECTION ( 'NONE',  ( -0.000000000000000000, 0.000000000000000000, 1.000000000000000000 ) ) ;
#3926 = DIRECTION ( 'NONE',  ( 0.000000000000000000, -0.000000000000000000, 1.000000000000000000 ) ) ;
#3927 = CARTESIAN_POINT ( 'NONE',  ( 20.00000000000000000, 7.983313762654077550, -1.702190156616459227 ) ) ;
#3928 = CARTESIAN_POINT ( 'NONE',  ( 6.500000000000000888, -5.615376137192962247, 7.750075613918298245 ) ) ;
#3929 = ORIENTED_EDGE ( 'NONE', *, *, #1801, .F. ) ;
#3930 = CARTESIAN_POINT ( 'NONE',  ( 20.00000000000000000, 7.504433758415617994, 4.899417217456576878 ) ) ;
#3931 = CARTESIAN_POINT ( 'NONE',  ( 11.00000000000000000, 5.500000000000029310, -0.4066469495636367837 ) ) ;
#3932 = CARTESIAN_POINT ( 'NONE',  ( 13.00000000000000178, 6.842564920665938466, -6.203019186482203295 ) ) ;
#3933 = CARTESIAN_POINT ( 'NONE',  ( 5.000000000000000888, -7.867542871793014037, 3.260513804451135922 ) ) ;
#3934 = ORIENTED_EDGE ( 'NONE', *, *, #3348, .T. ) ;
#3935 = CARTESIAN_POINT ( 'NONE',  ( 20.00000000000000000, 7.413306281486648608, -5.141652362973346158 ) ) ;
#3936 = CARTESIAN_POINT ( 'NONE',  ( 11.00000000000000000, 5.407386844007898041, 2.853186705097733089 ) ) ;
#3937 = CARTESIAN_POINT ( 'NONE',  ( 18.00000000000000355, -7.960567960112083341, -2.177562438471835726 ) ) ;
#3938 = ORIENTED_EDGE ( 'NONE', *, *, #3874, .T. ) ;
#3939 = CARTESIAN_POINT ( 'NONE',  ( 13.00000000000000178, 0.4099364528675500385, -5.500310913884323583 ) ) ;
#3940 = CARTESIAN_POINT ( 'NONE',  ( 6.500000000000000888, 8.499999999999998224, 5.053919964287874018E-14 ) ) ;
#3941 = CARTESIAN_POINT ( 'NONE',  ( 11.00000000000000355, -1.432925177465993904, -7.990121303571974032 ) ) ;
#3942 = CARTESIAN_POINT ( 'NONE',  ( 20.00000000000000000, 8.795726536140849205, -6.854604630103299456 ) ) ;
#3943 = VECTOR ( 'NONE', #1348, 1000.000000000000000 ) ;
#3944 = CARTESIAN_POINT ( 'NONE',  ( 11.00000000000000178, 1.473259615340853479, 7.989369419222878577 ) ) ;
#3945 = CARTESIAN_POINT ( 'NONE',  ( 6.500000000000000888, -5.615376137191993244, -7.750075613918294692 ) ) ;
#3946 = CARTESIAN_POINT ( 'NONE',  ( 11.00000000000000000, 7.220955875342910391E-16, -5.500001013604661537 ) ) ;
#3947 = CARTESIAN_POINT ( 'NONE',  ( 13.00000000000000178, 7.870589382685947655, -3.260513804450900111 ) ) ;
#3948 = CARTESIAN_POINT ( 'NONE',  ( 18.00000000000000355, -7.995047824244156942, 0.8514301556692869255 ) ) ;
#3949 = ORIENTED_EDGE ( 'NONE', *, *, #1761, .F. ) ;
#3950 = VECTOR ( 'NONE', #3823, 1000.000000000000000 ) ;
#3951 = CARTESIAN_POINT ( 'NONE',  ( 13.00000000000000178, 7.364760967333056740, 5.257907453389946362 ) ) ;
#3952 = ADVANCED_FACE ( 'NONE', ( #1126 ), #2455, .T. ) ;
#3953 = CARTESIAN_POINT ( 'NONE',  ( 0.000000000000000000, -8.500000000000033751, -0.9499999999998013367 ) ) ;
#3954 = LINE ( 'NONE', #2982, #2013 ) ;
#3955 = CARTESIAN_POINT ( 'NONE',  ( 0.000000000000000000, -7.101159965809617169, 5.820499722137403964 ) ) ;
#3956 = ADVANCED_FACE ( 'NONE', ( #524 ), #1481, .T. ) ;
#3957 = VERTEX_POINT ( 'NONE', #3091 ) ;
#3958 = CARTESIAN_POINT ( 'NONE',  ( 5.000000000000000000, -2.073275153092998924, 8.498808627325365350 ) ) ;
#3959 = EDGE_CURVE ( 'NONE', #2241, #3393, #260, .T. ) ;
#3960 = CARTESIAN_POINT ( 'NONE',  ( 6.500000000000000888, 7.000000000000005329, 0.9500000000000005107 ) ) ;
#3961 = CARTESIAN_POINT ( 'NONE',  ( 18.00000000000000355, -5.818228617127631175, -7.103874531599259079 ) ) ;
#3962 = ORIENTED_EDGE ( 'NONE', *, *, #261, .T. ) ;
#3963 = DIRECTION ( 'NONE',  ( 0.000000000000000000, -1.000000000000000000, -7.228014483236703211E-17 ) ) ;
#3964 = CARTESIAN_POINT ( 'NONE',  ( 2.000000000000001776, -7.000000000000033751, 0.9500000000001983524 ) ) ;
#3965 = CARTESIAN_POINT ( 'NONE',  ( 11.00000000000000000, 3.840150750097256704, 5.220663184251984390 ) ) ;
#3966 = LINE ( 'NONE', #2396, #353 ) ;
#3967 = VECTOR ( 'NONE', #2299, 1000.000000000000000 ) ;
#3968 = CARTESIAN_POINT ( 'NONE',  ( 5.000000000000000000, 7.504433758415617994, 4.899417217456576878 ) ) ;
#3969 = CARTESIAN_POINT ( 'NONE',  ( 13.00000000000000178, 8.000000000000005329, 0.1658497824139799626 ) ) ;
#3970 = ADVANCED_FACE ( 'NONE', ( #2060 ), #483, .T. ) ;
#3971 = CARTESIAN_POINT ( 'NONE',  ( 20.00000000000000000, -4.916762245066340853, -7.521274650040950860 ) ) ;
#3972 = CARTESIAN_POINT ( 'NONE',  ( 11.00000000000000000, 0.9499999999999479972, -7.997126583136481948 ) ) ;
#3973 = ORIENTED_EDGE ( 'NONE', *, *, #1504, .F. ) ;
#3974 = CARTESIAN_POINT ( 'NONE',  ( 13.00000000000000178, 6.203022691289977963, 6.842559245454959971 ) ) ;
#3975 = CARTESIAN_POINT ( 'NONE',  ( 0.000000000000000000, 7.996487503098212102, -1.000006012393587440 ) ) ;
#3976 = CARTESIAN_POINT ( 'NONE',  ( -8.673617379884035472E-16, 7.919495878587501814, -2.802433418976625568 ) ) ;
#3977 = CARTESIAN_POINT ( 'NONE',  ( 11.00000000000000000, -3.935974348749683660, -7.760463980645837090 ) ) ;
#3978 = CARTESIAN_POINT ( 'NONE',  ( 5.000000000000000888, -7.410259770593721207, 5.141652362973576196 ) ) ;
#3979 = ORIENTED_EDGE ( 'NONE', *, *, #175, .T. ) ;
#3980 = CARTESIAN_POINT ( 'NONE',  ( 0.000000000000000000, 7.870589382685932556, 3.260513804451152353 ) ) ;
#3981 = CARTESIAN_POINT ( 'NONE',  ( 2.000000000000001776, -7.993440992221193753, 1.000006010922365851 ) ) ;
#3982 = CARTESIAN_POINT ( 'NONE',  ( 20.00000000000000000, 6.837508212473188962, 8.806024165814488214 ) ) ;
#3983 = VERTEX_POINT ( 'NONE', #3732 ) ;
#3984 = FACE_OUTER_BOUND ( 'NONE', #2261, .T. ) ;
#3985 = CARTESIAN_POINT ( 'NONE',  ( 11.00000000000000000, -2.253707652875179157, -7.959268116982810781 ) ) ;
#3986 = DIRECTION ( 'NONE',  ( -1.000000000000000000, 0.000000000000000000, 0.000000000000000000 ) ) ;
#3987 = CARTESIAN_POINT ( 'NONE',  ( 0.000000000000000000, 10.00000000000000355, -4.793002917534356401E-14 ) ) ;
#3988 = CARTESIAN_POINT ( 'NONE',  ( 11.00000000000000000, 7.989337648100367950, 1.478607543013461978 ) ) ;
#3989 = CARTESIAN_POINT ( 'NONE',  ( 13.00000000000000178, 7.888424765259834714, 3.110230222913495712 ) ) ;
#3990 = CARTESIAN_POINT ( 'NONE',  ( 20.00000000000000000, -7.988495504997550789, -1.370157565731070060 ) ) ;
#3991 = CARTESIAN_POINT ( 'NONE',  ( 0.000000000000000000, -7.000000000000033751, 0.9500000000001983524 ) ) ;
#3992 = ORIENTED_EDGE ( 'NONE', *, *, #82, .F. ) ;
#3993 = CARTESIAN_POINT ( 'NONE',  ( 20.00000000000000000, 4.919808755959492075, 7.521274650041060106 ) ) ;
#3994 = CARTESIAN_POINT ( 'NONE',  ( 20.00000000000000000, -7.501387247522704804, 4.899417217456560891 ) ) ;
#3995 = EDGE_CURVE ( 'NONE', #3757, #2979, #172, .T. ) ;
#3996 = DIRECTION ( 'NONE',  ( 0.000000000000000000, -1.000000000000000000, -3.195543245220434225E-15 ) ) ;
#3997 = DIRECTION ( 'NONE',  ( -1.000000000000000000, -0.000000000000000000, -0.000000000000000000 ) ) ;
#3998 = CARTESIAN_POINT ( 'NONE',  ( 0.000000000000000000, -4.398425283540267294, 7.675014244674405184 ) ) ;
#3999 = VECTOR ( 'NONE', #2584, 1000.000000000000000 ) ;
#4000 = CARTESIAN_POINT ( 'NONE',  ( 0.000000000000000000, -7.361714456440144438, 5.257907453389930374 ) ) ;
#4001 = CARTESIAN_POINT ( 'NONE',  ( 5.000000000000000888, 7.996487502996377117, 1.000006021809011658 ) ) ;
#4002 = LINE ( 'NONE', #3691, #3662 ) ;
#4003 = PLANE ( 'NONE',  #927 ) ;
#4004 = ORIENTED_EDGE ( 'NONE', *, *, #326, .F. ) ;
#4005 = CARTESIAN_POINT ( 'NONE',  ( 20.00000000000000000, -3.268209366061708199, 7.885017484777665508 ) ) ;
#4006 = CARTESIAN_POINT ( 'NONE',  ( 11.00000000000000000, 5.500026894713686332, 0.8166491829174142847 ) ) ;
#4007 = CARTESIAN_POINT ( 'NONE',  ( 11.00000000000000000, 7.996429604204961628, -1.004892639729692450 ) ) ;
#4008 = CARTESIAN_POINT ( 'NONE',  ( 0.000000000000000000, 0.3923409040903210188, -10.00029881779602903 ) ) ;
#4009 = CARTESIAN_POINT ( 'NONE',  ( 6.500000000000000888, -5.615376140554698914, 7.750075612333781727 ) ) ;
#4010 = CARTESIAN_POINT ( 'NONE',  ( 13.00000000000000178, 7.991542015890466644, 1.370157565731196847 ) ) ;
#4011 = DIRECTION ( 'NONE',  ( -0.000000000000000000, -3.469446951953615372E-15, 1.000000000000000000 ) ) ;
#4012 = DIRECTION ( 'NONE',  ( 0.000000000000000000, -4.565061778886335030E-16, -1.000000000000000000 ) ) ;
#4013 = ORIENTED_EDGE ( 'NONE', *, *, #3313, .F. ) ;
#4014 = CARTESIAN_POINT ( 'NONE',  ( 5.000000000000000888, -1.313793427162379457, -7.993584671373881179 ) ) ;
#4015 = DIRECTION ( 'NONE',  ( 0.000000000000000000, 1.000000000000000000, 4.565061778886335030E-16 ) ) ;
#4016 = CARTESIAN_POINT ( 'NONE',  ( 0.000000000000000000, 7.754060879349665925, -3.975098189426804929 ) ) ;
#4017 = CARTESIAN_POINT ( 'NONE',  ( 5.000000000000001776, 7.963614471005013407, -2.177562438471818851 ) ) ;
#4018 = CARTESIAN_POINT ( 'NONE',  ( 0.000000000000000000, -7.501387247522704804, 4.899417217456560891 ) ) ;
#4019 = CARTESIAN_POINT ( 'NONE',  ( 5.000000000000000888, -2.657066463029922332, 7.942065616298222608 ) ) ;
#4020 = CARTESIAN_POINT ( 'NONE',  ( 0.000000000000000000, 7.806769986350412971, 3.693151717295427350 ) ) ;
#4021 = VECTOR ( 'NONE', #1424, 1000.000000000000000 ) ;
#4022 = CARTESIAN_POINT ( 'NONE',  ( 6.500000000000000888, 0.9499999999999485523, -7.997135450844472082 ) ) ;
#4023 = CARTESIAN_POINT ( 'NONE',  ( 20.00000000000000000, 7.616644854208664661, 8.242746957226094295 ) ) ;
#4024 = ORIENTED_EDGE ( 'NONE', *, *, #383, .F. ) ;
#4025 = CARTESIAN_POINT ( 'NONE',  ( 20.00000000000000000, -7.803723475457496228, 3.693151717295410918 ) ) ;
#4026 = CARTESIAN_POINT ( 'NONE',  ( 12.99999999999999467, 0.8148452774453561753, 5.500294959846138809 ) ) ;
#4027 = CARTESIAN_POINT ( 'NONE',  ( 6.500000000000000888, 7.983313762654070445, 1.702190156616706807 ) ) ;
#4028 = CARTESIAN_POINT ( 'NONE',  ( 5.000000000000000000, 7.829744211270971199, -3.551969690029601168 ) ) ;
#4029 = CARTESIAN_POINT ( 'NONE',  ( 11.00000000000000000, 7.919249026037479489, 2.845562396953269069 ) ) ;
#4030 = AXIS2_PLACEMENT_3D ( 'NONE', #3813, #3140, #925 ) ;
#4031 = CARTESIAN_POINT ( 'NONE',  ( 11.00000000000000000, 5.486718253736335704, -1.626499314788049544 ) ) ;
#4032 = CARTESIAN_POINT ( 'NONE',  ( 20.00000000000000000, -7.803723475457480241, -3.693151717295236391 ) ) ;
#4033 = CARTESIAN_POINT ( 'NONE',  ( 13.00000000000000178, -3.268209366061821886, -7.885017484777416819 ) ) ;
#4034 = ORIENTED_EDGE ( 'NONE', *, *, #2192, .T. ) ;
#4035 = EDGE_CURVE ( 'NONE', #283, #1895, #813, .T. ) ;
#4036 = CARTESIAN_POINT ( 'NONE',  ( -3.469446951953614189E-15, -6.839518409773001295, -6.203019186482218394 ) ) ;
#4037 = CARTESIAN_POINT ( 'NONE',  ( 20.00000000000000000, -7.951688486432296088, 2.333320861749602404 ) ) ;
#4038 = CARTESIAN_POINT ( 'NONE',  ( 20.00000000000000000, 0.3923409040903210188, -10.00029881779602903 ) ) ;
#4039 = CARTESIAN_POINT ( 'NONE',  ( -8.673617379884035472E-16, 7.983313762654077550, -1.702190156616459227 ) ) ;
#4040 = CARTESIAN_POINT ( 'NONE',  ( 0.000000000000000000, -7.991293894040946810, 1.198537620874796428 ) ) ;
#4041 = CARTESIAN_POINT ( 'NONE',  ( 12.99999999999999467, 5.407386844007898041, 2.853186705097733089 ) ) ;
#4042 = CARTESIAN_POINT ( 'NONE',  ( 6.500000000000000888, -3.986703890518010329, 7.750075611721620739 ) ) ;
#4043 = CARTESIAN_POINT ( 'NONE',  ( 13.42074368738218837, -8.500000000000033751, -0.9499999999998013367 ) ) ;
#4044 = CARTESIAN_POINT ( 'NONE',  ( 20.00000000000000000, 4.263402913510598857, 9.744407353999122279 ) ) ;
#4045 = ORIENTED_EDGE ( 'NONE', *, *, #2231, .F. ) ;
#4046 = CARTESIAN_POINT ( 'NONE',  ( 20.00000000000000000, -2.657066463029922332, 7.942065616298222608 ) ) ;
#4047 = CARTESIAN_POINT ( 'NONE',  ( 10.99999999999999467, -2.696765832665898088, -7.931396241038632056 ) ) ;
#4048 = CARTESIAN_POINT ( 'NONE',  ( 6.500000000000000888, 7.659307731806791253, 4.388453230966709917 ) ) ;
#4049 = CARTESIAN_POINT ( 'NONE',  ( 0.000000000000000000, 7.256833203547858879, -8.528140683637893460 ) ) ;
#4050 = EDGE_CURVE ( 'NONE', #146, #2542, #3498, .T. ) ;
#4051 = CARTESIAN_POINT ( 'NONE',  ( 13.42074368738218837, -0.9500000000001148637, -6.999999999999920064 ) ) ;
#4052 = CARTESIAN_POINT ( 'NONE',  ( 13.00000000000000178, 7.999048912134683498, 0.6768666228593294143 ) ) ;
#4053 = CARTESIAN_POINT ( 'NONE',  ( 20.00000000000000000, -7.101159965809542562, -5.820499722137316034 ) ) ;
#4054 = CARTESIAN_POINT ( 'NONE',  ( 6.500000000000000888, 5.059279089555468803E-13, -8.499999564942138264 ) ) ;
#4055 = ORIENTED_EDGE ( 'NONE', *, *, #2002, .T. ) ;
#4056 = CARTESIAN_POINT ( 'NONE',  ( -3.469446951953614189E-15, -4.916762245066340853, -7.521274650040950860 ) ) ;
#4057 = CARTESIAN_POINT ( 'NONE',  ( 13.00000000000000178, -7.974848337781192953, 1.862506083702128334 ) ) ;
#4058 = CARTESIAN_POINT ( 'NONE',  ( -3.469446951953614189E-15, -7.991293894040955692, -1.198537620874698062 ) ) ;
#4059 = CARTESIAN_POINT ( 'NONE',  ( -8.673617379884035472E-16, 7.932685630013931899, -2.645739012952588176 ) ) ;
#4060 = CARTESIAN_POINT ( 'NONE',  ( 0.000000000000000000, -2.657066463029922332, 7.942065616298222608 ) ) ;
#4061 = CARTESIAN_POINT ( 'NONE',  ( 12.99999999999999467, 2.841865705817353760, 5.408720727106946846 ) ) ;
#4062 = AXIS2_PLACEMENT_3D ( 'NONE', #3804, #2235, #2607 ) ;
#4063 = CARTESIAN_POINT ( 'NONE',  ( 6.500000000000000888, 2.073275153093287582, 8.498808627325306730 ) ) ;
#4064 = CARTESIAN_POINT ( 'NONE',  ( 20.00000000000000000, 2.203757848894326354, 9.983457728216011517 ) ) ;
#4065 = ORIENTED_EDGE ( 'NONE', *, *, #3321, .F. ) ;
#4066 = CARTESIAN_POINT ( 'NONE',  ( 11.00000000000000000, 2.328486977431122096, -7.955431167196429065 ) ) ;
#4067 = CARTESIAN_POINT ( 'NONE',  ( 5.000000000000000000, 7.983313762654077550, -1.702190156616459227 ) ) ;
#4068 = CARTESIAN_POINT ( 'NONE',  ( 13.00000000000000000, -3.986703930148678854, -7.750075612333780839 ) ) ;
#4069 = LINE ( 'NONE', #633, #1516 ) ;
#4070 = CARTESIAN_POINT ( 'NONE',  ( 0.000000000000000000, -7.361714456440171084, -5.257907453389651486 ) ) ;
#4071 = CARTESIAN_POINT ( 'NONE',  ( 4.999999999999999112, -1.313793427162379457, -7.993584671373881179 ) ) ;
#4072 = ORIENTED_EDGE ( 'NONE', *, *, #592, .T. ) ;
#4073 = LINE ( 'NONE', #3108, #3546 ) ;
#4074 = FACE_OUTER_BOUND ( 'NONE', #1080, .T. ) ;
#4075 = CARTESIAN_POINT ( 'NONE',  ( 20.00000000000000000, 9.444615931807820886, -5.422764466181368981 ) ) ;
#4076 = CARTESIAN_POINT ( 'NONE',  ( -8.673617379884035472E-16, 1.314854083768207893, -7.993626276589456126 ) ) ;
#4077 = DIRECTION ( 'NONE',  ( -1.000000000000000000, 0.000000000000000000, 0.000000000000000000 ) ) ;
#4078 = EDGE_CURVE ( 'NONE', #174, #411, #2185, .T. ) ;
#4079 = VECTOR ( 'NONE', #3996, 1000.000000000000000 ) ;
#4080 = ADVANCED_FACE ( 'NONE', ( #281 ), #1893, .F. ) ;
#4081 = CARTESIAN_POINT ( 'NONE',  ( 13.00000000000000178, -7.988495504997550789, -1.370157565731070060 ) ) ;
#4082 = VERTEX_POINT ( 'NONE', #2827 ) ;
#4083 = CARTESIAN_POINT ( 'NONE',  ( 10.99999999999999822, 7.971283241465117797, -2.008511476155156572 ) ) ;
#4084 = CARTESIAN_POINT ( 'NONE',  ( 4.999999999999999112, -2.073275153092998924, 8.498808627325365350 ) ) ;
#4085 = CARTESIAN_POINT ( 'NONE',  ( 5.000000000000000000, -54.99999999999965894, 7.750075612333781727 ) ) ;
#4086 = CARTESIAN_POINT ( 'NONE',  ( 2.000000000000001776, -7.916449367694571748, -2.802433418976642443 ) ) ;
#4087 = CARTESIAN_POINT ( 'NONE',  ( 0.000000000000000000, -7.916449367694571748, -2.802433418976642443 ) ) ;
#4088 = CARTESIAN_POINT ( 'NONE',  ( 6.500000000000001776, 7.954734997325215495, 2.333320861749619279 ) ) ;
#4089 = VERTEX_POINT ( 'NONE', #898 ) ;
#4090 = CARTESIAN_POINT ( 'NONE',  ( 0.000000000000000000, 8.517584496679393880, 7.271227662708128925 ) ) ;
#4091 = CARTESIAN_POINT ( 'NONE',  ( 18.00000000000000355, -7.996953489107073487, 5.437054339571344614E-14 ) ) ;
#4092 = CARTESIAN_POINT ( 'NONE',  ( 5.000000000000000888, -7.916449367694571748, -2.802433418976642443 ) ) ;
#4093 = CARTESIAN_POINT ( 'NONE',  ( 2.000000000000002220, -0.9500000000001174172, -7.750075612333780839 ) ) ;
#4094 = DIRECTION ( 'NONE',  ( -1.000000000000000000, 0.000000000000000000, 0.000000000000000000 ) ) ;
#4095 = VECTOR ( 'NONE', #462, 1000.000000000000000 ) ;
#4096 = B_SPLINE_SURFACE_WITH_KNOTS ( 'NONE', 3, 1, ( 
 ( #3333, #3912 ),
 ( #3046, #2717 ),
 ( #1098, #1392 ),
 ( #478, #2099 ),
 ( #168, #3003 ),
 ( #2033, #2631 ),
 ( #3977, #1374 ),
 ( #1120, #3621 ) ),
 .UNSPECIFIED., .F., .F., .F.,
 ( 4, 2, 2, 4 ),
 ( 2, 2 ),
 ( 0.05767502236817423356, 0.1250000000000000278, 0.2500000000000000555, 0.2613966955147224436 ),
 ( 0.000000000000000000, 1.000000000000000000 ),
 .UNSPECIFIED. ) ;
ENDSEC;
END-ISO-10303-21;
